source_condition_id,source_condition_role,pseudo_training_condition_ids,pseudo_training_condition_count,prefix_checkups,target_checkup_index,prefix_end_days,elapsed_days,forecast_horizon_days,true_capacity_retention_pct,raw_activation_predicted_retention_pct,retention_residual_pp,source_model_state_sha256,source_residual_state_sha256
NAUMANN_CAL_T0_SOC50,training,NAUMANN_CAL_T10_SOC50;NAUMANN_CAL_T25_SOC0;NAUMANN_CAL_T25_SOC100;NAUMANN_CAL_T60_SOC0;NAUMANN_CAL_T60_SOC50;NAUMANN_CAL_T60_SOC100,6,10,10,136.94583333333333,161.36250000000001,24.416666666666686,99.136893724755666,99.083772309803493,0.053121414952173041,70e57b9717d277d1c7936be2187a621d78e9eab78939d1bf26244a60f82c4cd5,5dd943206c21219b1d2d55536094808943133ac720e545a80731cdb901434784
NAUMANN_CAL_T0_SOC50,training,NAUMANN_CAL_T10_SOC50;NAUMANN_CAL_T25_SOC0;NAUMANN_CAL_T25_SOC100;NAUMANN_CAL_T60_SOC0;NAUMANN_CAL_T60_SOC50;NAUMANN_CAL_T60_SOC100,6,10,11,136.94583333333333,186.79166666666663,49.845833333333303,99.048733079479916,99.010819139843548,0.037913939636368355,70e57b9717d277d1c7936be2187a621d78e9eab78939d1bf26244a60f82c4cd5,5dd943206c21219b1d2d55536094808943133ac720e545a80731cdb901434784
NAUMANN_CAL_T0_SOC50,training,NAUMANN_CAL_T10_SOC50;NAUMANN_CAL_T25_SOC0;NAUMANN_CAL_T25_SOC100;NAUMANN_CAL_T60_SOC0;NAUMANN_CAL_T60_SOC50;NAUMANN_CAL_T60_SOC100,6,10,12,136.94583333333333,213.27500000000001,76.32916666666668,98.989255845728167,98.940456532664271,0.048799313063895511,70e57b9717d277d1c7936be2187a621d78e9eab78939d1bf26244a60f82c4cd5,5dd943206c21219b1d2d55536094808943133ac720e545a80731cdb901434784
NAUMANN_CAL_T0_SOC50,training,NAUMANN_CAL_T10_SOC50;NAUMANN_CAL_T25_SOC0;NAUMANN_CAL_T25_SOC100;NAUMANN_CAL_T60_SOC0;NAUMANN_CAL_T60_SOC50;NAUMANN_CAL_T60_SOC100,6,10,13,136.94583333333333,239.71250000000001,102.76666666666668,98.90917649350574,98.874875485637475,0.034301007868265287,70e57b9717d277d1c7936be2187a621d78e9eab78939d1bf26244a60f82c4cd5,5dd943206c21219b1d2d55536094808943133ac720e545a80731cdb901434784
NAUMANN_CAL_T0_SOC50,training,NAUMANN_CAL_T10_SOC50;NAUMANN_CAL_T25_SOC0;NAUMANN_CAL_T25_SOC100;NAUMANN_CAL_T60_SOC0;NAUMANN_CAL_T60_SOC50;NAUMANN_CAL_T60_SOC100,6,10,14,136.94583333333333,266.17083333333329,129.22499999999997,98.81900843080787,98.813126349429766,0.005882081378103976,70e57b9717d277d1c7936be2187a621d78e9eab78939d1bf26244a60f82c4cd5,5dd943206c21219b1d2d55536094808943133ac720e545a80731cdb901434784
NAUMANN_CAL_T0_SOC50,training,NAUMANN_CAL_T10_SOC50;NAUMANN_CAL_T25_SOC0;NAUMANN_CAL_T25_SOC100;NAUMANN_CAL_T60_SOC0;NAUMANN_CAL_T60_SOC50;NAUMANN_CAL_T60_SOC100,6,10,15,136.94583333333333,292.77916666666664,155.83333333333331,98.785649923615921,98.754354623776237,0.031295299839683821,70e57b9717d277d1c7936be2187a621d78e9eab78939d1bf26244a60f82c4cd5,5dd943206c21219b1d2d55536094808943133ac720e545a80731cdb901434784
NAUMANN_CAL_T0_SOC50,training,NAUMANN_CAL_T10_SOC50;NAUMANN_CAL_T25_SOC0;NAUMANN_CAL_T25_SOC100;NAUMANN_CAL_T60_SOC0;NAUMANN_CAL_T60_SOC50;NAUMANN_CAL_T60_SOC100,6,10,16,136.94583333333333,319.30833333333334,182.36250000000001,98.729577492498848,98.698622907830043,0.030954584668805296,70e57b9717d277d1c7936be2187a621d78e9eab78939d1bf26244a60f82c4cd5,5dd943206c21219b1d2d55536094808943133ac720e545a80731cdb901434784
NAUMANN_CAL_T0_SOC50,training,NAUMANN_CAL_T10_SOC50;NAUMANN_CAL_T25_SOC0;NAUMANN_CAL_T25_SOC100;NAUMANN_CAL_T60_SOC0;NAUMANN_CAL_T60_SOC50;NAUMANN_CAL_T60_SOC100,6,10,17,136.94583333333333,345.83749999999998,208.89166666666665,98.689621723973261,98.645390414513912,0.044231309459348722,70e57b9717d277d1c7936be2187a621d78e9eab78939d1bf26244a60f82c4cd5,5dd943206c21219b1d2d55536094808943133ac720e545a80731cdb901434784
NAUMANN_CAL_T0_SOC50,training,NAUMANN_CAL_T10_SOC50;NAUMANN_CAL_T25_SOC0;NAUMANN_CAL_T25_SOC100;NAUMANN_CAL_T60_SOC0;NAUMANN_CAL_T60_SOC50;NAUMANN_CAL_T60_SOC100,6,10,18,136.94583333333333,376.31666666666666,239.37083333333334,98.462642452339679,98.58694161946292,-0.1242991671232403,70e57b9717d277d1c7936be2187a621d78e9eab78939d1bf26244a60f82c4cd5,5dd943206c21219b1d2d55536094808943133ac720e545a80731cdb901434784
NAUMANN_CAL_T0_SOC50,training,NAUMANN_CAL_T10_SOC50;NAUMANN_CAL_T25_SOC0;NAUMANN_CAL_T25_SOC100;NAUMANN_CAL_T60_SOC0;NAUMANN_CAL_T60_SOC50;NAUMANN_CAL_T60_SOC100,6,10,19,136.94583333333333,402.74166666666662,265.79583333333329,98.489649015709389,98.538347369909118,-0.04869835419972901,70e57b9717d277d1c7936be2187a621d78e9eab78939d1bf26244a60f82c4cd5,5dd943206c21219b1d2d55536094808943133ac720e545a80731cdb901434784
NAUMANN_CAL_T0_SOC50,training,NAUMANN_CAL_T10_SOC50;NAUMANN_CAL_T25_SOC0;NAUMANN_CAL_T25_SOC100;NAUMANN_CAL_T60_SOC0;NAUMANN_CAL_T60_SOC50;NAUMANN_CAL_T60_SOC100,6,10,20,136.94583333333333,429.25,292.30416666666667,98.454674479004524,98.491336129881731,-0.036661650877206853,70e57b9717d277d1c7936be2187a621d78e9eab78939d1bf26244a60f82c4cd5,5dd943206c21219b1d2d55536094808943133ac720e545a80731cdb901434784
NAUMANN_CAL_T0_SOC50,training,NAUMANN_CAL_T10_SOC50;NAUMANN_CAL_T25_SOC0;NAUMANN_CAL_T25_SOC100;NAUMANN_CAL_T60_SOC0;NAUMANN_CAL_T60_SOC50;NAUMANN_CAL_T60_SOC100,6,10,21,136.94583333333333,455.79166666666663,318.8458333333333,98.387482413776127,98.44584383624823,-0.058361422472103186,70e57b9717d277d1c7936be2187a621d78e9eab78939d1bf26244a60f82c4cd5,5dd943206c21219b1d2d55536094808943133ac720e545a80731cdb901434784
NAUMANN_CAL_T0_SOC50,training,NAUMANN_CAL_T10_SOC50;NAUMANN_CAL_T25_SOC0;NAUMANN_CAL_T25_SOC100;NAUMANN_CAL_T60_SOC0;NAUMANN_CAL_T60_SOC50;NAUMANN_CAL_T60_SOC100,6,10,22,136.94583333333333,482.29166666666663,345.3458333333333,98.34554179168984,98.401858202551352,-0.056316410861512622,70e57b9717d277d1c7936be2187a621d78e9eab78939d1bf26244a60f82c4cd5,5dd943206c21219b1d2d55536094808943133ac720e545a80731cdb901434784
NAUMANN_CAL_T0_SOC50,training,NAUMANN_CAL_T10_SOC50;NAUMANN_CAL_T25_SOC0;NAUMANN_CAL_T25_SOC100;NAUMANN_CAL_T60_SOC0;NAUMANN_CAL_T60_SOC50;NAUMANN_CAL_T60_SOC100,6,10,23,136.94583333333333,508.79166666666663,371.8458333333333,98.287876413889308,98.359186081399798,-0.071309667510490726,70e57b9717d277d1c7936be2187a621d78e9eab78939d1bf26244a60f82c4cd5,5dd943206c21219b1d2d55536094808943133ac720e545a80731cdb901434784
NAUMANN_CAL_T0_SOC50,training,NAUMANN_CAL_T10_SOC50;NAUMANN_CAL_T25_SOC0;NAUMANN_CAL_T25_SOC100;NAUMANN_CAL_T60_SOC0;NAUMANN_CAL_T60_SOC50;NAUMANN_CAL_T60_SOC100,6,10,24,136.94583333333333,535.16666666666652,398.22083333333319,98.228693319008684,98.317915641577684,-0.089222322569000312,70e57b9717d277d1c7936be2187a621d78e9eab78939d1bf26244a60f82c4cd5,5dd943206c21219b1d2d55536094808943133ac720e545a80731cdb901434784
NAUMANN_CAL_T0_SOC50,training,NAUMANN_CAL_T10_SOC50;NAUMANN_CAL_T25_SOC0;NAUMANN_CAL_T25_SOC100;NAUMANN_CAL_T60_SOC0;NAUMANN_CAL_T60_SOC50;NAUMANN_CAL_T60_SOC100,6,10,25,136.94583333333333,561.70833333333337,424.76250000000005,98.192913406701564,98.277501758424393,-0.084588351722828747,70e57b9717d277d1c7936be2187a621d78e9eab78939d1bf26244a60f82c4cd5,5dd943206c21219b1d2d55536094808943133ac720e545a80731cdb901434784
NAUMANN_CAL_T0_SOC50,training,NAUMANN_CAL_T10_SOC50;NAUMANN_CAL_T25_SOC0;NAUMANN_CAL_T25_SOC100;NAUMANN_CAL_T60_SOC0;NAUMANN_CAL_T60_SOC50;NAUMANN_CAL_T60_SOC100,6,10,26,136.94583333333333,588.29166666666652,451.34583333333319,98.156224783325598,98.238066716777752,-0.081841933452153626,70e57b9717d277d1c7936be2187a621d78e9eab78939d1bf26244a60f82c4cd5,5dd943206c21219b1d2d55536094808943133ac720e545a80731cdb901434784
NAUMANN_CAL_T0_SOC50,training,NAUMANN_CAL_T10_SOC50;NAUMANN_CAL_T25_SOC0;NAUMANN_CAL_T25_SOC100;NAUMANN_CAL_T60_SOC0;NAUMANN_CAL_T60_SOC50;NAUMANN_CAL_T60_SOC100,6,10,27,136.94583333333333,612.29166666666652,475.34583333333319,98.043633249038592,98.203299698958276,-0.15966644991968337,70e57b9717d277d1c7936be2187a621d78e9eab78939d1bf26244a60f82c4cd5,5dd943206c21219b1d2d55536094808943133ac720e545a80731cdb901434784
NAUMANN_CAL_T0_SOC50,training,NAUMANN_CAL_T10_SOC50;NAUMANN_CAL_T25_SOC0;NAUMANN_CAL_T25_SOC100;NAUMANN_CAL_T60_SOC0;NAUMANN_CAL_T60_SOC50;NAUMANN_CAL_T60_SOC100,6,10,28,136.94583333333333,631.16666666666652,494.22083333333319,97.914688190429786,98.176481489479087,-0.26179329904930171,70e57b9717d277d1c7936be2187a621d78e9eab78939d1bf26244a60f82c4cd5,5dd943206c21219b1d2d55536094808943133ac720e545a80731cdb901434784
NAUMANN_CAL_T0_SOC50,training,NAUMANN_CAL_T10_SOC50;NAUMANN_CAL_T25_SOC0;NAUMANN_CAL_T25_SOC100;NAUMANN_CAL_T60_SOC0;NAUMANN_CAL_T60_SOC50;NAUMANN_CAL_T60_SOC100,6,10,29,136.94583333333333,658.79166666666652,521.84583333333319,97.934897243376966,98.138016350255683,-0.20311910687871659,70e57b9717d277d1c7936be2187a621d78e9eab78939d1bf26244a60f82c4cd5,5dd943206c21219b1d2d55536094808943133ac720e545a80731cdb901434784
NAUMANN_CAL_T0_SOC50,training,NAUMANN_CAL_T10_SOC50;NAUMANN_CAL_T25_SOC0;NAUMANN_CAL_T25_SOC100;NAUMANN_CAL_T60_SOC0;NAUMANN_CAL_T60_SOC50;NAUMANN_CAL_T60_SOC100,6,10,30,136.94583333333333,708.375,571.42916666666667,97.892796208849205,98.071146085461365,-0.17834987661215962,70e57b9717d277d1c7936be2187a621d78e9eab78939d1bf26244a60f82c4cd5,5dd943206c21219b1d2d55536094808943133ac720e545a80731cdb901434784
NAUMANN_CAL_T0_SOC50,training,NAUMANN_CAL_T10_SOC50;NAUMANN_CAL_T25_SOC0;NAUMANN_CAL_T25_SOC100;NAUMANN_CAL_T60_SOC0;NAUMANN_CAL_T60_SOC50;NAUMANN_CAL_T60_SOC100,6,10,31,136.94583333333333,759.95833333333326,623.01249999999993,97.818625099286365,98.004264553064559,-0.1856394537781938,70e57b9717d277d1c7936be2187a621d78e9eab78939d1bf26244a60f82c4cd5,5dd943206c21219b1d2d55536094808943133ac720e545a80731cdb901434784
NAUMANN_CAL_T0_SOC50,training,NAUMANN_CAL_T10_SOC50;NAUMANN_CAL_T25_SOC0;NAUMANN_CAL_T25_SOC100;NAUMANN_CAL_T60_SOC0;NAUMANN_CAL_T60_SOC50;NAUMANN_CAL_T60_SOC100,6,10,32,136.94583333333333,799.58333333333326,662.63749999999993,97.778411181839004,97.954571242812236,-0.17616006097323123,70e57b9717d277d1c7936be2187a621d78e9eab78939d1bf26244a60f82c4cd5,5dd943206c21219b1d2d55536094808943133ac720e545a80731cdb901434784
NAUMANN_CAL_T0_SOC50,training,NAUMANN_CAL_T10_SOC50;NAUMANN_CAL_T25_SOC0;NAUMANN_CAL_T25_SOC100;NAUMANN_CAL_T60_SOC0;NAUMANN_CAL_T60_SOC50;NAUMANN_CAL_T60_SOC100,6,10,33,136.94583333333333,840.125,703.17916666666667,97.371889214854662,97.905114656480663,-0.53322544162600138,70e57b9717d277d1c7936be2187a621d78e9eab78939d1bf26244a60f82c4cd5,5dd943206c21219b1d2d55536094808943133ac720e545a80731cdb901434784
NAUMANN_CAL_T0_SOC50,training,NAUMANN_CAL_T10_SOC50;NAUMANN_CAL_T25_SOC0;NAUMANN_CAL_T25_SOC100;NAUMANN_CAL_T60_SOC0;NAUMANN_CAL_T60_SOC50;NAUMANN_CAL_T60_SOC100,6,10,34,136.94583333333333,885.04166666666652,748.09583333333319,97.235264460257468,97.851834239639942,-0.61656977938247337,70e57b9717d277d1c7936be2187a621d78e9eab78939d1bf26244a60f82c4cd5,5dd943206c21219b1d2d55536094808943133ac720e545a80731cdb901434784
NAUMANN_CAL_T10_SOC50,training,NAUMANN_CAL_T0_SOC50;NAUMANN_CAL_T25_SOC0;NAUMANN_CAL_T25_SOC100;NAUMANN_CAL_T60_SOC0;NAUMANN_CAL_T60_SOC50;NAUMANN_CAL_T60_SOC100,6,10,10,136.94583333333333,161.36250000000001,24.416666666666686,98.813769687286964,98.770273455373072,0.043496231913891847,37f84b2ca8eeb2cc26c1486372ded101ce77bc790bba906d5ae9a67c76d9e4cb,294257ed608c5f0cfc035b5e2dc75e5938ac6496ae53b6c0ad389e614998c24b
NAUMANN_CAL_T10_SOC50,training,NAUMANN_CAL_T0_SOC50;NAUMANN_CAL_T25_SOC0;NAUMANN_CAL_T25_SOC100;NAUMANN_CAL_T60_SOC0;NAUMANN_CAL_T60_SOC50;NAUMANN_CAL_T60_SOC100,6,10,11,136.94583333333333,186.79166666666663,49.845833333333303,98.703301661143612,98.678999956671532,0.024301704472080132,37f84b2ca8eeb2cc26c1486372ded101ce77bc790bba906d5ae9a67c76d9e4cb,294257ed608c5f0cfc035b5e2dc75e5938ac6496ae53b6c0ad389e614998c24b
NAUMANN_CAL_T10_SOC50,training,NAUMANN_CAL_T0_SOC50;NAUMANN_CAL_T25_SOC0;NAUMANN_CAL_T25_SOC100;NAUMANN_CAL_T60_SOC0;NAUMANN_CAL_T60_SOC50;NAUMANN_CAL_T60_SOC100,6,10,12,136.94583333333333,213.27500000000001,76.32916666666668,98.621313086194363,98.590995105070135,0.030317981124227344,37f84b2ca8eeb2cc26c1486372ded101ce77bc790bba906d5ae9a67c76d9e4cb,294257ed608c5f0cfc035b5e2dc75e5938ac6496ae53b6c0ad389e614998c24b
NAUMANN_CAL_T10_SOC50,training,NAUMANN_CAL_T0_SOC50;NAUMANN_CAL_T25_SOC0;NAUMANN_CAL_T25_SOC100;NAUMANN_CAL_T60_SOC0;NAUMANN_CAL_T60_SOC50;NAUMANN_CAL_T60_SOC100,6,10,13,136.94583333333333,239.71250000000001,102.76666666666668,98.530111473929125,98.508993646941803,0.021117826987321564,37f84b2ca8eeb2cc26c1486372ded101ce77bc790bba906d5ae9a67c76d9e4cb,294257ed608c5f0cfc035b5e2dc75e5938ac6496ae53b6c0ad389e614998c24b
NAUMANN_CAL_T10_SOC50,training,NAUMANN_CAL_T0_SOC50;NAUMANN_CAL_T25_SOC0;NAUMANN_CAL_T25_SOC100;NAUMANN_CAL_T60_SOC0;NAUMANN_CAL_T60_SOC50;NAUMANN_CAL_T60_SOC100,6,10,14,136.94583333333333,266.17083333333329,129.22499999999997,98.394970416949946,98.431802729140699,-0.036832312190753669,37f84b2ca8eeb2cc26c1486372ded101ce77bc790bba906d5ae9a67c76d9e4cb,294257ed608c5f0cfc035b5e2dc75e5938ac6496ae53b6c0ad389e614998c24b
NAUMANN_CAL_T10_SOC50,training,NAUMANN_CAL_T0_SOC50;NAUMANN_CAL_T25_SOC0;NAUMANN_CAL_T25_SOC100;NAUMANN_CAL_T60_SOC0;NAUMANN_CAL_T60_SOC50;NAUMANN_CAL_T60_SOC100,6,10,15,136.94583333333333,292.77916666666664,155.83333333333331,98.365681927265086,98.35835027015537,0.0073316571097166161,37f84b2ca8eeb2cc26c1486372ded101ce77bc790bba906d5ae9a67c76d9e4cb,294257ed608c5f0cfc035b5e2dc75e5938ac6496ae53b6c0ad389e614998c24b
NAUMANN_CAL_T10_SOC50,training,NAUMANN_CAL_T0_SOC50;NAUMANN_CAL_T25_SOC0;NAUMANN_CAL_T25_SOC100;NAUMANN_CAL_T60_SOC0;NAUMANN_CAL_T60_SOC50;NAUMANN_CAL_T60_SOC100,6,10,16,136.94583333333333,319.30833333333334,182.36250000000001,98.296128965300781,98.288711413257388,0.0074175520433925612,37f84b2ca8eeb2cc26c1486372ded101ce77bc790bba906d5ae9a67c76d9e4cb,294257ed608c5f0cfc035b5e2dc75e5938ac6496ae53b6c0ad389e614998c24b
NAUMANN_CAL_T10_SOC50,training,NAUMANN_CAL_T0_SOC50;NAUMANN_CAL_T25_SOC0;NAUMANN_CAL_T25_SOC100;NAUMANN_CAL_T60_SOC0;NAUMANN_CAL_T60_SOC50;NAUMANN_CAL_T60_SOC100,6,10,17,136.94583333333333,345.83749999999998,208.89166666666665,98.262976760899761,98.22220785613078,0.040768904768981429,37f84b2ca8eeb2cc26c1486372ded101ce77bc790bba906d5ae9a67c76d9e4cb,294257ed608c5f0cfc035b5e2dc75e5938ac6496ae53b6c0ad389e614998c24b
NAUMANN_CAL_T10_SOC50,training,NAUMANN_CAL_T0_SOC50;NAUMANN_CAL_T25_SOC0;NAUMANN_CAL_T25_SOC100;NAUMANN_CAL_T60_SOC0;NAUMANN_CAL_T60_SOC50;NAUMANN_CAL_T60_SOC100,6,10,18,136.94583333333333,376.31666666666666,239.37083333333334,98.055627818074598,98.149201021673377,-0.093573203598779742,37f84b2ca8eeb2cc26c1486372ded101ce77bc790bba906d5ae9a67c76d9e4cb,294257ed608c5f0cfc035b5e2dc75e5938ac6496ae53b6c0ad389e614998c24b
NAUMANN_CAL_T10_SOC50,training,NAUMANN_CAL_T0_SOC50;NAUMANN_CAL_T25_SOC0;NAUMANN_CAL_T25_SOC100;NAUMANN_CAL_T60_SOC0;NAUMANN_CAL_T60_SOC50;NAUMANN_CAL_T60_SOC100,6,10,19,136.94583333333333,402.74166666666662,265.79583333333329,98.035777662880761,98.088513602631963,-0.052735939751201499,37f84b2ca8eeb2cc26c1486372ded101ce77bc790bba906d5ae9a67c76d9e4cb,294257ed608c5f0cfc035b5e2dc75e5938ac6496ae53b6c0ad389e614998c24b
NAUMANN_CAL_T10_SOC50,training,NAUMANN_CAL_T0_SOC50;NAUMANN_CAL_T25_SOC0;NAUMANN_CAL_T25_SOC100;NAUMANN_CAL_T60_SOC0;NAUMANN_CAL_T60_SOC50;NAUMANN_CAL_T60_SOC100,6,10,20,136.94583333333333,429.25,292.30416666666667,97.983309172603924,98.029811811145805,-0.04650263854188097,37f84b2ca8eeb2cc26c1486372ded101ce77bc790bba906d5ae9a67c76d9e4cb,294257ed608c5f0cfc035b5e2dc75e5938ac6496ae53b6c0ad389e614998c24b
NAUMANN_CAL_T10_SOC50,training,NAUMANN_CAL_T0_SOC50;NAUMANN_CAL_T25_SOC0;NAUMANN_CAL_T25_SOC100;NAUMANN_CAL_T60_SOC0;NAUMANN_CAL_T60_SOC50;NAUMANN_CAL_T60_SOC100,6,10,21,136.94583333333333,455.79166666666663,318.8458333333333,97.934115624747363,97.973014578562669,-0.038898953815305504,37f84b2ca8eeb2cc26c1486372ded101ce77bc790bba906d5ae9a67c76d9e4cb,294257ed608c5f0cfc035b5e2dc75e5938ac6496ae53b6c0ad389e614998c24b
NAUMANN_CAL_T10_SOC50,training,NAUMANN_CAL_T0_SOC50;NAUMANN_CAL_T25_SOC0;NAUMANN_CAL_T25_SOC100;NAUMANN_CAL_T60_SOC0;NAUMANN_CAL_T60_SOC50;NAUMANN_CAL_T60_SOC100,6,10,22,136.94583333333333,482.29166666666663,345.3458333333333,97.871527309831819,97.918105594151257,-0.046578284319437557,37f84b2ca8eeb2cc26c1486372ded101ce77bc790bba906d5ae9a67c76d9e4cb,294257ed608c5f0cfc035b5e2dc75e5938ac6496ae53b6c0ad389e614998c24b
NAUMANN_CAL_T10_SOC50,training,NAUMANN_CAL_T0_SOC50;NAUMANN_CAL_T25_SOC0;NAUMANN_CAL_T25_SOC100;NAUMANN_CAL_T60_SOC0;NAUMANN_CAL_T60_SOC50;NAUMANN_CAL_T60_SOC100,6,10,23,136.94583333333333,508.79166666666663,371.8458333333333,97.820727643017676,97.86484289453233,-0.044115251514654119,37f84b2ca8eeb2cc26c1486372ded101ce77bc790bba906d5ae9a67c76d9e4cb,294257ed608c5f0cfc035b5e2dc75e5938ac6496ae53b6c0ad389e614998c24b
NAUMANN_CAL_T10_SOC50,training,NAUMANN_CAL_T0_SOC50;NAUMANN_CAL_T25_SOC0;NAUMANN_CAL_T25_SOC100;NAUMANN_CAL_T60_SOC0;NAUMANN_CAL_T60_SOC50;NAUMANN_CAL_T60_SOC100,6,10,24,136.94583333333333,535.16666666666652,398.22083333333319,97.753305968901046,97.813335766191045,-0.060029797289999465,37f84b2ca8eeb2cc26c1486372ded101ce77bc790bba906d5ae9a67c76d9e4cb,294257ed608c5f0cfc035b5e2dc75e5938ac6496ae53b6c0ad389e614998c24b
NAUMANN_CAL_T10_SOC50,training,NAUMANN_CAL_T0_SOC50;NAUMANN_CAL_T25_SOC0;NAUMANN_CAL_T25_SOC100;NAUMANN_CAL_T60_SOC0;NAUMANN_CAL_T60_SOC50;NAUMANN_CAL_T60_SOC100,6,10,25,136.94583333333333,561.70833333333337,424.76250000000005,97.701552757010404,97.762903254945755,-0.061350497935350745,37f84b2ca8eeb2cc26c1486372ded101ce77bc790bba906d5ae9a67c76d9e4cb,294257ed608c5f0cfc035b5e2dc75e5938ac6496ae53b6c0ad389e614998c24b
NAUMANN_CAL_T10_SOC50,training,NAUMANN_CAL_T0_SOC50;NAUMANN_CAL_T25_SOC0;NAUMANN_CAL_T25_SOC100;NAUMANN_CAL_T60_SOC0;NAUMANN_CAL_T60_SOC50;NAUMANN_CAL_T60_SOC100,6,10,26,136.94583333333333,588.29166666666652,451.34583333333319,97.638304985384167,97.713697467709224,-0.075392482325057131,37f84b2ca8eeb2cc26c1486372ded101ce77bc790bba906d5ae9a67c76d9e4cb,294257ed608c5f0cfc035b5e2dc75e5938ac6496ae53b6c0ad389e614998c24b
NAUMANN_CAL_T10_SOC50,training,NAUMANN_CAL_T0_SOC50;NAUMANN_CAL_T25_SOC0;NAUMANN_CAL_T25_SOC100;NAUMANN_CAL_T60_SOC0;NAUMANN_CAL_T60_SOC50;NAUMANN_CAL_T60_SOC100,6,10,27,136.94583333333333,612.29166666666652,475.34583333333319,97.549714599278332,97.670320488421197,-0.12060588914286541,37f84b2ca8eeb2cc26c1486372ded101ce77bc790bba906d5ae9a67c76d9e4cb,294257ed608c5f0cfc035b5e2dc75e5938ac6496ae53b6c0ad389e614998c24b
NAUMANN_CAL_T10_SOC50,training,NAUMANN_CAL_T0_SOC50;NAUMANN_CAL_T25_SOC0;NAUMANN_CAL_T25_SOC100;NAUMANN_CAL_T60_SOC0;NAUMANN_CAL_T60_SOC50;NAUMANN_CAL_T60_SOC100,6,10,28,136.94583333333333,631.16666666666652,494.22083333333319,97.417931365153933,97.636863459330954,-0.21893209417702053,37f84b2ca8eeb2cc26c1486372ded101ce77bc790bba906d5ae9a67c76d9e4cb,294257ed608c5f0cfc035b5e2dc75e5938ac6496ae53b6c0ad389e614998c24b
NAUMANN_CAL_T10_SOC50,training,NAUMANN_CAL_T0_SOC50;NAUMANN_CAL_T25_SOC0;NAUMANN_CAL_T25_SOC100;NAUMANN_CAL_T60_SOC0;NAUMANN_CAL_T60_SOC50;NAUMANN_CAL_T60_SOC100,6,10,29,136.94583333333333,658.79166666666652,521.84583333333319,97.412428880154962,97.58888026170068,-0.17645138154571782,37f84b2ca8eeb2cc26c1486372ded101ce77bc790bba906d5ae9a67c76d9e4cb,294257ed608c5f0cfc035b5e2dc75e5938ac6496ae53b6c0ad389e614998c24b
NAUMANN_CAL_T10_SOC50,training,NAUMANN_CAL_T0_SOC50;NAUMANN_CAL_T25_SOC0;NAUMANN_CAL_T25_SOC100;NAUMANN_CAL_T60_SOC0;NAUMANN_CAL_T60_SOC50;NAUMANN_CAL_T60_SOC100,6,10,30,136.94583333333333,708.375,571.42916666666667,97.346623144212487,97.5054740230634,-0.15885087885091309,37f84b2ca8eeb2cc26c1486372ded101ce77bc790bba906d5ae9a67c76d9e4cb,294257ed608c5f0cfc035b5e2dc75e5938ac6496ae53b6c0ad389e614998c24b
NAUMANN_CAL_T10_SOC50,training,NAUMANN_CAL_T0_SOC50;NAUMANN_CAL_T25_SOC0;NAUMANN_CAL_T25_SOC100;NAUMANN_CAL_T60_SOC0;NAUMANN_CAL_T60_SOC50;NAUMANN_CAL_T60_SOC100,6,10,31,136.94583333333333,759.95833333333326,623.01249999999993,97.281944144559716,97.422067104299131,-0.14012295973941491,37f84b2ca8eeb2cc26c1486372ded101ce77bc790bba906d5ae9a67c76d9e4cb,294257ed608c5f0cfc035b5e2dc75e5938ac6496ae53b6c0ad389e614998c24b
NAUMANN_CAL_T10_SOC50,training,NAUMANN_CAL_T0_SOC50;NAUMANN_CAL_T25_SOC0;NAUMANN_CAL_T25_SOC100;NAUMANN_CAL_T60_SOC0;NAUMANN_CAL_T60_SOC50;NAUMANN_CAL_T60_SOC100,6,10,32,136.94583333333333,799.58333333333326,662.63749999999993,97.214248080977981,97.360103762633003,-0.14585568165502139,37f84b2ca8eeb2cc26c1486372ded101ce77bc790bba906d5ae9a67c76d9e4cb,294257ed608c5f0cfc035b5e2dc75e5938ac6496ae53b6c0ad389e614998c24b
NAUMANN_CAL_T10_SOC50,training,NAUMANN_CAL_T0_SOC50;NAUMANN_CAL_T25_SOC0;NAUMANN_CAL_T25_SOC100;NAUMANN_CAL_T60_SOC0;NAUMANN_CAL_T60_SOC50;NAUMANN_CAL_T60_SOC100,6,10,33,136.94583333333333,840.125,703.17916666666667,97.130232830184767,97.298442536722177,-0.16820970653741085,37f84b2ca8eeb2cc26c1486372ded101ce77bc790bba906d5ae9a67c76d9e4cb,294257ed608c5f0cfc035b5e2dc75e5938ac6496ae53b6c0ad389e614998c24b
NAUMANN_CAL_T10_SOC50,training,NAUMANN_CAL_T0_SOC50;NAUMANN_CAL_T25_SOC0;NAUMANN_CAL_T25_SOC100;NAUMANN_CAL_T60_SOC0;NAUMANN_CAL_T60_SOC50;NAUMANN_CAL_T60_SOC100,6,10,34,136.94583333333333,885.04166666666652,748.09583333333319,96.961247700532525,97.232021428153857,-0.27077372762133223,37f84b2ca8eeb2cc26c1486372ded101ce77bc790bba906d5ae9a67c76d9e4cb,294257ed608c5f0cfc035b5e2dc75e5938ac6496ae53b6c0ad389e614998c24b
NAUMANN_CAL_T25_SOC0,training,NAUMANN_CAL_T0_SOC50;NAUMANN_CAL_T10_SOC50;NAUMANN_CAL_T25_SOC100;NAUMANN_CAL_T60_SOC0;NAUMANN_CAL_T60_SOC50;NAUMANN_CAL_T60_SOC100,6,10,10,136.94583333333333,161.36250000000001,24.416666666666686,99.428336855965114,99.441198414766646,-0.012861558801532169,f0a0f06b863ff6fcfe37b952d785b7eb74a2408c3c32e6a88ade9cee606607c1,1959b0254d6fa58234ea49d30806049bc1f0ca6a9349458fe678599a1bb2ba50
NAUMANN_CAL_T25_SOC0,training,NAUMANN_CAL_T0_SOC50;NAUMANN_CAL_T10_SOC50;NAUMANN_CAL_T25_SOC100;NAUMANN_CAL_T60_SOC0;NAUMANN_CAL_T60_SOC50;NAUMANN_CAL_T60_SOC100,6,10,11,136.94583333333333,186.79166666666663,49.845833333333303,99.342927737413092,99.374024995877136,-0.031097258464043875,f0a0f06b863ff6fcfe37b952d785b7eb74a2408c3c32e6a88ade9cee606607c1,1959b0254d6fa58234ea49d30806049bc1f0ca6a9349458fe678599a1bb2ba50
NAUMANN_CAL_T25_SOC0,training,NAUMANN_CAL_T0_SOC50;NAUMANN_CAL_T10_SOC50;NAUMANN_CAL_T25_SOC100;NAUMANN_CAL_T60_SOC0;NAUMANN_CAL_T60_SOC50;NAUMANN_CAL_T60_SOC100,6,10,12,136.94583333333333,213.27500000000001,76.32916666666668,99.288773903608543,99.309035785878194,-0.020261882269650755,f0a0f06b863ff6fcfe37b952d785b7eb74a2408c3c32e6a88ade9cee606607c1,1959b0254d6fa58234ea49d30806049bc1f0ca6a9349458fe678599a1bb2ba50
NAUMANN_CAL_T25_SOC0,training,NAUMANN_CAL_T0_SOC50;NAUMANN_CAL_T10_SOC50;NAUMANN_CAL_T25_SOC100;NAUMANN_CAL_T60_SOC0;NAUMANN_CAL_T60_SOC50;NAUMANN_CAL_T60_SOC100,6,10,13,136.94583333333333,239.71250000000001,102.76666666666668,99.22445194234669,99.248294879196365,-0.023842936849675311,f0a0f06b863ff6fcfe37b952d785b7eb74a2408c3c32e6a88ade9cee606607c1,1959b0254d6fa58234ea49d30806049bc1f0ca6a9349458fe678599a1bb2ba50
NAUMANN_CAL_T25_SOC0,training,NAUMANN_CAL_T0_SOC50;NAUMANN_CAL_T10_SOC50;NAUMANN_CAL_T25_SOC100;NAUMANN_CAL_T60_SOC0;NAUMANN_CAL_T60_SOC50;NAUMANN_CAL_T60_SOC100,6,10,14,136.94583333333333,266.17083333333329,129.22499999999997,99.273713261299648,99.19096208333589,0.082751177963757527,f0a0f06b863ff6fcfe37b952d785b7eb74a2408c3c32e6a88ade9cee606607c1,1959b0254d6fa58234ea49d30806049bc1f0ca6a9349458fe678599a1bb2ba50
NAUMANN_CAL_T25_SOC0,training,NAUMANN_CAL_T0_SOC50;NAUMANN_CAL_T10_SOC50;NAUMANN_CAL_T25_SOC100;NAUMANN_CAL_T60_SOC0;NAUMANN_CAL_T60_SOC50;NAUMANN_CAL_T60_SOC100,6,10,15,136.94583333333333,292.77916666666664,155.83333333333331,99.105001264169474,99.136272319468844,-0.031271055299370687,f0a0f06b863ff6fcfe37b952d785b7eb74a2408c3c32e6a88ade9cee606607c1,1959b0254d6fa58234ea49d30806049bc1f0ca6a9349458fe678599a1bb2ba50
NAUMANN_CAL_T25_SOC0,training,NAUMANN_CAL_T0_SOC50;NAUMANN_CAL_T10_SOC50;NAUMANN_CAL_T25_SOC100;NAUMANN_CAL_T60_SOC0;NAUMANN_CAL_T60_SOC50;NAUMANN_CAL_T60_SOC100,6,10,16,136.94583333333333,319.30833333333334,182.36250000000001,99.038547720474909,99.084306383507837,-0.045758663032927416,f0a0f06b863ff6fcfe37b952d785b7eb74a2408c3c32e6a88ade9cee606607c1,1959b0254d6fa58234ea49d30806049bc1f0ca6a9349458fe678599a1bb2ba50
NAUMANN_CAL_T25_SOC0,training,NAUMANN_CAL_T0_SOC50;NAUMANN_CAL_T10_SOC50;NAUMANN_CAL_T25_SOC100;NAUMANN_CAL_T60_SOC0;NAUMANN_CAL_T60_SOC50;NAUMANN_CAL_T60_SOC100,6,10,17,136.94583333333333,345.83749999999998,208.89166666666665,98.996753145865156,99.034578806035711,-0.037825660170554443,f0a0f06b863ff6fcfe37b952d785b7eb74a2408c3c32e6a88ade9cee606607c1,1959b0254d6fa58234ea49d30806049bc1f0ca6a9349458fe678599a1bb2ba50
NAUMANN_CAL_T25_SOC0,training,NAUMANN_CAL_T0_SOC50;NAUMANN_CAL_T10_SOC50;NAUMANN_CAL_T25_SOC100;NAUMANN_CAL_T60_SOC0;NAUMANN_CAL_T60_SOC50;NAUMANN_CAL_T60_SOC100,6,10,18,136.94583333333333,376.31666666666666,239.37083333333334,98.825538648964169,98.97987847883013,-0.15433982986596106,f0a0f06b863ff6fcfe37b952d785b7eb74a2408c3c32e6a88ade9cee606607c1,1959b0254d6fa58234ea49d30806049bc1f0ca6a9349458fe678599a1bb2ba50
NAUMANN_CAL_T25_SOC0,training,NAUMANN_CAL_T0_SOC50;NAUMANN_CAL_T10_SOC50;NAUMANN_CAL_T25_SOC100;NAUMANN_CAL_T60_SOC0;NAUMANN_CAL_T60_SOC50;NAUMANN_CAL_T60_SOC100,6,10,19,136.94583333333333,402.74166666666662,265.79583333333329,98.803617401874973,98.934323675745816,-0.13070627387084244,f0a0f06b863ff6fcfe37b952d785b7eb74a2408c3c32e6a88ade9cee606607c1,1959b0254d6fa58234ea49d30806049bc1f0ca6a9349458fe678599a1bb2ba50
NAUMANN_CAL_T25_SOC0,training,NAUMANN_CAL_T0_SOC50;NAUMANN_CAL_T10_SOC50;NAUMANN_CAL_T25_SOC100;NAUMANN_CAL_T60_SOC0;NAUMANN_CAL_T60_SOC50;NAUMANN_CAL_T60_SOC100,6,10,20,136.94583333333333,429.25,292.30416666666667,98.744730687807518,98.890188324905267,-0.14545763709774917,f0a0f06b863ff6fcfe37b952d785b7eb74a2408c3c32e6a88ade9cee606607c1,1959b0254d6fa58234ea49d30806049bc1f0ca6a9349458fe678599a1bb2ba50
NAUMANN_CAL_T25_SOC0,training,NAUMANN_CAL_T0_SOC50;NAUMANN_CAL_T10_SOC50;NAUMANN_CAL_T25_SOC100;NAUMANN_CAL_T60_SOC0;NAUMANN_CAL_T60_SOC50;NAUMANN_CAL_T60_SOC100,6,10,21,136.94583333333333,455.79166666666663,318.8458333333333,98.705492578037664,98.847420189916235,-0.14192761187857172,f0a0f06b863ff6fcfe37b952d785b7eb74a2408c3c32e6a88ade9cee606607c1,1959b0254d6fa58234ea49d30806049bc1f0ca6a9349458fe678599a1bb2ba50
NAUMANN_CAL_T25_SOC0,training,NAUMANN_CAL_T0_SOC50;NAUMANN_CAL_T10_SOC50;NAUMANN_CAL_T25_SOC100;NAUMANN_CAL_T60_SOC0;NAUMANN_CAL_T60_SOC50;NAUMANN_CAL_T60_SOC100,6,10,22,136.94583333333333,482.29166666666663,345.3458333333333,98.655979330070721,98.806014881541557,-0.15003555147083603,f0a0f06b863ff6fcfe37b952d785b7eb74a2408c3c32e6a88ade9cee606607c1,1959b0254d6fa58234ea49d30806049bc1f0ca6a9349458fe678599a1bb2ba50
NAUMANN_CAL_T25_SOC0,training,NAUMANN_CAL_T0_SOC50;NAUMANN_CAL_T10_SOC50;NAUMANN_CAL_T25_SOC100;NAUMANN_CAL_T60_SOC0;NAUMANN_CAL_T60_SOC50;NAUMANN_CAL_T60_SOC100,6,10,23,136.94583333333333,508.79166666666663,371.8458333333333,98.60838917560595,98.765796861396254,-0.15740768579030373,f0a0f06b863ff6fcfe37b952d785b7eb74a2408c3c32e6a88ade9cee606607c1,1959b0254d6fa58234ea49d30806049bc1f0ca6a9349458fe678599a1bb2ba50
NAUMANN_CAL_T25_SOC0,training,NAUMANN_CAL_T0_SOC50;NAUMANN_CAL_T10_SOC50;NAUMANN_CAL_T25_SOC100;NAUMANN_CAL_T60_SOC0;NAUMANN_CAL_T60_SOC50;NAUMANN_CAL_T60_SOC100,6,10,24,136.94583333333333,535.16666666666652,398.22083333333319,98.435467159410635,98.726854884877952,-0.29138772546731673,f0a0f06b863ff6fcfe37b952d785b7eb74a2408c3c32e6a88ade9cee606607c1,1959b0254d6fa58234ea49d30806049bc1f0ca6a9349458fe678599a1bb2ba50
NAUMANN_CAL_T25_SOC0,training,NAUMANN_CAL_T0_SOC50;NAUMANN_CAL_T10_SOC50;NAUMANN_CAL_T25_SOC100;NAUMANN_CAL_T60_SOC0;NAUMANN_CAL_T60_SOC50;NAUMANN_CAL_T60_SOC100,6,10,25,136.94583333333333,561.70833333333337,424.76250000000005,98.503005384090983,98.688679152075167,-0.18567376798418422,f0a0f06b863ff6fcfe37b952d785b7eb74a2408c3c32e6a88ade9cee606607c1,1959b0254d6fa58234ea49d30806049bc1f0ca6a9349458fe678599a1bb2ba50
NAUMANN_CAL_T25_SOC0,training,NAUMANN_CAL_T0_SOC50;NAUMANN_CAL_T10_SOC50;NAUMANN_CAL_T25_SOC100;NAUMANN_CAL_T60_SOC0;NAUMANN_CAL_T60_SOC50;NAUMANN_CAL_T60_SOC100,6,10,26,136.94583333333333,588.29166666666652,451.34583333333319,98.457409703153786,98.651388820556491,-0.19397911740270501,f0a0f06b863ff6fcfe37b952d785b7eb74a2408c3c32e6a88ade9cee606607c1,1959b0254d6fa58234ea49d30806049bc1f0ca6a9349458fe678599a1bb2ba50
NAUMANN_CAL_T25_SOC0,training,NAUMANN_CAL_T0_SOC50;NAUMANN_CAL_T10_SOC50;NAUMANN_CAL_T25_SOC100;NAUMANN_CAL_T60_SOC0;NAUMANN_CAL_T60_SOC50;NAUMANN_CAL_T60_SOC100,6,10,27,136.94583333333333,612.29166666666652,475.34583333333319,98.399402114484786,98.618481105556739,-0.21907899107195306,f0a0f06b863ff6fcfe37b952d785b7eb74a2408c3c32e6a88ade9cee606607c1,1959b0254d6fa58234ea49d30806049bc1f0ca6a9349458fe678599a1bb2ba50
NAUMANN_CAL_T25_SOC0,training,NAUMANN_CAL_T0_SOC50;NAUMANN_CAL_T10_SOC50;NAUMANN_CAL_T25_SOC100;NAUMANN_CAL_T60_SOC0;NAUMANN_CAL_T60_SOC50;NAUMANN_CAL_T60_SOC100,6,10,28,136.94583333333333,631.16666666666652,494.22083333333319,98.260332657710535,98.593077248943302,-0.33274459123276756,f0a0f06b863ff6fcfe37b952d785b7eb74a2408c3c32e6a88ade9cee606607c1,1959b0254d6fa58234ea49d30806049bc1f0ca6a9349458fe678599a1bb2ba50
NAUMANN_CAL_T25_SOC0,training,NAUMANN_CAL_T0_SOC50;NAUMANN_CAL_T10_SOC50;NAUMANN_CAL_T25_SOC100;NAUMANN_CAL_T60_SOC0;NAUMANN_CAL_T60_SOC50;NAUMANN_CAL_T60_SOC100,6,10,29,136.94583333333333,658.79166666666652,521.84583333333319,98.256309071127362,98.55661099656389,-0.30030192543652845,f0a0f06b863ff6fcfe37b952d785b7eb74a2408c3c32e6a88ade9cee606607c1,1959b0254d6fa58234ea49d30806049bc1f0ca6a9349458fe678599a1bb2ba50
NAUMANN_CAL_T25_SOC0,training,NAUMANN_CAL_T0_SOC50;NAUMANN_CAL_T10_SOC50;NAUMANN_CAL_T25_SOC100;NAUMANN_CAL_T60_SOC0;NAUMANN_CAL_T60_SOC50;NAUMANN_CAL_T60_SOC100,6,10,30,136.94583333333333,708.375,571.42916666666667,98.208309143954878,98.493134107102449,-0.284824963147571,f0a0f06b863ff6fcfe37b952d785b7eb74a2408c3c32e6a88ade9cee606607c1,1959b0254d6fa58234ea49d30806049bc1f0ca6a9349458fe678599a1bb2ba50
NAUMANN_CAL_T25_SOC0,training,NAUMANN_CAL_T0_SOC50;NAUMANN_CAL_T10_SOC50;NAUMANN_CAL_T25_SOC100;NAUMANN_CAL_T60_SOC0;NAUMANN_CAL_T60_SOC50;NAUMANN_CAL_T60_SOC100,6,10,31,136.94583333333333,759.95833333333326,623.01249999999993,98.153455978336723,98.429545573746111,-0.27608959540938827,f0a0f06b863ff6fcfe37b952d785b7eb74a2408c3c32e6a88ade9cee606607c1,1959b0254d6fa58234ea49d30806049bc1f0ca6a9349458fe678599a1bb2ba50
NAUMANN_CAL_T25_SOC0,training,NAUMANN_CAL_T0_SOC50;NAUMANN_CAL_T10_SOC50;NAUMANN_CAL_T25_SOC100;NAUMANN_CAL_T60_SOC0;NAUMANN_CAL_T60_SOC50;NAUMANN_CAL_T60_SOC100,6,10,32,136.94583333333333,799.58333333333326,662.63749999999993,98.09946420816182,98.382235377563987,-0.28277116940216729,f0a0f06b863ff6fcfe37b952d785b7eb74a2408c3c32e6a88ade9cee606607c1,1959b0254d6fa58234ea49d30806049bc1f0ca6a9349458fe678599a1bb2ba50
NAUMANN_CAL_T25_SOC0,training,NAUMANN_CAL_T0_SOC50;NAUMANN_CAL_T10_SOC50;NAUMANN_CAL_T25_SOC100;NAUMANN_CAL_T60_SOC0;NAUMANN_CAL_T60_SOC50;NAUMANN_CAL_T60_SOC100,6,10,33,136.94583333333333,840.125,703.17916666666667,98.049576520629444,98.335098004000059,-0.28552148337061567,f0a0f06b863ff6fcfe37b952d785b7eb74a2408c3c32e6a88ade9cee606607c1,1959b0254d6fa58234ea49d30806049bc1f0ca6a9349458fe678599a1bb2ba50
NAUMANN_CAL_T25_SOC0,training,NAUMANN_CAL_T0_SOC50;NAUMANN_CAL_T10_SOC50;NAUMANN_CAL_T25_SOC100;NAUMANN_CAL_T60_SOC0;NAUMANN_CAL_T60_SOC50;NAUMANN_CAL_T60_SOC100,6,10,34,136.94583333333333,885.04166666666652,748.09583333333319,97.872716565331487,98.284258711070208,-0.41154214573872139,f0a0f06b863ff6fcfe37b952d785b7eb74a2408c3c32e6a88ade9cee606607c1,1959b0254d6fa58234ea49d30806049bc1f0ca6a9349458fe678599a1bb2ba50
NAUMANN_CAL_T25_SOC100,training,NAUMANN_CAL_T0_SOC50;NAUMANN_CAL_T10_SOC50;NAUMANN_CAL_T25_SOC0;NAUMANN_CAL_T60_SOC0;NAUMANN_CAL_T60_SOC50;NAUMANN_CAL_T60_SOC100,6,10,10,136.94583333333333,161.36250000000001,24.416666666666686,95.198130764435646,95.30971687803931,-0.11158611360366422,f9a8b1ac199adeebe7f44bd81119919bb2d32dd2a27971e94618865bc6f08503,290d06e47dde51dff073438a969878d6346f8d9697eb5c6ca6f3263d868bc5f4
NAUMANN_CAL_T25_SOC100,training,NAUMANN_CAL_T0_SOC50;NAUMANN_CAL_T10_SOC50;NAUMANN_CAL_T25_SOC0;NAUMANN_CAL_T60_SOC0;NAUMANN_CAL_T60_SOC50;NAUMANN_CAL_T60_SOC100,6,10,11,136.94583333333333,186.79166666666663,49.845833333333303,94.881181261422284,94.993318812020561,-0.1121375505982769,f9a8b1ac199adeebe7f44bd81119919bb2d32dd2a27971e94618865bc6f08503,290d06e47dde51dff073438a969878d6346f8d9697eb5c6ca6f3263d868bc5f4
NAUMANN_CAL_T25_SOC100,training,NAUMANN_CAL_T0_SOC50;NAUMANN_CAL_T10_SOC50;NAUMANN_CAL_T25_SOC0;NAUMANN_CAL_T60_SOC0;NAUMANN_CAL_T60_SOC50;NAUMANN_CAL_T60_SOC100,6,10,12,136.94583333333333,213.27500000000001,76.32916666666668,94.472915570831503,94.688508112997155,-0.21559254216565193,f9a8b1ac199adeebe7f44bd81119919bb2d32dd2a27971e94618865bc6f08503,290d06e47dde51dff073438a969878d6346f8d9697eb5c6ca6f3263d868bc5f4
NAUMANN_CAL_T25_SOC100,training,NAUMANN_CAL_T0_SOC50;NAUMANN_CAL_T10_SOC50;NAUMANN_CAL_T25_SOC0;NAUMANN_CAL_T60_SOC0;NAUMANN_CAL_T60_SOC50;NAUMANN_CAL_T60_SOC100,6,10,13,136.94583333333333,239.71250000000001,102.76666666666668,94.057661354220571,94.40470423785267,-0.34704288363209912,f9a8b1ac199adeebe7f44bd81119919bb2d32dd2a27971e94618865bc6f08503,290d06e47dde51dff073438a969878d6346f8d9697eb5c6ca6f3263d868bc5f4
NAUMANN_CAL_T25_SOC100,training,NAUMANN_CAL_T0_SOC50;NAUMANN_CAL_T10_SOC50;NAUMANN_CAL_T25_SOC0;NAUMANN_CAL_T60_SOC0;NAUMANN_CAL_T60_SOC50;NAUMANN_CAL_T60_SOC100,6,10,14,136.94583333333333,266.17083333333329,129.22499999999997,93.767948049507012,94.137728022078875,-0.36977997257186246,f9a8b1ac199adeebe7f44bd81119919bb2d32dd2a27971e94618865bc6f08503,290d06e47dde51dff073438a969878d6346f8d9697eb5c6ca6f3263d868bc5f4
NAUMANN_CAL_T25_SOC100,training,NAUMANN_CAL_T0_SOC50;NAUMANN_CAL_T10_SOC50;NAUMANN_CAL_T25_SOC0;NAUMANN_CAL_T60_SOC0;NAUMANN_CAL_T60_SOC50;NAUMANN_CAL_T60_SOC100,6,10,15,136.94583333333333,292.77916666666664,155.83333333333331,93.423713717993763,93.883835121832519,-0.46012140383875533,f9a8b1ac199adeebe7f44bd81119919bb2d32dd2a27971e94618865bc6f08503,290d06e47dde51dff073438a969878d6346f8d9697eb5c6ca6f3263d868bc5f4
NAUMANN_CAL_T25_SOC100,training,NAUMANN_CAL_T0_SOC50;NAUMANN_CAL_T10_SOC50;NAUMANN_CAL_T25_SOC0;NAUMANN_CAL_T60_SOC0;NAUMANN_CAL_T60_SOC50;NAUMANN_CAL_T60_SOC100,6,10,16,136.94583333333333,319.30833333333334,182.36250000000001,93.093679082922051,93.643256392021655,-0.54957730909960389,f9a8b1ac199adeebe7f44bd81119919bb2d32dd2a27971e94618865bc6f08503,290d06e47dde51dff073438a969878d6346f8d9697eb5c6ca6f3263d868bc5f4
NAUMANN_CAL_T25_SOC100,training,NAUMANN_CAL_T0_SOC50;NAUMANN_CAL_T10_SOC50;NAUMANN_CAL_T25_SOC0;NAUMANN_CAL_T60_SOC0;NAUMANN_CAL_T60_SOC50;NAUMANN_CAL_T60_SOC100,6,10,17,136.94583333333333,345.83749999999998,208.89166666666665,92.851869881191206,93.413624555722791,-0.5617546745315849,f9a8b1ac199adeebe7f44bd81119919bb2d32dd2a27971e94618865bc6f08503,290d06e47dde51dff073438a969878d6346f8d9697eb5c6ca6f3263d868bc5f4
NAUMANN_CAL_T25_SOC100,training,NAUMANN_CAL_T0_SOC50;NAUMANN_CAL_T10_SOC50;NAUMANN_CAL_T25_SOC0;NAUMANN_CAL_T60_SOC0;NAUMANN_CAL_T60_SOC50;NAUMANN_CAL_T60_SOC100,6,10,18,136.94583333333333,376.31666666666666,239.37083333333334,92.463638948678494,93.161662483484207,-0.69802353480571355,f9a8b1ac199adeebe7f44bd81119919bb2d32dd2a27971e94618865bc6f08503,290d06e47dde51dff073438a969878d6346f8d9697eb5c6ca6f3263d868bc5f4
NAUMANN_CAL_T25_SOC100,training,NAUMANN_CAL_T0_SOC50;NAUMANN_CAL_T10_SOC50;NAUMANN_CAL_T25_SOC0;NAUMANN_CAL_T60_SOC0;NAUMANN_CAL_T60_SOC50;NAUMANN_CAL_T60_SOC100,6,10,19,136.94583333333333,402.74166666666662,265.79583333333329,92.165995635481309,92.952313554542712,-0.78631791906140336,f9a8b1ac199adeebe7f44bd81119919bb2d32dd2a27971e94618865bc6f08503,290d06e47dde51dff073438a969878d6346f8d9697eb5c6ca6f3263d868bc5f4
NAUMANN_CAL_T25_SOC100,training,NAUMANN_CAL_T0_SOC50;NAUMANN_CAL_T10_SOC50;NAUMANN_CAL_T25_SOC0;NAUMANN_CAL_T60_SOC0;NAUMANN_CAL_T60_SOC50;NAUMANN_CAL_T60_SOC100,6,10,20,136.94583333333333,429.25,292.30416666666667,91.920225051580061,92.749894758155648,-0.82966970657558647,f9a8b1ac199adeebe7f44bd81119919bb2d32dd2a27971e94618865bc6f08503,290d06e47dde51dff073438a969878d6346f8d9697eb5c6ca6f3263d868bc5f4
NAUMANN_CAL_T25_SOC100,training,NAUMANN_CAL_T0_SOC50;NAUMANN_CAL_T10_SOC50;NAUMANN_CAL_T25_SOC0;NAUMANN_CAL_T60_SOC0;NAUMANN_CAL_T60_SOC50;NAUMANN_CAL_T60_SOC100,6,10,21,136.94583333333333,455.79166666666663,318.8458333333333,91.578014069192932,92.554116536555995,-0.97610246736306294,f9a8b1ac199adeebe7f44bd81119919bb2d32dd2a27971e94618865bc6f08503,290d06e47dde51dff073438a969878d6346f8d9697eb5c6ca6f3263d868bc5f4
NAUMANN_CAL_T25_SOC100,training,NAUMANN_CAL_T0_SOC50;NAUMANN_CAL_T10_SOC50;NAUMANN_CAL_T25_SOC0;NAUMANN_CAL_T60_SOC0;NAUMANN_CAL_T60_SOC50;NAUMANN_CAL_T60_SOC100,6,10,22,136.94583333333333,482.29166666666663,345.3458333333333,91.361210450433532,92.364913624734598,-1.0037031743010658,f9a8b1ac199adeebe7f44bd81119919bb2d32dd2a27971e94618865bc6f08503,290d06e47dde51dff073438a969878d6346f8d9697eb5c6ca6f3263d868bc5f4
NAUMANN_CAL_T25_SOC100,training,NAUMANN_CAL_T0_SOC50;NAUMANN_CAL_T10_SOC50;NAUMANN_CAL_T25_SOC0;NAUMANN_CAL_T60_SOC0;NAUMANN_CAL_T60_SOC50;NAUMANN_CAL_T60_SOC100,6,10,23,136.94583333333333,508.79166666666663,371.8458333333333,91.106831335556166,92.181444364791616,-1.0746130292354508,f9a8b1ac199adeebe7f44bd81119919bb2d32dd2a27971e94618865bc6f08503,290d06e47dde51dff073438a969878d6346f8d9697eb5c6ca6f3263d868bc5f4
NAUMANN_CAL_T25_SOC100,training,NAUMANN_CAL_T0_SOC50;NAUMANN_CAL_T10_SOC50;NAUMANN_CAL_T25_SOC0;NAUMANN_CAL_T60_SOC0;NAUMANN_CAL_T60_SOC50;NAUMANN_CAL_T60_SOC100,6,10,24,136.94583333333333,535.16666666666652,398.22083333333319,90.944618018455444,92.004078093915993,-1.0594600754605494,f9a8b1ac199adeebe7f44bd81119919bb2d32dd2a27971e94618865bc6f08503,290d06e47dde51dff073438a969878d6346f8d9697eb5c6ca6f3263d868bc5f4
NAUMANN_CAL_T25_SOC100,training,NAUMANN_CAL_T0_SOC50;NAUMANN_CAL_T10_SOC50;NAUMANN_CAL_T25_SOC0;NAUMANN_CAL_T60_SOC0;NAUMANN_CAL_T60_SOC50;NAUMANN_CAL_T60_SOC100,6,10,25,136.94583333333333,561.70833333333337,424.76250000000005,90.697841266995198,91.830464184608687,-1.1326229176134888,f9a8b1ac199adeebe7f44bd81119919bb2d32dd2a27971e94618865bc6f08503,290d06e47dde51dff073438a969878d6346f8d9697eb5c6ca6f3263d868bc5f4
NAUMANN_CAL_T25_SOC100,training,NAUMANN_CAL_T0_SOC50;NAUMANN_CAL_T10_SOC50;NAUMANN_CAL_T25_SOC0;NAUMANN_CAL_T60_SOC0;NAUMANN_CAL_T60_SOC50;NAUMANN_CAL_T60_SOC100,6,10,26,136.94583333333333,588.29166666666652,451.34583333333319,90.500329993031556,91.66112168309769,-1.1607916900661337,f9a8b1ac199adeebe7f44bd81119919bb2d32dd2a27971e94618865bc6f08503,290d06e47dde51dff073438a969878d6346f8d9697eb5c6ca6f3263d868bc5f4
NAUMANN_CAL_T25_SOC100,training,NAUMANN_CAL_T0_SOC50;NAUMANN_CAL_T10_SOC50;NAUMANN_CAL_T25_SOC0;NAUMANN_CAL_T60_SOC0;NAUMANN_CAL_T60_SOC50;NAUMANN_CAL_T60_SOC100,6,10,27,136.94583333333333,612.29166666666652,475.34583333333319,90.303564124725142,91.511877974749183,-1.2083138500240409,f9a8b1ac199adeebe7f44bd81119919bb2d32dd2a27971e94618865bc6f08503,290d06e47dde51dff073438a969878d6346f8d9697eb5c6ca6f3263d868bc5f4
NAUMANN_CAL_T25_SOC100,training,NAUMANN_CAL_T0_SOC50;NAUMANN_CAL_T10_SOC50;NAUMANN_CAL_T25_SOC0;NAUMANN_CAL_T60_SOC0;NAUMANN_CAL_T60_SOC50;NAUMANN_CAL_T60_SOC100,6,10,28,136.94583333333333,631.16666666666652,494.22083333333319,90.17752886228638,91.396789486817653,-1.2192606245312732,f9a8b1ac199adeebe7f44bd81119919bb2d32dd2a27971e94618865bc6f08503,290d06e47dde51dff073438a969878d6346f8d9697eb5c6ca6f3263d868bc5f4
NAUMANN_CAL_T25_SOC100,training,NAUMANN_CAL_T0_SOC50;NAUMANN_CAL_T10_SOC50;NAUMANN_CAL_T25_SOC0;NAUMANN_CAL_T60_SOC0;NAUMANN_CAL_T60_SOC50;NAUMANN_CAL_T60_SOC100,6,10,29,136.94583333333333,658.79166666666652,521.84583333333319,89.969545126179099,91.231769105855861,-1.2622239796767616,f9a8b1ac199adeebe7f44bd81119919bb2d32dd2a27971e94618865bc6f08503,290d06e47dde51dff073438a969878d6346f8d9697eb5c6ca6f3263d868bc5f4
NAUMANN_CAL_T25_SOC100,training,NAUMANN_CAL_T0_SOC50;NAUMANN_CAL_T10_SOC50;NAUMANN_CAL_T25_SOC0;NAUMANN_CAL_T60_SOC0;NAUMANN_CAL_T60_SOC50;NAUMANN_CAL_T60_SOC100,6,10,30,136.94583333333333,708.375,571.42916666666667,89.771243427142323,90.94502452742185,-1.1737811002795269,f9a8b1ac199adeebe7f44bd81119919bb2d32dd2a27971e94618865bc6f08503,290d06e47dde51dff073438a969878d6346f8d9697eb5c6ca6f3263d868bc5f4
NAUMANN_CAL_T25_SOC100,training,NAUMANN_CAL_T0_SOC50;NAUMANN_CAL_T10_SOC50;NAUMANN_CAL_T25_SOC0;NAUMANN_CAL_T60_SOC0;NAUMANN_CAL_T60_SOC50;NAUMANN_CAL_T60_SOC100,6,10,31,136.94583333333333,759.95833333333326,623.01249999999993,89.549404647233374,90.658401295948508,-1.1089966487151344,f9a8b1ac199adeebe7f44bd81119919bb2d32dd2a27971e94618865bc6f08503,290d06e47dde51dff073438a969878d6346f8d9697eb5c6ca6f3263d868bc5f4
NAUMANN_CAL_T25_SOC100,training,NAUMANN_CAL_T0_SOC50;NAUMANN_CAL_T10_SOC50;NAUMANN_CAL_T25_SOC0;NAUMANN_CAL_T60_SOC0;NAUMANN_CAL_T60_SOC50;NAUMANN_CAL_T60_SOC100,6,10,32,136.94583333333333,799.58333333333326,662.63749999999993,89.380541517999461,90.445545496536624,-1.0650039785371632,f9a8b1ac199adeebe7f44bd81119919bb2d32dd2a27971e94618865bc6f08503,290d06e47dde51dff073438a969878d6346f8d9697eb5c6ca6f3263d868bc5f4
NAUMANN_CAL_T25_SOC100,training,NAUMANN_CAL_T0_SOC50;NAUMANN_CAL_T10_SOC50;NAUMANN_CAL_T25_SOC0;NAUMANN_CAL_T60_SOC0;NAUMANN_CAL_T60_SOC50;NAUMANN_CAL_T60_SOC100,6,10,33,136.94583333333333,840.125,703.17916666666667,89.21341145378355,90.233791670103997,-1.0203802163204472,f9a8b1ac199adeebe7f44bd81119919bb2d32dd2a27971e94618865bc6f08503,290d06e47dde51dff073438a969878d6346f8d9697eb5c6ca6f3263d868bc5f4
NAUMANN_CAL_T25_SOC100,training,NAUMANN_CAL_T0_SOC50;NAUMANN_CAL_T10_SOC50;NAUMANN_CAL_T25_SOC0;NAUMANN_CAL_T60_SOC0;NAUMANN_CAL_T60_SOC50;NAUMANN_CAL_T60_SOC100,6,10,34,136.94583333333333,885.04166666666652,748.09583333333319,89.008126104746694,90.005761663643042,-0.99763555889634858,f9a8b1ac199adeebe7f44bd81119919bb2d32dd2a27971e94618865bc6f08503,290d06e47dde51dff073438a969878d6346f8d9697eb5c6ca6f3263d868bc5f4
NAUMANN_CAL_T60_SOC0,training,NAUMANN_CAL_T0_SOC50;NAUMANN_CAL_T10_SOC50;NAUMANN_CAL_T25_SOC0;NAUMANN_CAL_T25_SOC100;NAUMANN_CAL_T60_SOC50;NAUMANN_CAL_T60_SOC100,6,10,10,136.94583333333333,161.36250000000001,24.416666666666686,97.293156683426957,97.16311984300215,0.13003684042480756,60de5d793a8cf5e629101886d1305999ce75ae3e31000934d52908d19d7772e0,6eda4c0006e79aab6cad5738722e13af765111d8c75b96c5f11c121f4820fc49
NAUMANN_CAL_T60_SOC0,training,NAUMANN_CAL_T0_SOC50;NAUMANN_CAL_T10_SOC50;NAUMANN_CAL_T25_SOC0;NAUMANN_CAL_T25_SOC100;NAUMANN_CAL_T60_SOC50;NAUMANN_CAL_T60_SOC100,6,10,11,136.94583333333333,186.79166666666663,49.845833333333303,97.078649295649285,96.897244922810287,0.18140437283899757,60de5d793a8cf5e629101886d1305999ce75ae3e31000934d52908d19d7772e0,6eda4c0006e79aab6cad5738722e13af765111d8c75b96c5f11c121f4820fc49
NAUMANN_CAL_T60_SOC0,training,NAUMANN_CAL_T0_SOC50;NAUMANN_CAL_T10_SOC50;NAUMANN_CAL_T25_SOC0;NAUMANN_CAL_T25_SOC100;NAUMANN_CAL_T60_SOC50;NAUMANN_CAL_T60_SOC100,6,10,12,136.94583333333333,213.27500000000001,76.32916666666668,96.857050662496903,96.636783223045725,0.22026743945117744,60de5d793a8cf5e629101886d1305999ce75ae3e31000934d52908d19d7772e0,6eda4c0006e79aab6cad5738722e13af765111d8c75b96c5f11c121f4820fc49
NAUMANN_CAL_T60_SOC0,training,NAUMANN_CAL_T0_SOC50;NAUMANN_CAL_T10_SOC50;NAUMANN_CAL_T25_SOC0;NAUMANN_CAL_T25_SOC100;NAUMANN_CAL_T60_SOC50;NAUMANN_CAL_T60_SOC100,6,10,13,136.94583333333333,239.71250000000001,102.76666666666668,96.595176311943902,96.39061466898724,0.20456164295666213,60de5d793a8cf5e629101886d1305999ce75ae3e31000934d52908d19d7772e0,6eda4c0006e79aab6cad5738722e13af765111d8c75b96c5f11c121f4820fc49
NAUMANN_CAL_T60_SOC0,training,NAUMANN_CAL_T0_SOC50;NAUMANN_CAL_T10_SOC50;NAUMANN_CAL_T25_SOC0;NAUMANN_CAL_T25_SOC100;NAUMANN_CAL_T60_SOC50;NAUMANN_CAL_T60_SOC100,6,10,14,136.94583333333333,266.17083333333329,129.22499999999997,96.599786049679622,96.155942109212489,0.44384394046713282,60de5d793a8cf5e629101886d1305999ce75ae3e31000934d52908d19d7772e0,6eda4c0006e79aab6cad5738722e13af765111d8c75b96c5f11c121f4820fc49
NAUMANN_CAL_T60_SOC0,training,NAUMANN_CAL_T0_SOC50;NAUMANN_CAL_T10_SOC50;NAUMANN_CAL_T25_SOC0;NAUMANN_CAL_T25_SOC100;NAUMANN_CAL_T60_SOC50;NAUMANN_CAL_T60_SOC100,6,10,15,136.94583333333333,292.77916666666664,155.83333333333331,96.011297855426349,95.930074221392118,0.08122363403423094,60de5d793a8cf5e629101886d1305999ce75ae3e31000934d52908d19d7772e0,6eda4c0006e79aab6cad5738722e13af765111d8c75b96c5f11c121f4820fc49
NAUMANN_CAL_T60_SOC0,training,NAUMANN_CAL_T0_SOC50;NAUMANN_CAL_T10_SOC50;NAUMANN_CAL_T25_SOC0;NAUMANN_CAL_T25_SOC100;NAUMANN_CAL_T60_SOC50;NAUMANN_CAL_T60_SOC100,6,10,16,136.94583333333333,319.30833333333334,182.36250000000001,95.702636915211613,95.713699045946683,-0.011062130735069786,60de5d793a8cf5e629101886d1305999ce75ae3e31000934d52908d19d7772e0,6eda4c0006e79aab6cad5738722e13af765111d8c75b96c5f11c121f4820fc49
NAUMANN_CAL_T60_SOC0,training,NAUMANN_CAL_T0_SOC50;NAUMANN_CAL_T10_SOC50;NAUMANN_CAL_T25_SOC0;NAUMANN_CAL_T25_SOC100;NAUMANN_CAL_T60_SOC50;NAUMANN_CAL_T60_SOC100,6,10,17,136.94583333333333,345.83749999999998,208.89166666666665,95.40721489956691,95.505093519733066,-0.097878620166156338,60de5d793a8cf5e629101886d1305999ce75ae3e31000934d52908d19d7772e0,6eda4c0006e79aab6cad5738722e13af765111d8c75b96c5f11c121f4820fc49
NAUMANN_CAL_T60_SOC0,training,NAUMANN_CAL_T0_SOC50;NAUMANN_CAL_T10_SOC50;NAUMANN_CAL_T25_SOC0;NAUMANN_CAL_T25_SOC100;NAUMANN_CAL_T60_SOC50;NAUMANN_CAL_T60_SOC100,6,10,18,136.94583333333333,376.31666666666666,239.37083333333334,94.831233871087491,95.273931141633383,-0.44269727054589225,60de5d793a8cf5e629101886d1305999ce75ae3e31000934d52908d19d7772e0,6eda4c0006e79aab6cad5738722e13af765111d8c75b96c5f11c121f4820fc49
NAUMANN_CAL_T60_SOC0,training,NAUMANN_CAL_T0_SOC50;NAUMANN_CAL_T10_SOC50;NAUMANN_CAL_T25_SOC0;NAUMANN_CAL_T25_SOC100;NAUMANN_CAL_T60_SOC50;NAUMANN_CAL_T60_SOC100,6,10,19,136.94583333333333,402.74166666666662,265.79583333333329,94.571558558692772,95.080100661198827,-0.50854210250605547,60de5d793a8cf5e629101886d1305999ce75ae3e31000934d52908d19d7772e0,6eda4c0006e79aab6cad5738722e13af765111d8c75b96c5f11c121f4820fc49
NAUMANN_CAL_T60_SOC0,training,NAUMANN_CAL_T0_SOC50;NAUMANN_CAL_T10_SOC50;NAUMANN_CAL_T25_SOC0;NAUMANN_CAL_T25_SOC100;NAUMANN_CAL_T60_SOC50;NAUMANN_CAL_T60_SOC100,6,10,20,136.94583333333333,429.25,292.30416666666667,94.293429144952128,94.89119924280844,-0.59777009785631208,60de5d793a8cf5e629101886d1305999ce75ae3e31000934d52908d19d7772e0,6eda4c0006e79aab6cad5738722e13af765111d8c75b96c5f11c121f4820fc49
NAUMANN_CAL_T60_SOC0,training,NAUMANN_CAL_T0_SOC50;NAUMANN_CAL_T10_SOC50;NAUMANN_CAL_T25_SOC0;NAUMANN_CAL_T25_SOC100;NAUMANN_CAL_T60_SOC50;NAUMANN_CAL_T60_SOC100,6,10,21,136.94583333333333,455.79166666666663,318.8458333333333,93.992380497435917,94.707131929891602,-0.71475143245568518,60de5d793a8cf5e629101886d1305999ce75ae3e31000934d52908d19d7772e0,6eda4c0006e79aab6cad5738722e13af765111d8c75b96c5f11c121f4820fc49
NAUMANN_CAL_T60_SOC0,training,NAUMANN_CAL_T0_SOC50;NAUMANN_CAL_T10_SOC50;NAUMANN_CAL_T25_SOC0;NAUMANN_CAL_T25_SOC100;NAUMANN_CAL_T60_SOC50;NAUMANN_CAL_T60_SOC100,6,10,22,136.94583333333333,482.29166666666663,345.3458333333333,93.655692662218044,94.527997337044866,-0.87230467482682172,60de5d793a8cf5e629101886d1305999ce75ae3e31000934d52908d19d7772e0,6eda4c0006e79aab6cad5738722e13af765111d8c75b96c5f11c121f4820fc49
NAUMANN_CAL_T60_SOC0,training,NAUMANN_CAL_T0_SOC50;NAUMANN_CAL_T10_SOC50;NAUMANN_CAL_T25_SOC0;NAUMANN_CAL_T25_SOC100;NAUMANN_CAL_T60_SOC50;NAUMANN_CAL_T60_SOC100,6,10,23,136.94583333333333,508.79166666666663,371.8458333333333,93.338441694885745,94.35313967135572,-1.0146979764699751,60de5d793a8cf5e629101886d1305999ce75ae3e31000934d52908d19d7772e0,6eda4c0006e79aab6cad5738722e13af765111d8c75b96c5f11c121f4820fc49
NAUMANN_CAL_T60_SOC0,training,NAUMANN_CAL_T0_SOC50;NAUMANN_CAL_T10_SOC50;NAUMANN_CAL_T25_SOC0;NAUMANN_CAL_T25_SOC100;NAUMANN_CAL_T60_SOC50;NAUMANN_CAL_T60_SOC100,6,10,24,136.94583333333333,535.16666666666652,398.22083333333319,93.004307372759612,94.183038892224005,-1.1787315194643924,60de5d793a8cf5e629101886d1305999ce75ae3e31000934d52908d19d7772e0,6eda4c0006e79aab6cad5738722e13af765111d8c75b96c5f11c121f4820fc49
NAUMANN_CAL_T60_SOC0,training,NAUMANN_CAL_T0_SOC50;NAUMANN_CAL_T10_SOC50;NAUMANN_CAL_T25_SOC0;NAUMANN_CAL_T25_SOC100;NAUMANN_CAL_T60_SOC50;NAUMANN_CAL_T60_SOC100,6,10,25,136.94583333333333,561.70833333333337,424.76250000000005,92.666591253614854,94.015544141302485,-1.3489528876876307,60de5d793a8cf5e629101886d1305999ce75ae3e31000934d52908d19d7772e0,6eda4c0006e79aab6cad5738722e13af765111d8c75b96c5f11c121f4820fc49
NAUMANN_CAL_T60_SOC0,training,NAUMANN_CAL_T0_SOC50;NAUMANN_CAL_T10_SOC50;NAUMANN_CAL_T25_SOC0;NAUMANN_CAL_T25_SOC100;NAUMANN_CAL_T60_SOC50;NAUMANN_CAL_T60_SOC100,6,10,26,136.94583333333333,588.29166666666652,451.34583333333319,92.307839539538236,93.851238719224185,-1.5433991796859488,60de5d793a8cf5e629101886d1305999ce75ae3e31000934d52908d19d7772e0,6eda4c0006e79aab6cad5738722e13af765111d8c75b96c5f11c121f4820fc49
NAUMANN_CAL_T60_SOC0,training,NAUMANN_CAL_T0_SOC50;NAUMANN_CAL_T10_SOC50;NAUMANN_CAL_T25_SOC0;NAUMANN_CAL_T25_SOC100;NAUMANN_CAL_T60_SOC50;NAUMANN_CAL_T60_SOC100,6,10,27,136.94583333333333,612.29166666666652,475.34583333333319,91.976552925857845,93.705682492083099,-1.7291295662252537,60de5d793a8cf5e629101886d1305999ce75ae3e31000934d52908d19d7772e0,6eda4c0006e79aab6cad5738722e13af765111d8c75b96c5f11c121f4820fc49
NAUMANN_CAL_T60_SOC0,training,NAUMANN_CAL_T0_SOC50;NAUMANN_CAL_T10_SOC50;NAUMANN_CAL_T25_SOC0;NAUMANN_CAL_T25_SOC100;NAUMANN_CAL_T60_SOC50;NAUMANN_CAL_T60_SOC100,6,10,28,136.94583333333333,631.16666666666652,494.22083333333319,91.412876198608771,93.592962531710313,-2.1800863331015421,60de5d793a8cf5e629101886d1305999ce75ae3e31000934d52908d19d7772e0,6eda4c0006e79aab6cad5738722e13af765111d8c75b96c5f11c121f4820fc49
NAUMANN_CAL_T60_SOC0,training,NAUMANN_CAL_T0_SOC50;NAUMANN_CAL_T10_SOC50;NAUMANN_CAL_T25_SOC0;NAUMANN_CAL_T25_SOC100;NAUMANN_CAL_T60_SOC50;NAUMANN_CAL_T60_SOC100,6,10,29,136.94583333333333,658.79166666666652,521.84583333333319,91.133310587246399,93.430625133160518,-2.2973145459141193,60de5d793a8cf5e629101886d1305999ce75ae3e31000934d52908d19d7772e0,6eda4c0006e79aab6cad5738722e13af765111d8c75b96c5f11c121f4820fc49
NAUMANN_CAL_T60_SOC0,training,NAUMANN_CAL_T0_SOC50;NAUMANN_CAL_T10_SOC50;NAUMANN_CAL_T25_SOC0;NAUMANN_CAL_T25_SOC100;NAUMANN_CAL_T60_SOC50;NAUMANN_CAL_T60_SOC100,6,10,30,136.94583333333333,708.375,571.42916666666667,90.757822106773631,93.146574961858335,-2.3887528550847037,60de5d793a8cf5e629101886d1305999ce75ae3e31000934d52908d19d7772e0,6eda4c0006e79aab6cad5738722e13af765111d8c75b96c5f11c121f4820fc49
NAUMANN_CAL_T60_SOC0,training,NAUMANN_CAL_T0_SOC50;NAUMANN_CAL_T10_SOC50;NAUMANN_CAL_T25_SOC0;NAUMANN_CAL_T25_SOC100;NAUMANN_CAL_T60_SOC50;NAUMANN_CAL_T60_SOC100,6,10,31,136.94583333333333,759.95833333333326,623.01249999999993,90.295754176038244,92.860197883191574,-2.5644437071533304,60de5d793a8cf5e629101886d1305999ce75ae3e31000934d52908d19d7772e0,6eda4c0006e79aab6cad5738722e13af765111d8c75b96c5f11c121f4820fc49
NAUMANN_CAL_T60_SOC0,training,NAUMANN_CAL_T0_SOC50;NAUMANN_CAL_T10_SOC50;NAUMANN_CAL_T25_SOC0;NAUMANN_CAL_T25_SOC100;NAUMANN_CAL_T60_SOC50;NAUMANN_CAL_T60_SOC100,6,10,32,136.94583333333333,799.58333333333326,662.63749999999993,89.792965414131203,92.645974096886604,-2.8530086827554015,60de5d793a8cf5e629101886d1305999ce75ae3e31000934d52908d19d7772e0,6eda4c0006e79aab6cad5738722e13af765111d8c75b96c5f11c121f4820fc49
NAUMANN_CAL_T60_SOC0,training,NAUMANN_CAL_T0_SOC50;NAUMANN_CAL_T10_SOC50;NAUMANN_CAL_T25_SOC0;NAUMANN_CAL_T25_SOC100;NAUMANN_CAL_T60_SOC50;NAUMANN_CAL_T60_SOC100,6,10,33,136.94583333333333,840.125,703.17916666666667,89.407783502024898,92.431571474363679,-3.0237879723387806,60de5d793a8cf5e629101886d1305999ce75ae3e31000934d52908d19d7772e0,6eda4c0006e79aab6cad5738722e13af765111d8c75b96c5f11c121f4820fc49
NAUMANN_CAL_T60_SOC0,training,NAUMANN_CAL_T0_SOC50;NAUMANN_CAL_T10_SOC50;NAUMANN_CAL_T25_SOC0;NAUMANN_CAL_T25_SOC100;NAUMANN_CAL_T60_SOC50;NAUMANN_CAL_T60_SOC100,6,10,34,136.94583333333333,885.04166666666652,748.09583333333319,88.497035210498524,92.199275799123029,-3.7022405886245053,60de5d793a8cf5e629101886d1305999ce75ae3e31000934d52908d19d7772e0,6eda4c0006e79aab6cad5738722e13af765111d8c75b96c5f11c121f4820fc49
NAUMANN_CAL_T60_SOC100,training,NAUMANN_CAL_T0_SOC50;NAUMANN_CAL_T10_SOC50;NAUMANN_CAL_T25_SOC0;NAUMANN_CAL_T25_SOC100;NAUMANN_CAL_T60_SOC0;NAUMANN_CAL_T60_SOC50,6,10,10,136.94583333333333,161.36250000000001,24.416666666666686,88.895653579518594,88.51586902085748,0.3797845586611146,6442b4dc8c51f31c88d58affa65abde78ae19d6e18ee6f8b90682b30b693224a,c4c2c3fbebe3c8e92d6104c07b3a6693c6f0bbbaac2fb8f4216ef86c9b0f9c5c
NAUMANN_CAL_T60_SOC100,training,NAUMANN_CAL_T0_SOC50;NAUMANN_CAL_T10_SOC50;NAUMANN_CAL_T25_SOC0;NAUMANN_CAL_T25_SOC100;NAUMANN_CAL_T60_SOC0;NAUMANN_CAL_T60_SOC50,6,10,11,136.94583333333333,186.79166666666663,49.845833333333303,88.319657750917003,87.781022095070895,0.5386356558461074,6442b4dc8c51f31c88d58affa65abde78ae19d6e18ee6f8b90682b30b693224a,c4c2c3fbebe3c8e92d6104c07b3a6693c6f0bbbaac2fb8f4216ef86c9b0f9c5c
NAUMANN_CAL_T60_SOC100,training,NAUMANN_CAL_T0_SOC50;NAUMANN_CAL_T10_SOC50;NAUMANN_CAL_T25_SOC0;NAUMANN_CAL_T25_SOC100;NAUMANN_CAL_T60_SOC0;NAUMANN_CAL_T60_SOC50,6,10,12,136.94583333333333,213.27500000000001,76.32916666666668,87.678916632210218,87.074709850897889,0.60420678131232819,6442b4dc8c51f31c88d58affa65abde78ae19d6e18ee6f8b90682b30b693224a,c4c2c3fbebe3c8e92d6104c07b3a6693c6f0bbbaac2fb8f4216ef86c9b0f9c5c
NAUMANN_CAL_T60_SOC100,training,NAUMANN_CAL_T0_SOC50;NAUMANN_CAL_T10_SOC50;NAUMANN_CAL_T25_SOC0;NAUMANN_CAL_T25_SOC100;NAUMANN_CAL_T60_SOC0;NAUMANN_CAL_T60_SOC50,6,10,13,136.94583333333333,239.71250000000001,102.76666666666668,86.960091448425018,86.418422889687278,0.54166855873774011,6442b4dc8c51f31c88d58affa65abde78ae19d6e18ee6f8b90682b30b693224a,c4c2c3fbebe3c8e92d6104c07b3a6693c6f0bbbaac2fb8f4216ef86c9b0f9c5c
NAUMANN_CAL_T60_SOC100,training,NAUMANN_CAL_T0_SOC50;NAUMANN_CAL_T10_SOC50;NAUMANN_CAL_T25_SOC0;NAUMANN_CAL_T25_SOC100;NAUMANN_CAL_T60_SOC0;NAUMANN_CAL_T60_SOC50,6,10,14,136.94583333333333,266.17083333333329,129.22499999999997,86.231994032025028,85.802173671651417,0.42982036037361127,6442b4dc8c51f31c88d58affa65abde78ae19d6e18ee6f8b90682b30b693224a,c4c2c3fbebe3c8e92d6104c07b3a6693c6f0bbbaac2fb8f4216ef86c9b0f9c5c
NAUMANN_CAL_T60_SOC100,training,NAUMANN_CAL_T0_SOC50;NAUMANN_CAL_T10_SOC50;NAUMANN_CAL_T25_SOC0;NAUMANN_CAL_T25_SOC100;NAUMANN_CAL_T60_SOC0;NAUMANN_CAL_T60_SOC50,6,10,15,136.94583333333333,292.77916666666664,155.83333333333331,85.640827064287791,85.217087711888055,0.42373935239973548,6442b4dc8c51f31c88d58affa65abde78ae19d6e18ee6f8b90682b30b693224a,c4c2c3fbebe3c8e92d6104c07b3a6693c6f0bbbaac2fb8f4216ef86c9b0f9c5c
NAUMANN_CAL_T60_SOC100,training,NAUMANN_CAL_T0_SOC50;NAUMANN_CAL_T10_SOC50;NAUMANN_CAL_T25_SOC0;NAUMANN_CAL_T25_SOC100;NAUMANN_CAL_T60_SOC0;NAUMANN_CAL_T60_SOC50,6,10,16,136.94583333333333,319.30833333333334,182.36250000000001,85.043537482567217,84.663513561534216,0.38002392103300053,6442b4dc8c51f31c88d58affa65abde78ae19d6e18ee6f8b90682b30b693224a,c4c2c3fbebe3c8e92d6104c07b3a6693c6f0bbbaac2fb8f4216ef86c9b0f9c5c
NAUMANN_CAL_T60_SOC100,training,NAUMANN_CAL_T0_SOC50;NAUMANN_CAL_T10_SOC50;NAUMANN_CAL_T25_SOC0;NAUMANN_CAL_T25_SOC100;NAUMANN_CAL_T60_SOC0;NAUMANN_CAL_T60_SOC50,6,10,17,136.94583333333333,345.83749999999998,208.89166666666665,84.585971626369684,84.1358521390965,0.4501194872731844,6442b4dc8c51f31c88d58affa65abde78ae19d6e18ee6f8b90682b30b693224a,c4c2c3fbebe3c8e92d6104c07b3a6693c6f0bbbaac2fb8f4216ef86c9b0f9c5c
NAUMANN_CAL_T60_SOC100,training,NAUMANN_CAL_T0_SOC50;NAUMANN_CAL_T10_SOC50;NAUMANN_CAL_T25_SOC0;NAUMANN_CAL_T25_SOC100;NAUMANN_CAL_T60_SOC0;NAUMANN_CAL_T60_SOC50,6,10,18,136.94583333333333,376.31666666666666,239.37083333333334,83.971260520227503,83.557661927483338,0.41359859274416522,6442b4dc8c51f31c88d58affa65abde78ae19d6e18ee6f8b90682b30b693224a,c4c2c3fbebe3c8e92d6104c07b3a6693c6f0bbbaac2fb8f4216ef86c9b0f9c5c
NAUMANN_CAL_T60_SOC100,training,NAUMANN_CAL_T0_SOC50;NAUMANN_CAL_T10_SOC50;NAUMANN_CAL_T25_SOC0;NAUMANN_CAL_T25_SOC100;NAUMANN_CAL_T60_SOC0;NAUMANN_CAL_T60_SOC50,6,10,19,136.94583333333333,402.74166666666662,265.79583333333329,83.495464050884479,83.077859765764373,0.41760428512010606,6442b4dc8c51f31c88d58affa65abde78ae19d6e18ee6f8b90682b30b693224a,c4c2c3fbebe3c8e92d6104c07b3a6693c6f0bbbaac2fb8f4216ef86c9b0f9c5c
NAUMANN_CAL_T60_SOC100,training,NAUMANN_CAL_T0_SOC50;NAUMANN_CAL_T10_SOC50;NAUMANN_CAL_T25_SOC0;NAUMANN_CAL_T25_SOC100;NAUMANN_CAL_T60_SOC0;NAUMANN_CAL_T60_SOC50,6,10,20,136.94583333333333,429.25,292.30416666666667,83.072471618345503,82.614442970769076,0.45802864757642681,6442b4dc8c51f31c88d58affa65abde78ae19d6e18ee6f8b90682b30b693224a,c4c2c3fbebe3c8e92d6104c07b3a6693c6f0bbbaac2fb8f4216ef86c9b0f9c5c
NAUMANN_CAL_T60_SOC100,training,NAUMANN_CAL_T0_SOC50;NAUMANN_CAL_T10_SOC50;NAUMANN_CAL_T25_SOC0;NAUMANN_CAL_T25_SOC100;NAUMANN_CAL_T60_SOC0;NAUMANN_CAL_T60_SOC50,6,10,21,136.94583333333333,455.79166666666663,318.8458333333333,82.690113961762918,82.166685436572394,0.52342852519052485,6442b4dc8c51f31c88d58affa65abde78ae19d6e18ee6f8b90682b30b693224a,c4c2c3fbebe3c8e92d6104c07b3a6693c6f0bbbaac2fb8f4216ef86c9b0f9c5c
NAUMANN_CAL_T60_SOC100,training,NAUMANN_CAL_T0_SOC50;NAUMANN_CAL_T10_SOC50;NAUMANN_CAL_T25_SOC0;NAUMANN_CAL_T25_SOC100;NAUMANN_CAL_T60_SOC0;NAUMANN_CAL_T60_SOC50,6,10,22,136.94583333333333,482.29166666666663,345.3458333333333,82.254970919361924,81.734380917233409,0.52059000212851458,6442b4dc8c51f31c88d58affa65abde78ae19d6e18ee6f8b90682b30b693224a,c4c2c3fbebe3c8e92d6104c07b3a6693c6f0bbbaac2fb8f4216ef86c9b0f9c5c
NAUMANN_CAL_T60_SOC100,training,NAUMANN_CAL_T0_SOC50;NAUMANN_CAL_T10_SOC50;NAUMANN_CAL_T25_SOC0;NAUMANN_CAL_T25_SOC100;NAUMANN_CAL_T60_SOC0;NAUMANN_CAL_T60_SOC50,6,10,23,136.94583333333333,508.79166666666663,371.8458333333333,81.844830234233058,81.315556534933435,0.52927369929962254,6442b4dc8c51f31c88d58affa65abde78ae19d6e18ee6f8b90682b30b693224a,c4c2c3fbebe3c8e92d6104c07b3a6693c6f0bbbaac2fb8f4216ef86c9b0f9c5c
NAUMANN_CAL_T60_SOC100,training,NAUMANN_CAL_T0_SOC50;NAUMANN_CAL_T10_SOC50;NAUMANN_CAL_T25_SOC0;NAUMANN_CAL_T25_SOC100;NAUMANN_CAL_T60_SOC0;NAUMANN_CAL_T60_SOC50,6,10,24,136.94583333333333,535.16666666666652,398.22083333333319,81.440749452911021,80.911010706854697,0.52973874605632432,6442b4dc8c51f31c88d58affa65abde78ae19d6e18ee6f8b90682b30b693224a,c4c2c3fbebe3c8e92d6104c07b3a6693c6f0bbbaac2fb8f4216ef86c9b0f9c5c
NAUMANN_CAL_T60_SOC100,training,NAUMANN_CAL_T0_SOC50;NAUMANN_CAL_T10_SOC50;NAUMANN_CAL_T25_SOC0;NAUMANN_CAL_T25_SOC100;NAUMANN_CAL_T60_SOC0;NAUMANN_CAL_T60_SOC50,6,10,25,136.94583333333333,561.70833333333337,424.76250000000005,81.048635154941124,80.515345908799461,0.5332892461416634,6442b4dc8c51f31c88d58affa65abde78ae19d6e18ee6f8b90682b30b693224a,c4c2c3fbebe3c8e92d6104c07b3a6693c6f0bbbaac2fb8f4216ef86c9b0f9c5c
NAUMANN_CAL_T60_SOC100,training,NAUMANN_CAL_T0_SOC50;NAUMANN_CAL_T10_SOC50;NAUMANN_CAL_T25_SOC0;NAUMANN_CAL_T25_SOC100;NAUMANN_CAL_T60_SOC0;NAUMANN_CAL_T60_SOC50,6,10,26,136.94583333333333,588.29166666666652,451.34583333333319,80.670047476919962,80.12971623305792,0.54033124386204179,6442b4dc8c51f31c88d58affa65abde78ae19d6e18ee6f8b90682b30b693224a,c4c2c3fbebe3c8e92d6104c07b3a6693c6f0bbbaac2fb8f4216ef86c9b0f9c5c
NAUMANN_CAL_T60_SOC100,training,NAUMANN_CAL_T0_SOC50;NAUMANN_CAL_T10_SOC50;NAUMANN_CAL_T25_SOC0;NAUMANN_CAL_T25_SOC100;NAUMANN_CAL_T60_SOC0;NAUMANN_CAL_T60_SOC50,6,10,27,136.94583333333333,612.29166666666652,475.34583333333319,80.316851531636033,79.790096996964564,0.52675453467146838,6442b4dc8c51f31c88d58affa65abde78ae19d6e18ee6f8b90682b30b693224a,c4c2c3fbebe3c8e92d6104c07b3a6693c6f0bbbaac2fb8f4216ef86c9b0f9c5c
NAUMANN_CAL_T60_SOC100,training,NAUMANN_CAL_T0_SOC50;NAUMANN_CAL_T10_SOC50;NAUMANN_CAL_T25_SOC0;NAUMANN_CAL_T25_SOC100;NAUMANN_CAL_T60_SOC0;NAUMANN_CAL_T60_SOC50,6,10,28,136.94583333333333,631.16666666666652,494.22083333333319,80.05363084428663,79.528353000888131,0.52527784339849859,6442b4dc8c51f31c88d58affa65abde78ae19d6e18ee6f8b90682b30b693224a,c4c2c3fbebe3c8e92d6104c07b3a6693c6f0bbbaac2fb8f4216ef86c9b0f9c5c
NAUMANN_CAL_T60_SOC100,training,NAUMANN_CAL_T0_SOC50;NAUMANN_CAL_T10_SOC50;NAUMANN_CAL_T25_SOC0;NAUMANN_CAL_T25_SOC100;NAUMANN_CAL_T60_SOC0;NAUMANN_CAL_T60_SOC50,6,10,29,136.94583333333333,658.79166666666652,521.84583333333319,79.694918689639763,79.153276014679648,0.54164267496011576,6442b4dc8c51f31c88d58affa65abde78ae19d6e18ee6f8b90682b30b693224a,c4c2c3fbebe3c8e92d6104c07b3a6693c6f0bbbaac2fb8f4216ef86c9b0f9c5c
NAUMANN_CAL_T60_SOC100,training,NAUMANN_CAL_T0_SOC50;NAUMANN_CAL_T10_SOC50;NAUMANN_CAL_T25_SOC0;NAUMANN_CAL_T25_SOC100;NAUMANN_CAL_T60_SOC0;NAUMANN_CAL_T60_SOC50,6,10,30,136.94583333333333,708.375,571.42916666666667,79.1996073520952,78.502150893399232,0.69745645869596729,6442b4dc8c51f31c88d58affa65abde78ae19d6e18ee6f8b90682b30b693224a,c4c2c3fbebe3c8e92d6104c07b3a6693c6f0bbbaac2fb8f4216ef86c9b0f9c5c
NAUMANN_CAL_T60_SOC100,training,NAUMANN_CAL_T0_SOC50;NAUMANN_CAL_T10_SOC50;NAUMANN_CAL_T25_SOC0;NAUMANN_CAL_T25_SOC100;NAUMANN_CAL_T60_SOC0;NAUMANN_CAL_T60_SOC50,6,10,31,136.94583333333333,759.95833333333326,623.01249999999993,78.674913485128883,77.852066384026102,0.8228471011027807,6442b4dc8c51f31c88d58affa65abde78ae19d6e18ee6f8b90682b30b693224a,c4c2c3fbebe3c8e92d6104c07b3a6693c6f0bbbaac2fb8f4216ef86c9b0f9c5c
NAUMANN_CAL_T60_SOC100,training,NAUMANN_CAL_T0_SOC50;NAUMANN_CAL_T10_SOC50;NAUMANN_CAL_T25_SOC0;NAUMANN_CAL_T25_SOC100;NAUMANN_CAL_T60_SOC0;NAUMANN_CAL_T60_SOC50,6,10,32,136.94583333333333,799.58333333333326,662.63749999999993,78.274534258601378,77.369772918108396,0.90476134049298196,6442b4dc8c51f31c88d58affa65abde78ae19d6e18ee6f8b90682b30b693224a,c4c2c3fbebe3c8e92d6104c07b3a6693c6f0bbbaac2fb8f4216ef86c9b0f9c5c
NAUMANN_CAL_T60_SOC100,training,NAUMANN_CAL_T0_SOC50;NAUMANN_CAL_T10_SOC50;NAUMANN_CAL_T25_SOC0;NAUMANN_CAL_T25_SOC100;NAUMANN_CAL_T60_SOC0;NAUMANN_CAL_T60_SOC50,6,10,33,136.94583333333333,840.125,703.17916666666667,77.86987913498902,76.890372353828539,0.97950678116048095,6442b4dc8c51f31c88d58affa65abde78ae19d6e18ee6f8b90682b30b693224a,c4c2c3fbebe3c8e92d6104c07b3a6693c6f0bbbaac2fb8f4216ef86c9b0f9c5c
NAUMANN_CAL_T60_SOC100,training,NAUMANN_CAL_T0_SOC50;NAUMANN_CAL_T10_SOC50;NAUMANN_CAL_T25_SOC0;NAUMANN_CAL_T25_SOC100;NAUMANN_CAL_T60_SOC0;NAUMANN_CAL_T60_SOC50,6,10,34,136.94583333333333,885.04166666666652,748.09583333333319,77.437244974309522,76.37455487083605,1.0626901034734715,6442b4dc8c51f31c88d58affa65abde78ae19d6e18ee6f8b90682b30b693224a,c4c2c3fbebe3c8e92d6104c07b3a6693c6f0bbbaac2fb8f4216ef86c9b0f9c5c
NAUMANN_CAL_T60_SOC50,training,NAUMANN_CAL_T0_SOC50;NAUMANN_CAL_T10_SOC50;NAUMANN_CAL_T25_SOC0;NAUMANN_CAL_T25_SOC100;NAUMANN_CAL_T60_SOC0;NAUMANN_CAL_T60_SOC100,6,10,10,136.94583333333333,161.36250000000001,24.416666666666686,91.490949813849682,91.127951682739976,0.36299813110970547,d0dd988c787ddccc6fe3e32f0042502f1e5dd5a945d5205c405cf39ef7d638a1,e58428b0f5173b8fcdc8d05a03d9ed9be664d17ed3a6a679ff1a5f4bd458fce8
NAUMANN_CAL_T60_SOC50,training,NAUMANN_CAL_T0_SOC50;NAUMANN_CAL_T10_SOC50;NAUMANN_CAL_T25_SOC0;NAUMANN_CAL_T25_SOC100;NAUMANN_CAL_T60_SOC0;NAUMANN_CAL_T60_SOC100,6,10,11,136.94583333333333,186.79166666666663,49.845833333333303,91.0548812593035,90.462535850299815,0.59234540900368415,d0dd988c787ddccc6fe3e32f0042502f1e5dd5a945d5205c405cf39ef7d638a1,e58428b0f5173b8fcdc8d05a03d9ed9be664d17ed3a6a679ff1a5f4bd458fce8
NAUMANN_CAL_T60_SOC50,training,NAUMANN_CAL_T0_SOC50;NAUMANN_CAL_T10_SOC50;NAUMANN_CAL_T25_SOC0;NAUMANN_CAL_T25_SOC100;NAUMANN_CAL_T60_SOC0;NAUMANN_CAL_T60_SOC100,6,10,12,136.94583333333333,213.27500000000001,76.32916666666668,90.426554413510885,89.817455438858161,0.60909897465272422,d0dd988c787ddccc6fe3e32f0042502f1e5dd5a945d5205c405cf39ef7d638a1,e58428b0f5173b8fcdc8d05a03d9ed9be664d17ed3a6a679ff1a5f4bd458fce8
NAUMANN_CAL_T60_SOC50,training,NAUMANN_CAL_T0_SOC50;NAUMANN_CAL_T10_SOC50;NAUMANN_CAL_T25_SOC0;NAUMANN_CAL_T25_SOC100;NAUMANN_CAL_T60_SOC0;NAUMANN_CAL_T60_SOC100,6,10,13,136.94583333333333,239.71250000000001,102.76666666666668,89.738768832933161,89.2134540005368,0.52531483239636145,d0dd988c787ddccc6fe3e32f0042502f1e5dd5a945d5205c405cf39ef7d638a1,e58428b0f5173b8fcdc8d05a03d9ed9be664d17ed3a6a679ff1a5f4bd458fce8
NAUMANN_CAL_T60_SOC50,training,NAUMANN_CAL_T0_SOC50;NAUMANN_CAL_T10_SOC50;NAUMANN_CAL_T25_SOC0;NAUMANN_CAL_T25_SOC100;NAUMANN_CAL_T60_SOC0;NAUMANN_CAL_T60_SOC100,6,10,14,136.94583333333333,266.17083333333329,129.22499999999997,89.042528922909213,88.642427245590568,0.40010167731864499,d0dd988c787ddccc6fe3e32f0042502f1e5dd5a945d5205c405cf39ef7d638a1,e58428b0f5173b8fcdc8d05a03d9ed9be664d17ed3a6a679ff1a5f4bd458fce8
NAUMANN_CAL_T60_SOC50,training,NAUMANN_CAL_T0_SOC50;NAUMANN_CAL_T10_SOC50;NAUMANN_CAL_T25_SOC0;NAUMANN_CAL_T25_SOC100;NAUMANN_CAL_T60_SOC0;NAUMANN_CAL_T60_SOC100,6,10,15,136.94583333333333,292.77916666666664,155.83333333333331,88.366319428490755,88.096935340759202,0.26938408773155231,d0dd988c787ddccc6fe3e32f0042502f1e5dd5a945d5205c405cf39ef7d638a1,e58428b0f5173b8fcdc8d05a03d9ed9be664d17ed3a6a679ff1a5f4bd458fce8
NAUMANN_CAL_T60_SOC50,training,NAUMANN_CAL_T0_SOC50;NAUMANN_CAL_T10_SOC50;NAUMANN_CAL_T25_SOC0;NAUMANN_CAL_T25_SOC100;NAUMANN_CAL_T60_SOC0;NAUMANN_CAL_T60_SOC100,6,10,16,136.94583333333333,319.30833333333334,182.36250000000001,87.756343902637184,87.577928001803912,0.17841590083327219,d0dd988c787ddccc6fe3e32f0042502f1e5dd5a945d5205c405cf39ef7d638a1,e58428b0f5173b8fcdc8d05a03d9ed9be664d17ed3a6a679ff1a5f4bd458fce8
NAUMANN_CAL_T60_SOC50,training,NAUMANN_CAL_T0_SOC50;NAUMANN_CAL_T10_SOC50;NAUMANN_CAL_T25_SOC0;NAUMANN_CAL_T25_SOC100;NAUMANN_CAL_T60_SOC0;NAUMANN_CAL_T60_SOC100,6,10,17,136.94583333333333,345.83749999999998,208.89166666666665,87.29857796272141,87.080676678618303,0.21790128410310672,d0dd988c787ddccc6fe3e32f0042502f1e5dd5a945d5205c405cf39ef7d638a1,e58428b0f5173b8fcdc8d05a03d9ed9be664d17ed3a6a679ff1a5f4bd458fce8
NAUMANN_CAL_T60_SOC50,training,NAUMANN_CAL_T0_SOC50;NAUMANN_CAL_T10_SOC50;NAUMANN_CAL_T25_SOC0;NAUMANN_CAL_T25_SOC100;NAUMANN_CAL_T60_SOC0;NAUMANN_CAL_T60_SOC100,6,10,18,136.94583333333333,376.31666666666666,239.37083333333334,86.661632710216224,86.533048503432141,0.12858420678408322,d0dd988c787ddccc6fe3e32f0042502f1e5dd5a945d5205c405cf39ef7d638a1,e58428b0f5173b8fcdc8d05a03d9ed9be664d17ed3a6a679ff1a5f4bd458fce8
NAUMANN_CAL_T60_SOC50,training,NAUMANN_CAL_T0_SOC50;NAUMANN_CAL_T10_SOC50;NAUMANN_CAL_T25_SOC0;NAUMANN_CAL_T25_SOC100;NAUMANN_CAL_T60_SOC0;NAUMANN_CAL_T60_SOC100,6,10,19,136.94583333333333,402.74166666666662,265.79583333333329,86.192074639433002,86.076476980024466,0.11559765940853595,d0dd988c787ddccc6fe3e32f0042502f1e5dd5a945d5205c405cf39ef7d638a1,e58428b0f5173b8fcdc8d05a03d9ed9be664d17ed3a6a679ff1a5f4bd458fce8
NAUMANN_CAL_T60_SOC50,training,NAUMANN_CAL_T0_SOC50;NAUMANN_CAL_T10_SOC50;NAUMANN_CAL_T25_SOC0;NAUMANN_CAL_T25_SOC100;NAUMANN_CAL_T60_SOC0;NAUMANN_CAL_T60_SOC100,6,10,20,136.94583333333333,429.25,292.30416666666667,85.798191372865844,85.63370991391939,0.1644814589464545,d0dd988c787ddccc6fe3e32f0042502f1e5dd5a945d5205c405cf39ef7d638a1,e58428b0f5173b8fcdc8d05a03d9ed9be664d17ed3a6a679ff1a5f4bd458fce8
NAUMANN_CAL_T60_SOC50,training,NAUMANN_CAL_T0_SOC50;NAUMANN_CAL_T10_SOC50;NAUMANN_CAL_T25_SOC0;NAUMANN_CAL_T25_SOC100;NAUMANN_CAL_T60_SOC0;NAUMANN_CAL_T60_SOC100,6,10,21,136.94583333333333,455.79166666666663,318.8458333333333,85.430808686592258,85.204273987520338,0.22653469907191948,d0dd988c787ddccc6fe3e32f0042502f1e5dd5a945d5205c405cf39ef7d638a1,e58428b0f5173b8fcdc8d05a03d9ed9be664d17ed3a6a679ff1a5f4bd458fce8
NAUMANN_CAL_T60_SOC50,training,NAUMANN_CAL_T0_SOC50;NAUMANN_CAL_T10_SOC50;NAUMANN_CAL_T25_SOC0;NAUMANN_CAL_T25_SOC100;NAUMANN_CAL_T60_SOC0;NAUMANN_CAL_T60_SOC100,6,10,22,136.94583333333333,482.29166666666663,345.3458333333333,85.005164809261956,84.788171149456474,0.2169936598054818,d0dd988c787ddccc6fe3e32f0042502f1e5dd5a945d5205c405cf39ef7d638a1,e58428b0f5173b8fcdc8d05a03d9ed9be664d17ed3a6a679ff1a5f4bd458fce8
NAUMANN_CAL_T60_SOC50,training,NAUMANN_CAL_T0_SOC50;NAUMANN_CAL_T10_SOC50;NAUMANN_CAL_T25_SOC0;NAUMANN_CAL_T25_SOC100;NAUMANN_CAL_T60_SOC0;NAUMANN_CAL_T60_SOC100,6,10,23,136.94583333333333,508.79166666666663,371.8458333333333,84.652854683010403,84.383677718117752,0.26917696489265097,d0dd988c787ddccc6fe3e32f0042502f1e5dd5a945d5205c405cf39ef7d638a1,e58428b0f5173b8fcdc8d05a03d9ed9be664d17ed3a6a679ff1a5f4bd458fce8
NAUMANN_CAL_T60_SOC50,training,NAUMANN_CAL_T0_SOC50;NAUMANN_CAL_T10_SOC50;NAUMANN_CAL_T25_SOC0;NAUMANN_CAL_T25_SOC100;NAUMANN_CAL_T60_SOC0;NAUMANN_CAL_T60_SOC100,6,10,24,136.94583333333333,535.16666666666652,398.22083333333319,84.275280181757523,83.991722804003061,0.28355737775446244,d0dd988c787ddccc6fe3e32f0042502f1e5dd5a945d5205c405cf39ef7d638a1,e58428b0f5173b8fcdc8d05a03d9ed9be664d17ed3a6a679ff1a5f4bd458fce8
NAUMANN_CAL_T60_SOC50,training,NAUMANN_CAL_T0_SOC50;NAUMANN_CAL_T10_SOC50;NAUMANN_CAL_T25_SOC0;NAUMANN_CAL_T25_SOC100;NAUMANN_CAL_T60_SOC0;NAUMANN_CAL_T60_SOC100,6,10,25,136.94583333333333,561.70833333333337,424.76250000000005,83.916243430977659,83.607204638024882,0.30903879295277648,d0dd988c787ddccc6fe3e32f0042502f1e5dd5a945d5205c405cf39ef7d638a1,e58428b0f5173b8fcdc8d05a03d9ed9be664d17ed3a6a679ff1a5f4bd458fce8
NAUMANN_CAL_T60_SOC50,training,NAUMANN_CAL_T0_SOC50;NAUMANN_CAL_T10_SOC50;NAUMANN_CAL_T25_SOC0;NAUMANN_CAL_T25_SOC100;NAUMANN_CAL_T60_SOC0;NAUMANN_CAL_T60_SOC100,6,10,26,136.94583333333333,588.29166666666652,451.34583333333319,83.550112010534463,83.231346852472115,0.31876515806234806,d0dd988c787ddccc6fe3e32f0042502f1e5dd5a945d5205c405cf39ef7d638a1,e58428b0f5173b8fcdc8d05a03d9ed9be664d17ed3a6a679ff1a5f4bd458fce8
NAUMANN_CAL_T60_SOC50,training,NAUMANN_CAL_T0_SOC50;NAUMANN_CAL_T10_SOC50;NAUMANN_CAL_T25_SOC0;NAUMANN_CAL_T25_SOC100;NAUMANN_CAL_T60_SOC0;NAUMANN_CAL_T60_SOC100,6,10,27,136.94583333333333,612.29166666666652,475.34583333333319,83.194446706524701,82.899455237658216,0.29499146886648475,d0dd988c787ddccc6fe3e32f0042502f1e5dd5a945d5205c405cf39ef7d638a1,e58428b0f5173b8fcdc8d05a03d9ed9be664d17ed3a6a679ff1a5f4bd458fce8
NAUMANN_CAL_T60_SOC50,training,NAUMANN_CAL_T0_SOC50;NAUMANN_CAL_T10_SOC50;NAUMANN_CAL_T25_SOC0;NAUMANN_CAL_T25_SOC100;NAUMANN_CAL_T60_SOC0;NAUMANN_CAL_T60_SOC100,6,10,28,136.94583333333333,631.16666666666652,494.22083333333319,82.897981436424601,82.643113430747022,0.25486800567757939,d0dd988c787ddccc6fe3e32f0042502f1e5dd5a945d5205c405cf39ef7d638a1,e58428b0f5173b8fcdc8d05a03d9ed9be664d17ed3a6a679ff1a5f4bd458fce8
NAUMANN_CAL_T60_SOC50,training,NAUMANN_CAL_T0_SOC50;NAUMANN_CAL_T10_SOC50;NAUMANN_CAL_T25_SOC0;NAUMANN_CAL_T25_SOC100;NAUMANN_CAL_T60_SOC0;NAUMANN_CAL_T60_SOC100,6,10,29,136.94583333333333,658.79166666666652,521.84583333333319,82.45152120231738,82.274949251786495,0.17657195053088515,d0dd988c787ddccc6fe3e32f0042502f1e5dd5a945d5205c405cf39ef7d638a1,e58428b0f5173b8fcdc8d05a03d9ed9be664d17ed3a6a679ff1a5f4bd458fce8
NAUMANN_CAL_T60_SOC50,training,NAUMANN_CAL_T0_SOC50;NAUMANN_CAL_T10_SOC50;NAUMANN_CAL_T25_SOC0;NAUMANN_CAL_T25_SOC100;NAUMANN_CAL_T60_SOC0;NAUMANN_CAL_T60_SOC100,6,10,30,136.94583333333333,708.375,571.42916666666667,81.967962536600027,81.633547549426993,0.33441498717303375,d0dd988c787ddccc6fe3e32f0042502f1e5dd5a945d5205c405cf39ef7d638a1,e58428b0f5173b8fcdc8d05a03d9ed9be664d17ed3a6a679ff1a5f4bd458fce8
NAUMANN_CAL_T60_SOC50,training,NAUMANN_CAL_T0_SOC50;NAUMANN_CAL_T10_SOC50;NAUMANN_CAL_T25_SOC0;NAUMANN_CAL_T25_SOC100;NAUMANN_CAL_T60_SOC0;NAUMANN_CAL_T60_SOC100,6,10,31,136.94583333333333,759.95833333333326,623.01249999999993,81.408140485363717,80.990352321357719,0.41778816400599794,d0dd988c787ddccc6fe3e32f0042502f1e5dd5a945d5205c405cf39ef7d638a1,e58428b0f5173b8fcdc8d05a03d9ed9be664d17ed3a6a679ff1a5f4bd458fce8
NAUMANN_CAL_T60_SOC50,training,NAUMANN_CAL_T0_SOC50;NAUMANN_CAL_T10_SOC50;NAUMANN_CAL_T25_SOC0;NAUMANN_CAL_T25_SOC100;NAUMANN_CAL_T60_SOC0;NAUMANN_CAL_T60_SOC100,6,10,32,136.94583333333333,799.58333333333326,662.63749999999993,80.949795835910777,80.511392196064492,0.43840363984628539,d0dd988c787ddccc6fe3e32f0042502f1e5dd5a945d5205c405cf39ef7d638a1,e58428b0f5173b8fcdc8d05a03d9ed9be664d17ed3a6a679ff1a5f4bd458fce8
NAUMANN_CAL_T60_SOC50,training,NAUMANN_CAL_T0_SOC50;NAUMANN_CAL_T10_SOC50;NAUMANN_CAL_T25_SOC0;NAUMANN_CAL_T25_SOC100;NAUMANN_CAL_T60_SOC0;NAUMANN_CAL_T60_SOC100,6,10,33,136.94583333333333,840.125,703.17916666666667,80.496075021598628,80.03383478140853,0.46224024019009846,d0dd988c787ddccc6fe3e32f0042502f1e5dd5a945d5205c405cf39ef7d638a1,e58428b0f5173b8fcdc8d05a03d9ed9be664d17ed3a6a679ff1a5f4bd458fce8
NAUMANN_CAL_T60_SOC50,training,NAUMANN_CAL_T0_SOC50;NAUMANN_CAL_T10_SOC50;NAUMANN_CAL_T25_SOC0;NAUMANN_CAL_T25_SOC100;NAUMANN_CAL_T60_SOC0;NAUMANN_CAL_T60_SOC100,6,10,34,136.94583333333333,885.04166666666652,748.09583333333319,79.95367388993796,79.518393292565378,0.43528059737258218,d0dd988c787ddccc6fe3e32f0042502f1e5dd5a945d5205c405cf39ef7d638a1,e58428b0f5173b8fcdc8d05a03d9ed9be664d17ed3a6a679ff1a5f4bd458fce8
