cell_id,target_condition_id,source_cell_number,storage_soc_fraction,target_elapsed_days,candidate_method,comparator_method,true_capacity_retention_pct,candidate_predicted_capacity_retention_pct,comparator_predicted_capacity_retention_pct,candidate_absolute_error_pp,comparator_absolute_error_pp,paired_delta_absolute_error_pp,candidate_outcome
GEISBAUER_LFP_CELL_007,GEISBAUER_LFP_T60_SOC20,7,0.20000000000000001,84,mechanism_gated_hierarchical_activation_offset_hybrid_v1,target_prefix_only_sqrt_time_v1,96.912618890321923,97.099374801258264,97.353166408017117,0.18675591093634125,0.44054751769519385,-0.25379160675885259,candidate_better
GEISBAUER_LFP_CELL_007,GEISBAUER_LFP_T60_SOC20,7,0.20000000000000001,120,mechanism_gated_hierarchical_activation_offset_hybrid_v1,target_prefix_only_sqrt_time_v1,95.563441010879089,96.297420588935481,96.836428766714732,0.7339795780563918,1.2729877558356435,-0.5390081777792517,candidate_better
GEISBAUER_LFP_CELL_008,GEISBAUER_LFP_T60_SOC20,8,0.20000000000000001,84,mechanism_gated_hierarchical_activation_offset_hybrid_v1,target_prefix_only_sqrt_time_v1,95.269194730077118,96.043636852414068,96.53732937179845,0.77444212233694998,1.2681346417213319,-0.49369251938438197,candidate_better
GEISBAUER_LFP_CELL_008,GEISBAUER_LFP_T60_SOC20,8,0.20000000000000001,120,mechanism_gated_hierarchical_activation_offset_hybrid_v1,target_prefix_only_sqrt_time_v1,93.370093187660657,94.821028342000034,95.861317000471615,1.4509351543393763,2.4912238128109578,-1.0402886584715816,candidate_better
GEISBAUER_LFP_CELL_025,GEISBAUER_LFP_T60_SOC50,25,0.5,84,mechanism_gated_hierarchical_activation_offset_hybrid_v1,target_prefix_only_sqrt_time_v1,95.658363134726372,96.977184780951376,97.182695178225089,1.318821646225004,1.5243320434987169,-0.2055103972737129,candidate_better
GEISBAUER_LFP_CELL_025,GEISBAUER_LFP_T60_SOC50,25,0.5,120,mechanism_gated_hierarchical_activation_offset_hybrid_v1,target_prefix_only_sqrt_time_v1,92.33506862264143,96.21315271825766,96.632676675798905,3.8780840956162308,4.2976080531574752,-0.41952395754124439,candidate_better
GEISBAUER_LFP_CELL_026,GEISBAUER_LFP_T60_SOC50,26,0.5,84,mechanism_gated_hierarchical_activation_offset_hybrid_v1,target_prefix_only_sqrt_time_v1,95.269424986229012,96.239806775436193,96.467443857429672,0.9703817892071811,1.1980188712006594,-0.22763708199347832,candidate_better
GEISBAUER_LFP_CELL_026,GEISBAUER_LFP_T60_SOC50,26,0.5,120,mechanism_gated_hierarchical_activation_offset_hybrid_v1,target_prefix_only_sqrt_time_v1,91.737373962266304,95.307888880491106,95.777787834319994,3.5705149182248022,4.0404138720536906,-0.46989895382888847,candidate_better
GEISBAUER_LFP_CELL_043,GEISBAUER_LFP_T60_SOC100,43,1,84,mechanism_gated_hierarchical_activation_offset_hybrid_v1,target_prefix_only_sqrt_time_v1,87.465816482881678,92.95439316794544,91.95891270459876,5.4885766850637623,4.4930962217170816,0.99548046334668072,candidate_worse_negative_transfer
GEISBAUER_LFP_CELL_043,GEISBAUER_LFP_T60_SOC100,43,1,120,mechanism_gated_hierarchical_activation_offset_hybrid_v1,target_prefix_only_sqrt_time_v1,80.889204738106969,92.317763791515247,90.389062414381115,11.428559053408279,9.4998576762741465,1.9287013771341321,candidate_worse_negative_transfer
GEISBAUER_LFP_CELL_044,GEISBAUER_LFP_T60_SOC100,44,1,84,mechanism_gated_hierarchical_activation_offset_hybrid_v1,target_prefix_only_sqrt_time_v1,86.92420657693701,92.4641858541966,91.518038781990697,5.5399792772595902,4.5938322050536868,0.94614707220590333,candidate_worse_negative_transfer
GEISBAUER_LFP_CELL_044,GEISBAUER_LFP_T60_SOC100,44,1,120,mechanism_gated_hierarchical_activation_offset_hybrid_v1,target_prefix_only_sqrt_time_v1,80.189838666031974,91.701180347003373,89.862117288970481,11.511341680971398,9.6722786229385065,1.8390630580328917,candidate_worse_negative_transfer
GEISBAUER_LFP_CELL_071,GEISBAUER_LFP_T60_SOC20,71,0.20000000000000001,84,mechanism_gated_hierarchical_activation_offset_hybrid_v1,target_prefix_only_sqrt_time_v1,101.86410132571272,99.974538664845156,100,1.8895626608675684,1.8641013257127241,0.025461335154844278,candidate_worse_negative_transfer
GEISBAUER_LFP_CELL_071,GEISBAUER_LFP_T60_SOC20,71,0.20000000000000001,120,mechanism_gated_hierarchical_activation_offset_hybrid_v1,target_prefix_only_sqrt_time_v1,100.26682524093029,99.969142259186043,100,0.29768298174424501,0.26682524093028803,0.03085774081395698,candidate_worse_negative_transfer
GEISBAUER_LFP_CELL_072,GEISBAUER_LFP_T60_SOC20,72,0.20000000000000001,84,mechanism_gated_hierarchical_activation_offset_hybrid_v1,target_prefix_only_sqrt_time_v1,102.44541555808895,99.978917837544401,100,2.4664977205445524,2.4454155580889534,0.021082162455599018,candidate_worse_negative_transfer
GEISBAUER_LFP_CELL_072,GEISBAUER_LFP_T60_SOC20,72,0.20000000000000001,120,mechanism_gated_hierarchical_activation_offset_hybrid_v1,target_prefix_only_sqrt_time_v1,100.62376380505759,99.974504251531286,100,0.64925955352630638,0.62376380505759244,0.025495748468713941,candidate_worse_negative_transfer
GEISBAUER_LFP_CELL_083,GEISBAUER_LFP_T60_SOC50,83,0.5,84,mechanism_gated_hierarchical_activation_offset_hybrid_v1,target_prefix_only_sqrt_time_v1,100.6052351345669,99.966210326014505,100,0.63902480855239219,0.6052351345668967,0.033789673985495483,candidate_worse_negative_transfer
GEISBAUER_LFP_CELL_083,GEISBAUER_LFP_T60_SOC50,83,0.5,120,mechanism_gated_hierarchical_activation_offset_hybrid_v1,target_prefix_only_sqrt_time_v1,97.200786991865073,99.960412670359702,100,2.7596256784946291,2.7992130081349273,-0.039587329640298208,candidate_better
GEISBAUER_LFP_CELL_084,GEISBAUER_LFP_T60_SOC50,84,0.5,84,mechanism_gated_hierarchical_activation_offset_hybrid_v1,target_prefix_only_sqrt_time_v1,101.19335320811723,99.973920964697015,100,1.2194322434202149,1.1933532081172302,0.026079035302984721,candidate_worse_negative_transfer
GEISBAUER_LFP_CELL_084,GEISBAUER_LFP_T60_SOC50,84,0.5,120,mechanism_gated_hierarchical_activation_offset_hybrid_v1,target_prefix_only_sqrt_time_v1,98.130181511555804,99.969541918682978,100,1.8393604071271739,1.8698184884441957,-0.030458081317021879,candidate_better
GEISBAUER_LFP_CELL_095,GEISBAUER_LFP_T60_SOC100,95,1,84,mechanism_gated_hierarchical_activation_offset_hybrid_v1,target_prefix_only_sqrt_time_v1,91.486208701611943,97.544609580847521,97.42586904678916,6.0584008792355775,5.9396603451772165,0.11874053405836094,candidate_worse_negative_transfer
GEISBAUER_LFP_CELL_095,GEISBAUER_LFP_T60_SOC100,95,1,120,mechanism_gated_hierarchical_activation_offset_hybrid_v1,target_prefix_only_sqrt_time_v1,85.025191518249244,97.166017512058261,96.923325040549187,12.140825993809017,11.898133522299943,0.24269247150907347,candidate_worse_negative_transfer
GEISBAUER_LFP_CELL_096,GEISBAUER_LFP_T60_SOC100,96,1,84,mechanism_gated_hierarchical_activation_offset_hybrid_v1,target_prefix_only_sqrt_time_v1,93.702403960549901,99.675313407605131,99.855068493161241,5.9729094470552297,6.1526645326113396,-0.17975508555610986,candidate_better
GEISBAUER_LFP_CELL_096,GEISBAUER_LFP_T60_SOC100,96,1,120,mechanism_gated_hierarchical_activation_offset_hybrid_v1,target_prefix_only_sqrt_time_v1,87.007095527540983,99.630174800527769,99.826773716632374,12.623079272986786,12.819678189091391,-0.19659891610460534,candidate_better
GEISBAUER_LFP_CELL_112,GEISBAUER_LFP_T60_SOC100,112,1,84,mechanism_gated_hierarchical_activation_offset_hybrid_v1,target_prefix_only_sqrt_time_v1,91.190476096389673,97.26878621357875,97.120246204387826,6.0783101171890763,5.9297701079981522,0.14854000919092414,candidate_worse_negative_transfer
GEISBAUER_LFP_CELL_112,GEISBAUER_LFP_T60_SOC100,112,1,120,mechanism_gated_hierarchical_activation_offset_hybrid_v1,target_prefix_only_sqrt_time_v1,84.517552363652001,96.858865056664015,96.558035875645018,12.341312693012014,12.040483511993017,0.30082918101899736,candidate_worse_negative_transfer
GEISBAUER_LFP_CELL_115,GEISBAUER_LFP_T60_SOC50,115,0.5,84,mechanism_gated_hierarchical_activation_offset_hybrid_v1,target_prefix_only_sqrt_time_v1,101.66362687925452,99.973781739033768,100,1.6898451402207542,1.6636268792545224,0.02621826096623181,candidate_worse_negative_transfer
GEISBAUER_LFP_CELL_115,GEISBAUER_LFP_T60_SOC50,115,0.5,120,mechanism_gated_hierarchical_activation_offset_hybrid_v1,target_prefix_only_sqrt_time_v1,98.296803409177286,99.969380504726061,100,1.6725770955487747,1.7031965908227136,-0.030619495273938924,candidate_better
GEISBAUER_LFP_CELL_118,GEISBAUER_LFP_T60_SOC20,118,0.20000000000000001,84,mechanism_gated_hierarchical_activation_offset_hybrid_v1,target_prefix_only_sqrt_time_v1,101.70639244436741,99.970968883351588,100,1.7354235610158213,1.7063924443674097,0.029031116648411626,candidate_worse_negative_transfer
GEISBAUER_LFP_CELL_118,GEISBAUER_LFP_T60_SOC20,118,0.20000000000000001,120,mechanism_gated_hierarchical_activation_offset_hybrid_v1,target_prefix_only_sqrt_time_v1,100.2427767436657,99.964761420707191,100,0.27801532295850961,0.24277674366570068,0.035238579292808936,candidate_worse_negative_transfer
