scenario,fold_id,target_condition_id,prefix_checkups,prefix_end_checkup_index,prefix_end_days,method,training_state_sha256,prediction_state_sha256,common_support_start_checkup_index,common_support_end_checkup_index,common_support_point_count,common_support_start_days,common_support_end_days,common_support_trajectory_iae_pp,common_support_point_mae_pp,common_support_final_true_retention_pct,common_support_final_predicted_retention_pct,common_support_final_error_pp,common_support_final_absolute_error_pp
v3_soc_interpolation_at_40c,40c_intermediate_soc_v3_activation_development,NAUMANN_CAL_T40_SOC12.5,5,4,29.504583333333333,hierarchical_power_law_prefix_update_v2,9d8e87fde58b293ad61db7045349e5be46f77d6828a0b279523db6822d9c8939,beeb05fcc2bafc80aeca9dc5157f5492401ed3f11b2425b99989c4f028151d99,14,34,21,266.17083333333329,885.04166666666652,3.5283215458001318,3.3844656517527856,93.492343457609309,98.486840540717168,4.9944970831078592,4.9944970831078592
v3_soc_interpolation_at_40c,40c_intermediate_soc_v3_activation_development,NAUMANN_CAL_T40_SOC12.5,5,4,29.504583333333333,mechanism_gated_target_activation_offset_hybrid_v1,9d8e87fde58b293ad61db7045349e5be46f77d6828a0b279523db6822d9c8939,beeb05fcc2bafc80aeca9dc5157f5492401ed3f11b2425b99989c4f028151d99,14,34,21,266.17083333333329,885.04166666666652,3.5283215458001318,3.3844656517527856,93.492343457609309,98.486840540717168,4.9944970831078592,4.9944970831078592
v3_soc_interpolation_at_40c,40c_intermediate_soc_v3_activation_development,NAUMANN_CAL_T40_SOC12.5,8,7,81.041666666666671,hierarchical_power_law_prefix_update_v2,e63b05bb9101dac67f669ec68a880adad40b8f0044a300f4e9bbc77604226818,f2ad505c5eaa6526c4f52736b7838e2801894b9625ac3c1459229899676a6132,14,34,21,266.17083333333329,885.04166666666652,5.5255928727565609,5.1018455195575463,93.492343457609309,83.302117958070482,-10.190225499538826,10.190225499538826
v3_soc_interpolation_at_40c,40c_intermediate_soc_v3_activation_development,NAUMANN_CAL_T40_SOC12.5,8,7,81.041666666666671,mechanism_gated_target_activation_offset_hybrid_v1,e63b05bb9101dac67f669ec68a880adad40b8f0044a300f4e9bbc77604226818,f2ad505c5eaa6526c4f52736b7838e2801894b9625ac3c1459229899676a6132,14,34,21,266.17083333333329,885.04166666666652,0.73359728450411588,0.71417275344067699,93.492343457609309,92.66473176657054,-0.82761169103876853,0.82761169103876853
v3_soc_interpolation_at_40c,40c_intermediate_soc_v3_activation_development,NAUMANN_CAL_T40_SOC12.5,10,9,136.94583333333333,hierarchical_power_law_prefix_update_v2,10edf119c51f9f8e00f9320d0fe23fcb6e4edd82ee52998c739de2f54cf728ed,60b85a591b791d79067926f7f523ed504b20fe835cd55bf3f18859268ee4fcbe,14,34,21,266.17083333333329,885.04166666666652,2.5067857384734271,2.3074450645212314,93.492343457609309,88.835271542152839,-4.6570719154564699,4.6570719154564699
v3_soc_interpolation_at_40c,40c_intermediate_soc_v3_activation_development,NAUMANN_CAL_T40_SOC12.5,10,9,136.94583333333333,mechanism_gated_target_activation_offset_hybrid_v1,10edf119c51f9f8e00f9320d0fe23fcb6e4edd82ee52998c739de2f54cf728ed,60b85a591b791d79067926f7f523ed504b20fe835cd55bf3f18859268ee4fcbe,14,34,21,266.17083333333329,885.04166666666652,0.30873000990476579,0.2741546931222687,93.492343457609309,94.257525163369692,0.76518170576038358,0.76518170576038358
v3_soc_interpolation_at_40c,40c_intermediate_soc_v3_activation_development,NAUMANN_CAL_T40_SOC12.5,14,13,239.71250000000001,hierarchical_power_law_prefix_update_v2,1685eb3ff040b97e556e59290236427bd01fa6693e35f25b6b5e068dfcb33837,8548e4193185bf2b1a7929c7faa4d122ff6f6dd446dc5aebe4f7aed50d3f572c,14,34,21,266.17083333333329,885.04166666666652,0.69615422841222729,0.63196292875048854,93.492343457609309,92.135790002116167,-1.3565534554931418,1.3565534554931418
v3_soc_interpolation_at_40c,40c_intermediate_soc_v3_activation_development,NAUMANN_CAL_T40_SOC12.5,14,13,239.71250000000001,mechanism_gated_target_activation_offset_hybrid_v1,1685eb3ff040b97e556e59290236427bd01fa6693e35f25b6b5e068dfcb33837,8548e4193185bf2b1a7929c7faa4d122ff6f6dd446dc5aebe4f7aed50d3f572c,14,34,21,266.17083333333329,885.04166666666652,0.47664616403219495,0.43090064300526926,93.492343457609309,94.532554513777697,1.0402110561683884,1.0402110561683884
v3_soc_interpolation_at_40c,40c_intermediate_soc_v3_activation_development,NAUMANN_CAL_T40_SOC37.5,5,4,29.504583333333333,hierarchical_power_law_prefix_update_v2,9d8e87fde58b293ad61db7045349e5be46f77d6828a0b279523db6822d9c8939,8a929267e241fba754ad2e0181c3b44f72919457e9c89e088f1e092188da912d,14,34,21,266.17083333333329,885.04166666666652,4.2481280329311524,4.0355853587852328,90.735839071610982,84.344136225713044,-6.3917028458979388,6.3917028458979388
v3_soc_interpolation_at_40c,40c_intermediate_soc_v3_activation_development,NAUMANN_CAL_T40_SOC37.5,5,4,29.504583333333333,mechanism_gated_target_activation_offset_hybrid_v1,9d8e87fde58b293ad61db7045349e5be46f77d6828a0b279523db6822d9c8939,8a929267e241fba754ad2e0181c3b44f72919457e9c89e088f1e092188da912d,14,34,21,266.17083333333329,885.04166666666652,4.2481280329311524,4.0355853587852328,90.735839071610982,84.344136225713044,-6.3917028458979388,6.3917028458979388
v3_soc_interpolation_at_40c,40c_intermediate_soc_v3_activation_development,NAUMANN_CAL_T40_SOC37.5,8,7,81.041666666666671,hierarchical_power_law_prefix_update_v2,e63b05bb9101dac67f669ec68a880adad40b8f0044a300f4e9bbc77604226818,e2b1038c9fa14d3aab4339b646e8b09b4093150632019d0ea14c6881692257c3,14,34,21,266.17083333333329,885.04166666666652,1.3684983582911268,1.3018797137924845,90.735839071610982,88.697999268868955,-2.0378398027420275,2.0378398027420275
v3_soc_interpolation_at_40c,40c_intermediate_soc_v3_activation_development,NAUMANN_CAL_T40_SOC37.5,8,7,81.041666666666671,mechanism_gated_target_activation_offset_hybrid_v1,e63b05bb9101dac67f669ec68a880adad40b8f0044a300f4e9bbc77604226818,e2b1038c9fa14d3aab4339b646e8b09b4093150632019d0ea14c6881692257c3,14,34,21,266.17083333333329,885.04166666666652,1.3684983582911268,1.3018797137924845,90.735839071610982,88.697999268868955,-2.0378398027420275,2.0378398027420275
v3_soc_interpolation_at_40c,40c_intermediate_soc_v3_activation_development,NAUMANN_CAL_T40_SOC37.5,10,9,136.94583333333333,hierarchical_power_law_prefix_update_v2,10edf119c51f9f8e00f9320d0fe23fcb6e4edd82ee52998c739de2f54cf728ed,c98173587f33387d19d02ec5642ebe7b0f788e48c9fdb00820b96adb8e2404e9,14,34,21,266.17083333333329,885.04166666666652,0.36685078890797401,0.3510769290126598,90.735839071610982,90.208764114091224,-0.52707495751975841,0.52707495751975841
v3_soc_interpolation_at_40c,40c_intermediate_soc_v3_activation_development,NAUMANN_CAL_T40_SOC37.5,10,9,136.94583333333333,mechanism_gated_target_activation_offset_hybrid_v1,10edf119c51f9f8e00f9320d0fe23fcb6e4edd82ee52998c739de2f54cf728ed,c98173587f33387d19d02ec5642ebe7b0f788e48c9fdb00820b96adb8e2404e9,14,34,21,266.17083333333329,885.04166666666652,0.36685078890797401,0.3510769290126598,90.735839071610982,90.208764114091224,-0.52707495751975841,0.52707495751975841
v3_soc_interpolation_at_40c,40c_intermediate_soc_v3_activation_development,NAUMANN_CAL_T40_SOC37.5,14,13,239.71250000000001,hierarchical_power_law_prefix_update_v2,1685eb3ff040b97e556e59290236427bd01fa6693e35f25b6b5e068dfcb33837,fbf25ce9ab4afd95414eb9d4a49e4225d4e19699091f63ba9a0f82fbe662cb7d,14,34,21,266.17083333333329,885.04166666666652,0.026319809410782213,0.028338512745680163,90.735839071610982,90.740460008833978,0.0046209372229952805,0.0046209372229952805
v3_soc_interpolation_at_40c,40c_intermediate_soc_v3_activation_development,NAUMANN_CAL_T40_SOC37.5,14,13,239.71250000000001,mechanism_gated_target_activation_offset_hybrid_v1,1685eb3ff040b97e556e59290236427bd01fa6693e35f25b6b5e068dfcb33837,fbf25ce9ab4afd95414eb9d4a49e4225d4e19699091f63ba9a0f82fbe662cb7d,14,34,21,266.17083333333329,885.04166666666652,0.026319809410782213,0.028338512745680163,90.735839071610982,90.740460008833978,0.0046209372229952805,0.0046209372229952805
v3_soc_interpolation_at_40c,40c_intermediate_soc_v3_activation_development,NAUMANN_CAL_T40_SOC62.5,5,4,29.504583333333333,hierarchical_power_law_prefix_update_v2,9d8e87fde58b293ad61db7045349e5be46f77d6828a0b279523db6822d9c8939,8370a57fa0b59b93fe39f348698315455f22a49a5b69f888be4be4e2d0a52189,14,34,21,266.17083333333329,885.04166666666652,3.3330881614507906,3.1807558529895115,90.289459200236124,85.470305185321138,-4.8191540149149859,4.8191540149149859
v3_soc_interpolation_at_40c,40c_intermediate_soc_v3_activation_development,NAUMANN_CAL_T40_SOC62.5,5,4,29.504583333333333,mechanism_gated_target_activation_offset_hybrid_v1,9d8e87fde58b293ad61db7045349e5be46f77d6828a0b279523db6822d9c8939,8370a57fa0b59b93fe39f348698315455f22a49a5b69f888be4be4e2d0a52189,14,34,21,266.17083333333329,885.04166666666652,3.3330881614507906,3.1807558529895115,90.289459200236124,85.470305185321138,-4.8191540149149859,4.8191540149149859
v3_soc_interpolation_at_40c,40c_intermediate_soc_v3_activation_development,NAUMANN_CAL_T40_SOC62.5,8,7,81.041666666666671,hierarchical_power_law_prefix_update_v2,e63b05bb9101dac67f669ec68a880adad40b8f0044a300f4e9bbc77604226818,7d5d20c6a2234846c839f77036bc13bf85b8553d617078188b94f3e66c46b8d8,14,34,21,266.17083333333329,885.04166666666652,0.97234692123976896,0.93301910784680131,90.289459200236124,88.95797444383679,-1.3314847563993339,1.3314847563993339
v3_soc_interpolation_at_40c,40c_intermediate_soc_v3_activation_development,NAUMANN_CAL_T40_SOC62.5,8,7,81.041666666666671,mechanism_gated_target_activation_offset_hybrid_v1,e63b05bb9101dac67f669ec68a880adad40b8f0044a300f4e9bbc77604226818,7d5d20c6a2234846c839f77036bc13bf85b8553d617078188b94f3e66c46b8d8,14,34,21,266.17083333333329,885.04166666666652,0.97234692123976896,0.93301910784680131,90.289459200236124,88.95797444383679,-1.3314847563993339,1.3314847563993339
v3_soc_interpolation_at_40c,40c_intermediate_soc_v3_activation_development,NAUMANN_CAL_T40_SOC62.5,10,9,136.94583333333333,hierarchical_power_law_prefix_update_v2,10edf119c51f9f8e00f9320d0fe23fcb6e4edd82ee52998c739de2f54cf728ed,44c6c96ba10f11c88fb8c95baffc96bdfd9971e6346d6edee015c7f39c5d4cd4,14,34,21,266.17083333333329,885.04166666666652,0.20871701545211341,0.20624917791668027,90.289459200236124,90.086611807528385,-0.20284739270773855,0.20284739270773855
v3_soc_interpolation_at_40c,40c_intermediate_soc_v3_activation_development,NAUMANN_CAL_T40_SOC62.5,10,9,136.94583333333333,mechanism_gated_target_activation_offset_hybrid_v1,10edf119c51f9f8e00f9320d0fe23fcb6e4edd82ee52998c739de2f54cf728ed,44c6c96ba10f11c88fb8c95baffc96bdfd9971e6346d6edee015c7f39c5d4cd4,14,34,21,266.17083333333329,885.04166666666652,0.20871701545211341,0.20624917791668027,90.289459200236124,90.086611807528385,-0.20284739270773855,0.20284739270773855
v3_soc_interpolation_at_40c,40c_intermediate_soc_v3_activation_development,NAUMANN_CAL_T40_SOC62.5,14,13,239.71250000000001,hierarchical_power_law_prefix_update_v2,1685eb3ff040b97e556e59290236427bd01fa6693e35f25b6b5e068dfcb33837,ddf1b2fd12297749e59bf026c734e7858415d11877b544b38620ca12de057022,14,34,21,266.17083333333329,885.04166666666652,0.090640676459700878,0.080376070747092854,90.289459200236124,90.517396502734627,0.22793730249850341,0.22793730249850341
v3_soc_interpolation_at_40c,40c_intermediate_soc_v3_activation_development,NAUMANN_CAL_T40_SOC62.5,14,13,239.71250000000001,mechanism_gated_target_activation_offset_hybrid_v1,1685eb3ff040b97e556e59290236427bd01fa6693e35f25b6b5e068dfcb33837,ddf1b2fd12297749e59bf026c734e7858415d11877b544b38620ca12de057022,14,34,21,266.17083333333329,885.04166666666652,0.090640676459700878,0.080376070747092854,90.289459200236124,90.517396502734627,0.22793730249850341,0.22793730249850341
v3_soc_interpolation_at_40c,40c_intermediate_soc_v3_activation_development,NAUMANN_CAL_T40_SOC87.5,5,4,29.504583333333333,hierarchical_power_law_prefix_update_v2,9d8e87fde58b293ad61db7045349e5be46f77d6828a0b279523db6822d9c8939,e5c26885e9c3e6632e56d7b58c9bcef6a9eddd3e438321386003f1705264a53d,14,34,21,266.17083333333329,885.04166666666652,1.4770732738356418,1.4254398129221133,87.381149771030991,85.313806906565404,-2.0673428644655871,2.0673428644655871
v3_soc_interpolation_at_40c,40c_intermediate_soc_v3_activation_development,NAUMANN_CAL_T40_SOC87.5,5,4,29.504583333333333,mechanism_gated_target_activation_offset_hybrid_v1,9d8e87fde58b293ad61db7045349e5be46f77d6828a0b279523db6822d9c8939,e5c26885e9c3e6632e56d7b58c9bcef6a9eddd3e438321386003f1705264a53d,14,34,21,266.17083333333329,885.04166666666652,1.4770732738356418,1.4254398129221133,87.381149771030991,85.313806906565404,-2.0673428644655871,2.0673428644655871
v3_soc_interpolation_at_40c,40c_intermediate_soc_v3_activation_development,NAUMANN_CAL_T40_SOC87.5,8,7,81.041666666666671,hierarchical_power_law_prefix_update_v2,e63b05bb9101dac67f669ec68a880adad40b8f0044a300f4e9bbc77604226818,bc7c6a130cd3bc66dc8899cfd2011abf737f8b5414fe03cba4abfbc3079c4705,14,34,21,266.17083333333329,885.04166666666652,0.41453013884442458,0.40428593985164224,87.381149771030991,86.772871175689389,-0.60827859534160211,0.60827859534160211
v3_soc_interpolation_at_40c,40c_intermediate_soc_v3_activation_development,NAUMANN_CAL_T40_SOC87.5,8,7,81.041666666666671,mechanism_gated_target_activation_offset_hybrid_v1,e63b05bb9101dac67f669ec68a880adad40b8f0044a300f4e9bbc77604226818,bc7c6a130cd3bc66dc8899cfd2011abf737f8b5414fe03cba4abfbc3079c4705,14,34,21,266.17083333333329,885.04166666666652,0.41453013884442458,0.40428593985164224,87.381149771030991,86.772871175689389,-0.60827859534160211,0.60827859534160211
v3_soc_interpolation_at_40c,40c_intermediate_soc_v3_activation_development,NAUMANN_CAL_T40_SOC87.5,10,9,136.94583333333333,hierarchical_power_law_prefix_update_v2,10edf119c51f9f8e00f9320d0fe23fcb6e4edd82ee52998c739de2f54cf728ed,7c953d16e08fc8734a741b4de155571f66f93c5655d1db2b68af4ca1a4219737,14,34,21,266.17083333333329,885.04166666666652,0.032182071037421454,0.033953637461426718,87.381149771030991,87.343837829537435,-0.037311941493555878,0.037311941493555878
v3_soc_interpolation_at_40c,40c_intermediate_soc_v3_activation_development,NAUMANN_CAL_T40_SOC87.5,10,9,136.94583333333333,mechanism_gated_target_activation_offset_hybrid_v1,10edf119c51f9f8e00f9320d0fe23fcb6e4edd82ee52998c739de2f54cf728ed,7c953d16e08fc8734a741b4de155571f66f93c5655d1db2b68af4ca1a4219737,14,34,21,266.17083333333329,885.04166666666652,0.032182071037421454,0.033953637461426718,87.381149771030991,87.343837829537435,-0.037311941493555878,0.037311941493555878
v3_soc_interpolation_at_40c,40c_intermediate_soc_v3_activation_development,NAUMANN_CAL_T40_SOC87.5,14,13,239.71250000000001,hierarchical_power_law_prefix_update_v2,1685eb3ff040b97e556e59290236427bd01fa6693e35f25b6b5e068dfcb33837,5aa5768e6f12994a6213b8e1f609092db676a03f3ad642742e3613aba32a3f96,14,34,21,266.17083333333329,885.04166666666652,0.12137410202829484,0.11149002478390457,87.381149771030991,87.515204378725272,0.13405460769428146,0.13405460769428146
v3_soc_interpolation_at_40c,40c_intermediate_soc_v3_activation_development,NAUMANN_CAL_T40_SOC87.5,14,13,239.71250000000001,mechanism_gated_target_activation_offset_hybrid_v1,1685eb3ff040b97e556e59290236427bd01fa6693e35f25b6b5e068dfcb33837,5aa5768e6f12994a6213b8e1f609092db676a03f3ad642742e3613aba32a3f96,14,34,21,266.17083333333329,885.04166666666652,0.12137410202829484,0.11149002478390457,87.381149771030991,87.515204378725272,0.13405460769428146,0.13405460769428146
v3_unseen_temperature_level,temperature_c=0,NAUMANN_CAL_T0_SOC50,5,4,29.504583333333333,hierarchical_power_law_prefix_update_v2,8a0c641e7e4a72cc292662cf07cf1f5b52525dbf67965b49737ff451f761d98f,df98960e96e89f710f82cb4186c4ec036641821c834b30f28a46bb4ba3907adc,14,34,21,266.17083333333329,885.04166666666652,0.086085923031986852,0.084611552837855472,97.235264460257468,97.535263143102867,0.29999868284539843,0.29999868284539843
v3_unseen_temperature_level,temperature_c=0,NAUMANN_CAL_T0_SOC50,5,4,29.504583333333333,mechanism_gated_target_activation_offset_hybrid_v1,8a0c641e7e4a72cc292662cf07cf1f5b52525dbf67965b49737ff451f761d98f,df98960e96e89f710f82cb4186c4ec036641821c834b30f28a46bb4ba3907adc,14,34,21,266.17083333333329,885.04166666666652,0.086085923031986852,0.084611552837855472,97.235264460257468,97.535263143102867,0.29999868284539843,0.29999868284539843
v3_unseen_temperature_level,temperature_c=0,NAUMANN_CAL_T0_SOC50,8,7,81.041666666666671,hierarchical_power_law_prefix_update_v2,ca1200ecd28d8391efc41da692715174010e553b24eb0af91899e7bdfa23cf88,929e5f3edd44a24b6125fec024d70c31ab586a4c129a2103499e2cf79341cc82,14,34,21,266.17083333333329,885.04166666666652,0.46829218881154733,0.44797806458675399,97.235264460257468,96.882735786184185,-0.35252867407328381,0.35252867407328381
v3_unseen_temperature_level,temperature_c=0,NAUMANN_CAL_T0_SOC50,8,7,81.041666666666671,mechanism_gated_target_activation_offset_hybrid_v1,ca1200ecd28d8391efc41da692715174010e553b24eb0af91899e7bdfa23cf88,929e5f3edd44a24b6125fec024d70c31ab586a4c129a2103499e2cf79341cc82,14,34,21,266.17083333333329,885.04166666666652,0.46829218881154733,0.44797806458675399,97.235264460257468,96.882735786184185,-0.35252867407328381,0.35252867407328381
v3_unseen_temperature_level,temperature_c=0,NAUMANN_CAL_T0_SOC50,10,9,136.94583333333333,hierarchical_power_law_prefix_update_v2,53823bfd02ee0a62ee743a4a0633056a2a58404768a4efdb3c800bf4b10f8b21,912f83efcce7b716268d7e67d7d9d708532c486b81904ccc5171d02dc3ac9b00,14,34,21,266.17083333333329,885.04166666666652,0.071523277988242817,0.070881798813142424,97.235264460257468,97.638065156562888,0.40280069630541959,0.40280069630541959
v3_unseen_temperature_level,temperature_c=0,NAUMANN_CAL_T0_SOC50,10,9,136.94583333333333,mechanism_gated_target_activation_offset_hybrid_v1,53823bfd02ee0a62ee743a4a0633056a2a58404768a4efdb3c800bf4b10f8b21,912f83efcce7b716268d7e67d7d9d708532c486b81904ccc5171d02dc3ac9b00,14,34,21,266.17083333333329,885.04166666666652,0.071523277988242817,0.070881798813142424,97.235264460257468,97.638065156562888,0.40280069630541959,0.40280069630541959
v3_unseen_temperature_level,temperature_c=0,NAUMANN_CAL_T0_SOC50,14,13,239.71250000000001,hierarchical_power_law_prefix_update_v2,8cbbe1d67e60772c4b6d9aafc62441b1fcb3fcf6e52ddb115f6f6bee225b2133,252aab7a04092bf0a41459515f7f387bc3041f44345ef04a211ba28192780bcc,14,34,21,266.17083333333329,885.04166666666652,0.15032139964271635,0.13996983006481536,97.235264460257468,97.806204546800245,0.57094008654277673,0.57094008654277673
v3_unseen_temperature_level,temperature_c=0,NAUMANN_CAL_T0_SOC50,14,13,239.71250000000001,mechanism_gated_target_activation_offset_hybrid_v1,8cbbe1d67e60772c4b6d9aafc62441b1fcb3fcf6e52ddb115f6f6bee225b2133,252aab7a04092bf0a41459515f7f387bc3041f44345ef04a211ba28192780bcc,14,34,21,266.17083333333329,885.04166666666652,0.15032139964271635,0.13996983006481536,97.235264460257468,97.806204546800245,0.57094008654277673,0.57094008654277673
v3_unseen_temperature_level,temperature_c=10,NAUMANN_CAL_T10_SOC50,5,4,29.504583333333333,hierarchical_power_law_prefix_update_v2,bb823340c571578743e948413083fd86aac31f08c4073adf5bd82d9c7ccc1be7,7f2b2dc62f04b6a5df3e1eee6f161ad71ea2a89e8bc8a99202c7bd70d49ac554,14,34,21,266.17083333333329,885.04166666666652,0.30784164403387815,0.29651072119592248,96.961247700532525,96.636045621256173,-0.3252020792763517,0.3252020792763517
v3_unseen_temperature_level,temperature_c=10,NAUMANN_CAL_T10_SOC50,5,4,29.504583333333333,mechanism_gated_target_activation_offset_hybrid_v1,bb823340c571578743e948413083fd86aac31f08c4073adf5bd82d9c7ccc1be7,7f2b2dc62f04b6a5df3e1eee6f161ad71ea2a89e8bc8a99202c7bd70d49ac554,14,34,21,266.17083333333329,885.04166666666652,0.30784164403387815,0.29651072119592248,96.961247700532525,96.636045621256173,-0.3252020792763517,0.3252020792763517
v3_unseen_temperature_level,temperature_c=10,NAUMANN_CAL_T10_SOC50,8,7,81.041666666666671,hierarchical_power_law_prefix_update_v2,9a64fea4d212a51066dbf354b84a7f9aceb6dff4ce6145c0f0dd3e375dde93e0,056666e13f01086dbd47bf3a47f631737edf50f49f8121dafab4c13e1752f196,14,34,21,266.17083333333329,885.04166666666652,0.15853089045897101,0.15233050344491178,96.961247700532525,96.834603794975081,-0.12664390555744376,0.12664390555744376
v3_unseen_temperature_level,temperature_c=10,NAUMANN_CAL_T10_SOC50,8,7,81.041666666666671,mechanism_gated_target_activation_offset_hybrid_v1,9a64fea4d212a51066dbf354b84a7f9aceb6dff4ce6145c0f0dd3e375dde93e0,056666e13f01086dbd47bf3a47f631737edf50f49f8121dafab4c13e1752f196,14,34,21,266.17083333333329,885.04166666666652,0.15853089045897101,0.15233050344491178,96.961247700532525,96.834603794975081,-0.12664390555744376,0.12664390555744376
v3_unseen_temperature_level,temperature_c=10,NAUMANN_CAL_T10_SOC50,10,9,136.94583333333333,hierarchical_power_law_prefix_update_v2,4a68d0b79787e0afae393b2852abe68ec950d731715f42f3124aca4929a0c292,6c6b47ab8f4e25fab360fd4d0a988b77a169ca1c3da7e4e66096b8a65a400fc0,14,34,21,266.17083333333329,885.04166666666652,0.11259130406544156,0.10646850843444747,96.961247700532525,97.225341357301843,0.26409365676931884,0.26409365676931884
v3_unseen_temperature_level,temperature_c=10,NAUMANN_CAL_T10_SOC50,10,9,136.94583333333333,mechanism_gated_target_activation_offset_hybrid_v1,4a68d0b79787e0afae393b2852abe68ec950d731715f42f3124aca4929a0c292,6c6b47ab8f4e25fab360fd4d0a988b77a169ca1c3da7e4e66096b8a65a400fc0,14,34,21,266.17083333333329,885.04166666666652,0.11259130406544156,0.10646850843444747,96.961247700532525,97.225341357301843,0.26409365676931884,0.26409365676931884
v3_unseen_temperature_level,temperature_c=10,NAUMANN_CAL_T10_SOC50,14,13,239.71250000000001,hierarchical_power_law_prefix_update_v2,6dd0a4e8e352802ee1916b35a2a62d3053924cfdbee0f2ec487b0d62a5a97b53,674b6216e49b0185d5fac93fe2f33af25052c58316a6a67ee1b2bfeec8faa0f0,14,34,21,266.17083333333329,885.04166666666652,0.1114793235807901,0.10560846374371211,96.961247700532525,97.221713454115047,0.26046575358252255,0.26046575358252255
v3_unseen_temperature_level,temperature_c=10,NAUMANN_CAL_T10_SOC50,14,13,239.71250000000001,mechanism_gated_target_activation_offset_hybrid_v1,6dd0a4e8e352802ee1916b35a2a62d3053924cfdbee0f2ec487b0d62a5a97b53,674b6216e49b0185d5fac93fe2f33af25052c58316a6a67ee1b2bfeec8faa0f0,14,34,21,266.17083333333329,885.04166666666652,0.1114793235807901,0.10560846374371211,96.961247700532525,97.221713454115047,0.26046575358252255,0.26046575358252255
v3_unseen_temperature_level,temperature_c=25,NAUMANN_CAL_T25_SOC0,5,4,29.504583333333333,hierarchical_power_law_prefix_update_v2,9c059b45f0b27159f44a5cdab306ae87fe834cd914d03bc88d4949d6bf4120e6,0f4808753923c2739a17c566820becc9cfb01baf5047575c619c19d1bae29002,14,34,21,266.17083333333329,885.04166666666652,1.3864707004866013,1.33180109800761,97.872716565331487,99.825103047265898,1.9523864819344112,1.9523864819344112
v3_unseen_temperature_level,temperature_c=25,NAUMANN_CAL_T25_SOC0,5,4,29.504583333333333,mechanism_gated_target_activation_offset_hybrid_v1,9c059b45f0b27159f44a5cdab306ae87fe834cd914d03bc88d4949d6bf4120e6,0f4808753923c2739a17c566820becc9cfb01baf5047575c619c19d1bae29002,14,34,21,266.17083333333329,885.04166666666652,1.3864707004866013,1.33180109800761,97.872716565331487,99.825103047265898,1.9523864819344112,1.9523864819344112
v3_unseen_temperature_level,temperature_c=25,NAUMANN_CAL_T25_SOC0,8,7,81.041666666666671,hierarchical_power_law_prefix_update_v2,fe4515a641d2885ff41e589b42b35a21b3f032f2fc3b414809ef52db6faffb5c,46aabe9fa1745ed78e97333182e04a6ca3f31e653615459c47cba3f8325ca8fc,14,34,21,266.17083333333329,885.04166666666652,0.25467054341586426,0.22442600427869086,97.872716565331487,97.307337643824326,-0.56537892150716118,0.56537892150716118
v3_unseen_temperature_level,temperature_c=25,NAUMANN_CAL_T25_SOC0,8,7,81.041666666666671,mechanism_gated_target_activation_offset_hybrid_v1,fe4515a641d2885ff41e589b42b35a21b3f032f2fc3b414809ef52db6faffb5c,46aabe9fa1745ed78e97333182e04a6ca3f31e653615459c47cba3f8325ca8fc,14,34,21,266.17083333333329,885.04166666666652,0.86295590361116781,0.82103111522547423,97.872716565331487,96.635251470354049,-1.2374650949774377,1.2374650949774377
v3_unseen_temperature_level,temperature_c=25,NAUMANN_CAL_T25_SOC0,10,9,136.94583333333333,hierarchical_power_law_prefix_update_v2,5019f59b4703c41fcdc34645348a6be83d19b071cd01bd864413b5a7347388ef,d0270a8fcebacc0e1f6d7df930f3a8dbd93923e27ed2629e9c16097369c9ef65,14,34,21,266.17083333333329,885.04166666666652,0.31688419726848466,0.28617259203623879,97.872716565331487,97.24583260037565,-0.62688396495583731,0.62688396495583731
v3_unseen_temperature_level,temperature_c=25,NAUMANN_CAL_T25_SOC0,10,9,136.94583333333333,mechanism_gated_target_activation_offset_hybrid_v1,5019f59b4703c41fcdc34645348a6be83d19b071cd01bd864413b5a7347388ef,d0270a8fcebacc0e1f6d7df930f3a8dbd93923e27ed2629e9c16097369c9ef65,14,34,21,266.17083333333329,885.04166666666652,0.12949702150282308,0.1270897887060084,97.872716565331487,97.769047595058254,-0.10366897027323319,0.10366897027323319
v3_unseen_temperature_level,temperature_c=25,NAUMANN_CAL_T25_SOC0,14,13,239.71250000000001,hierarchical_power_law_prefix_update_v2,907c0fbed236b41893ebd46d03b2bd97c0e03012da22e2b0375aa5ee6b817c8b,821c841995bee6baf3df5c32dbc803df28a122167a9047027058191c80bd2abc,14,34,21,266.17083333333329,885.04166666666652,0.10025480449260774,0.088922920976543876,97.872716565331487,97.677101143099009,-0.19561542223247841,0.19561542223247841
v3_unseen_temperature_level,temperature_c=25,NAUMANN_CAL_T25_SOC0,14,13,239.71250000000001,mechanism_gated_target_activation_offset_hybrid_v1,907c0fbed236b41893ebd46d03b2bd97c0e03012da22e2b0375aa5ee6b817c8b,821c841995bee6baf3df5c32dbc803df28a122167a9047027058191c80bd2abc,14,34,21,266.17083333333329,885.04166666666652,0.091092082428925539,0.089672804804132783,97.872716565331487,98.091132081022877,0.21841551569139028,0.21841551569139028
v3_unseen_temperature_level,temperature_c=25,NAUMANN_CAL_T25_SOC100,5,4,29.504583333333333,hierarchical_power_law_prefix_update_v2,9c059b45f0b27159f44a5cdab306ae87fe834cd914d03bc88d4949d6bf4120e6,db1eebe294efacd39c8e61367c1620a0909d27a5d441e7f3d6d0c62bd390f6aa,14,34,21,266.17083333333329,885.04166666666652,0.96930809519299654,0.9416516216277564,89.008126104746694,89.967588732503373,0.9594626277566789,0.9594626277566789
v3_unseen_temperature_level,temperature_c=25,NAUMANN_CAL_T25_SOC100,5,4,29.504583333333333,mechanism_gated_target_activation_offset_hybrid_v1,9c059b45f0b27159f44a5cdab306ae87fe834cd914d03bc88d4949d6bf4120e6,db1eebe294efacd39c8e61367c1620a0909d27a5d441e7f3d6d0c62bd390f6aa,14,34,21,266.17083333333329,885.04166666666652,0.96930809519299654,0.9416516216277564,89.008126104746694,89.967588732503373,0.9594626277566789,0.9594626277566789
v3_unseen_temperature_level,temperature_c=25,NAUMANN_CAL_T25_SOC100,8,7,81.041666666666671,hierarchical_power_law_prefix_update_v2,fe4515a641d2885ff41e589b42b35a21b3f032f2fc3b414809ef52db6faffb5c,55af964a153adc893c43e2fa76196cc148c691dd59ac864d980080463e78cf97,14,34,21,266.17083333333329,885.04166666666652,0.82157392555590392,0.79762441831329667,89.008126104746694,89.785402818312832,0.77727671356613826,0.77727671356613826
v3_unseen_temperature_level,temperature_c=25,NAUMANN_CAL_T25_SOC100,8,7,81.041666666666671,mechanism_gated_target_activation_offset_hybrid_v1,fe4515a641d2885ff41e589b42b35a21b3f032f2fc3b414809ef52db6faffb5c,55af964a153adc893c43e2fa76196cc148c691dd59ac864d980080463e78cf97,14,34,21,266.17083333333329,885.04166666666652,0.82157392555590392,0.79762441831329667,89.008126104746694,89.785402818312832,0.77727671356613826,0.77727671356613826
v3_unseen_temperature_level,temperature_c=25,NAUMANN_CAL_T25_SOC100,10,9,136.94583333333333,hierarchical_power_law_prefix_update_v2,5019f59b4703c41fcdc34645348a6be83d19b071cd01bd864413b5a7347388ef,071c7e179eca23e2d4ff94f4b28be31380c4fba88728bc7e06125ccb490f719f,14,34,21,266.17083333333329,885.04166666666652,0.9449801607799666,0.91594459136238982,89.008126104746694,89.95778841782834,0.94966231308164595,0.94966231308164595
v3_unseen_temperature_level,temperature_c=25,NAUMANN_CAL_T25_SOC100,10,9,136.94583333333333,mechanism_gated_target_activation_offset_hybrid_v1,5019f59b4703c41fcdc34645348a6be83d19b071cd01bd864413b5a7347388ef,071c7e179eca23e2d4ff94f4b28be31380c4fba88728bc7e06125ccb490f719f,14,34,21,266.17083333333329,885.04166666666652,0.9449801607799666,0.91594459136238982,89.008126104746694,89.95778841782834,0.94966231308164595,0.94966231308164595
v3_unseen_temperature_level,temperature_c=25,NAUMANN_CAL_T25_SOC100,14,13,239.71250000000001,hierarchical_power_law_prefix_update_v2,907c0fbed236b41893ebd46d03b2bd97c0e03012da22e2b0375aa5ee6b817c8b,8034b43661284f110f402b9748e0a72c4bea6b1890f70a034b4c27449c1aa2a6,14,34,21,266.17083333333329,885.04166666666652,0.46911853882446097,0.46217789936650344,89.008126104746694,89.267467849375919,0.25934174462922499,0.25934174462922499
v3_unseen_temperature_level,temperature_c=25,NAUMANN_CAL_T25_SOC100,14,13,239.71250000000001,mechanism_gated_target_activation_offset_hybrid_v1,907c0fbed236b41893ebd46d03b2bd97c0e03012da22e2b0375aa5ee6b817c8b,8034b43661284f110f402b9748e0a72c4bea6b1890f70a034b4c27449c1aa2a6,14,34,21,266.17083333333329,885.04166666666652,0.46911853882446097,0.46217789936650344,89.008126104746694,89.267467849375919,0.25934174462922499,0.25934174462922499
v3_unseen_temperature_level,temperature_c=25,NAUMANN_CAL_T25_SOC50,5,4,29.504583333333333,hierarchical_power_law_prefix_update_v2,9c059b45f0b27159f44a5cdab306ae87fe834cd914d03bc88d4949d6bf4120e6,e7c243fd89456d60242252d2daa42743422dacfbb54c6f7e7c3d2f6042264f37,14,34,21,266.17083333333329,885.04166666666652,1.0059615784867304,0.94154964902724225,95.271963011453764,93.660592800308464,-1.6113702111452994,1.6113702111452994
v3_unseen_temperature_level,temperature_c=25,NAUMANN_CAL_T25_SOC50,5,4,29.504583333333333,mechanism_gated_target_activation_offset_hybrid_v1,9c059b45f0b27159f44a5cdab306ae87fe834cd914d03bc88d4949d6bf4120e6,e7c243fd89456d60242252d2daa42743422dacfbb54c6f7e7c3d2f6042264f37,14,34,21,266.17083333333329,885.04166666666652,1.0059615784867304,0.94154964902724225,95.271963011453764,93.660592800308464,-1.6113702111452994,1.6113702111452994
v3_unseen_temperature_level,temperature_c=25,NAUMANN_CAL_T25_SOC50,8,7,81.041666666666671,hierarchical_power_law_prefix_update_v2,fe4515a641d2885ff41e589b42b35a21b3f032f2fc3b414809ef52db6faffb5c,84285c0f3e8ec9672d6312325d5946072a2b0da3e1c31aca24d56ad2782e81f2,14,34,21,266.17083333333329,885.04166666666652,2.1096811039391326,1.9953869254431431,95.271963011453764,92.057757338955341,-3.2142056724984229,3.2142056724984229
v3_unseen_temperature_level,temperature_c=25,NAUMANN_CAL_T25_SOC50,8,7,81.041666666666671,mechanism_gated_target_activation_offset_hybrid_v1,fe4515a641d2885ff41e589b42b35a21b3f032f2fc3b414809ef52db6faffb5c,84285c0f3e8ec9672d6312325d5946072a2b0da3e1c31aca24d56ad2782e81f2,14,34,21,266.17083333333329,885.04166666666652,2.1096811039391326,1.9953869254431431,95.271963011453764,92.057757338955341,-3.2142056724984229,3.2142056724984229
v3_unseen_temperature_level,temperature_c=25,NAUMANN_CAL_T25_SOC50,10,9,136.94583333333333,hierarchical_power_law_prefix_update_v2,5019f59b4703c41fcdc34645348a6be83d19b071cd01bd864413b5a7347388ef,89821b6441d7f46c9aab9ebbb20e11a17ec4b986f5481141e982e79a2d748987,14,34,21,266.17083333333329,885.04166666666652,0.65285888394069158,0.61682597375699377,95.271963011453764,94.30942169431259,-0.96254131714117364,0.96254131714117364
v3_unseen_temperature_level,temperature_c=25,NAUMANN_CAL_T25_SOC50,10,9,136.94583333333333,mechanism_gated_target_activation_offset_hybrid_v1,5019f59b4703c41fcdc34645348a6be83d19b071cd01bd864413b5a7347388ef,89821b6441d7f46c9aab9ebbb20e11a17ec4b986f5481141e982e79a2d748987,14,34,21,266.17083333333329,885.04166666666652,0.65285888394069158,0.61682597375699377,95.271963011453764,94.30942169431259,-0.96254131714117364,0.96254131714117364
v3_unseen_temperature_level,temperature_c=25,NAUMANN_CAL_T25_SOC50,14,13,239.71250000000001,hierarchical_power_law_prefix_update_v2,907c0fbed236b41893ebd46d03b2bd97c0e03012da22e2b0375aa5ee6b817c8b,42e978e3eae28fbbcd09c8923b4334f9ca7000934ade897439cd945d60f6e750,14,34,21,266.17083333333329,885.04166666666652,0.1328004035253319,0.12507678419361362,95.271963011453764,95.107663509616017,-0.16429950183774622,0.16429950183774622
v3_unseen_temperature_level,temperature_c=25,NAUMANN_CAL_T25_SOC50,14,13,239.71250000000001,mechanism_gated_target_activation_offset_hybrid_v1,907c0fbed236b41893ebd46d03b2bd97c0e03012da22e2b0375aa5ee6b817c8b,42e978e3eae28fbbcd09c8923b4334f9ca7000934ade897439cd945d60f6e750,14,34,21,266.17083333333329,885.04166666666652,0.1328004035253319,0.12507678419361362,95.271963011453764,95.107663509616017,-0.16429950183774622,0.16429950183774622
v3_unseen_temperature_level,temperature_c=40,NAUMANN_CAL_T40_SOC0,5,4,29.504583333333333,hierarchical_power_law_prefix_update_v2,59d91b2c5dcd256aad85838ee07a89953fa32a84c5f2d26263dfa8b83f47b86a,28e9d05cdca9a46714c9745a68ccca93be8a863fcd1ee61a2a26c1298d4a7553,14,34,21,266.17083333333329,885.04166666666652,2.4106972877731194,2.3081725703854787,96.450765189228321,99.94289798733142,3.4921327981030998,3.4921327981030998
v3_unseen_temperature_level,temperature_c=40,NAUMANN_CAL_T40_SOC0,5,4,29.504583333333333,mechanism_gated_target_activation_offset_hybrid_v1,59d91b2c5dcd256aad85838ee07a89953fa32a84c5f2d26263dfa8b83f47b86a,28e9d05cdca9a46714c9745a68ccca93be8a863fcd1ee61a2a26c1298d4a7553,14,34,21,266.17083333333329,885.04166666666652,2.4106972877731194,2.3081725703854787,96.450765189228321,99.94289798733142,3.4921327981030998,3.4921327981030998
v3_unseen_temperature_level,temperature_c=40,NAUMANN_CAL_T40_SOC0,8,7,81.041666666666671,hierarchical_power_law_prefix_update_v2,5809a786cfdeb07ae820ac053b67e6c87bb18fa8ba193ebcdca5f7833d70c58b,638207505b1bf4c168a20cec212b048794bf9f52946b1b678dd2e6498d359cb2,14,34,21,266.17083333333329,885.04166666666652,0.19297557142852931,0.16861963917426964,96.450765189228321,95.984314286287145,-0.46645090294117608,0.46645090294117608
v3_unseen_temperature_level,temperature_c=40,NAUMANN_CAL_T40_SOC0,8,7,81.041666666666671,mechanism_gated_target_activation_offset_hybrid_v1,5809a786cfdeb07ae820ac053b67e6c87bb18fa8ba193ebcdca5f7833d70c58b,638207505b1bf4c168a20cec212b048794bf9f52946b1b678dd2e6498d359cb2,14,34,21,266.17083333333329,885.04166666666652,0.42885756556513843,0.41388800197473091,96.450765189228321,95.969115531701163,-0.48164965752715716,0.48164965752715716
v3_unseen_temperature_level,temperature_c=40,NAUMANN_CAL_T40_SOC0,10,9,136.94583333333333,hierarchical_power_law_prefix_update_v2,f0bbe83a962f811a29973cea1ca6f02b8aeac42e09ab22fe838ddb462b77388a,0d8f72dc5aee3d18d55bf6758646fd03a03f033aef1083bc61e94397ece5bf8d,14,34,21,266.17083333333329,885.04166666666652,0.43156494444396631,0.38165551727280578,96.450765189228321,95.512997528129489,-0.9377676610988317,0.9377676610988317
v3_unseen_temperature_level,temperature_c=40,NAUMANN_CAL_T40_SOC0,10,9,136.94583333333333,mechanism_gated_target_activation_offset_hybrid_v1,f0bbe83a962f811a29973cea1ca6f02b8aeac42e09ab22fe838ddb462b77388a,0d8f72dc5aee3d18d55bf6758646fd03a03f033aef1083bc61e94397ece5bf8d,14,34,21,266.17083333333329,885.04166666666652,0.17804271204531535,0.16597524957628687,96.450765189228321,96.898843617844022,0.4480784286157018,0.4480784286157018
v3_unseen_temperature_level,temperature_c=40,NAUMANN_CAL_T40_SOC0,14,13,239.71250000000001,hierarchical_power_law_prefix_update_v2,5622b0538562daf326d0182fb7fe879753549f76700aa73275afc775cae932d1,693af3338b1aaa6c7406f450c73e97eb3c0ec611704954e00494c524d3058dc7,14,34,21,266.17083333333329,885.04166666666652,0.16734331769945954,0.14528391549740285,96.450765189228321,96.098048270354553,-0.35271691887376733,0.35271691887376733
v3_unseen_temperature_level,temperature_c=40,NAUMANN_CAL_T40_SOC0,14,13,239.71250000000001,mechanism_gated_target_activation_offset_hybrid_v1,5622b0538562daf326d0182fb7fe879753549f76700aa73275afc775cae932d1,693af3338b1aaa6c7406f450c73e97eb3c0ec611704954e00494c524d3058dc7,14,34,21,266.17083333333329,885.04166666666652,0.21562311083043448,0.20056751125783837,96.450765189228321,96.958220088705559,0.50745489947723854,0.50745489947723854
v3_unseen_temperature_level,temperature_c=40,NAUMANN_CAL_T40_SOC100,5,4,29.504583333333333,hierarchical_power_law_prefix_update_v2,59d91b2c5dcd256aad85838ee07a89953fa32a84c5f2d26263dfa8b83f47b86a,f00409dbfa49e2aabab11e582ead01398dd8fbd724c9100502ff3e777e5e08af,14,34,21,266.17083333333329,885.04166666666652,2.2904223783450628,2.271790910020596,86.390020867730897,83.682651112119274,-2.707369755611623,2.707369755611623
v3_unseen_temperature_level,temperature_c=40,NAUMANN_CAL_T40_SOC100,5,4,29.504583333333333,mechanism_gated_target_activation_offset_hybrid_v1,59d91b2c5dcd256aad85838ee07a89953fa32a84c5f2d26263dfa8b83f47b86a,f00409dbfa49e2aabab11e582ead01398dd8fbd724c9100502ff3e777e5e08af,14,34,21,266.17083333333329,885.04166666666652,2.2904223783450628,2.271790910020596,86.390020867730897,83.682651112119274,-2.707369755611623,2.707369755611623
v3_unseen_temperature_level,temperature_c=40,NAUMANN_CAL_T40_SOC100,8,7,81.041666666666671,hierarchical_power_law_prefix_update_v2,5809a786cfdeb07ae820ac053b67e6c87bb18fa8ba193ebcdca5f7833d70c58b,861ff7b888e926cab83bebd898127137680398612ecbb7496cd29ddab41ca18b,14,34,21,266.17083333333329,885.04166666666652,0.76944586088710565,0.81328741346744071,86.390020867730897,85.807691520762589,-0.58232934696830796,0.58232934696830796
v3_unseen_temperature_level,temperature_c=40,NAUMANN_CAL_T40_SOC100,8,7,81.041666666666671,mechanism_gated_target_activation_offset_hybrid_v1,5809a786cfdeb07ae820ac053b67e6c87bb18fa8ba193ebcdca5f7833d70c58b,861ff7b888e926cab83bebd898127137680398612ecbb7496cd29ddab41ca18b,14,34,21,266.17083333333329,885.04166666666652,0.76944586088710565,0.81328741346744071,86.390020867730897,85.807691520762589,-0.58232934696830796,0.58232934696830796
v3_unseen_temperature_level,temperature_c=40,NAUMANN_CAL_T40_SOC100,10,9,136.94583333333333,hierarchical_power_law_prefix_update_v2,f0bbe83a962f811a29973cea1ca6f02b8aeac42e09ab22fe838ddb462b77388a,908e0360aa4ab73a7b72559f66e97e1754ad30f3104b1a67f30820d4c321b2fe,14,34,21,266.17083333333329,885.04166666666652,0.40577507717104705,0.39815920718896519,86.390020867730897,86.697682281077576,0.30766141334667907,0.30766141334667907
v3_unseen_temperature_level,temperature_c=40,NAUMANN_CAL_T40_SOC100,10,9,136.94583333333333,mechanism_gated_target_activation_offset_hybrid_v1,f0bbe83a962f811a29973cea1ca6f02b8aeac42e09ab22fe838ddb462b77388a,908e0360aa4ab73a7b72559f66e97e1754ad30f3104b1a67f30820d4c321b2fe,14,34,21,266.17083333333329,885.04166666666652,0.40577507717104705,0.39815920718896519,86.390020867730897,86.697682281077576,0.30766141334667907,0.30766141334667907
v3_unseen_temperature_level,temperature_c=40,NAUMANN_CAL_T40_SOC100,14,13,239.71250000000001,hierarchical_power_law_prefix_update_v2,5622b0538562daf326d0182fb7fe879753549f76700aa73275afc775cae932d1,78f600d5e35bef96f075c4c7cda0b50b80210e9a85a20866d85f7e5fd1f674a7,14,34,21,266.17083333333329,885.04166666666652,0.34779336957890694,0.27453189423458807,86.390020867730897,87.230366884228999,0.8403460164981027,0.8403460164981027
v3_unseen_temperature_level,temperature_c=40,NAUMANN_CAL_T40_SOC100,14,13,239.71250000000001,mechanism_gated_target_activation_offset_hybrid_v1,5622b0538562daf326d0182fb7fe879753549f76700aa73275afc775cae932d1,78f600d5e35bef96f075c4c7cda0b50b80210e9a85a20866d85f7e5fd1f674a7,14,34,21,266.17083333333329,885.04166666666652,0.34779336957890694,0.27453189423458807,86.390020867730897,87.230366884228999,0.8403460164981027,0.8403460164981027
v3_unseen_temperature_level,temperature_c=40,NAUMANN_CAL_T40_SOC12.5,5,4,29.504583333333333,hierarchical_power_law_prefix_update_v2,59d91b2c5dcd256aad85838ee07a89953fa32a84c5f2d26263dfa8b83f47b86a,827693189eaebffcc8da072ae5ddbef197d9d89db170f98584402af4df5999a9,14,34,21,266.17083333333329,885.04166666666652,3.3850645754331983,3.2481269293872774,93.492343457609309,98.273303795280142,4.7809603376708338,4.7809603376708338
v3_unseen_temperature_level,temperature_c=40,NAUMANN_CAL_T40_SOC12.5,5,4,29.504583333333333,mechanism_gated_target_activation_offset_hybrid_v1,59d91b2c5dcd256aad85838ee07a89953fa32a84c5f2d26263dfa8b83f47b86a,827693189eaebffcc8da072ae5ddbef197d9d89db170f98584402af4df5999a9,14,34,21,266.17083333333329,885.04166666666652,3.3850645754331983,3.2481269293872774,93.492343457609309,98.273303795280142,4.7809603376708338,4.7809603376708338
v3_unseen_temperature_level,temperature_c=40,NAUMANN_CAL_T40_SOC12.5,8,7,81.041666666666671,hierarchical_power_law_prefix_update_v2,5809a786cfdeb07ae820ac053b67e6c87bb18fa8ba193ebcdca5f7833d70c58b,36a1245322b07bee33831299e2f4c51e40a8e7e96de95eff91132508b4c64daa,14,34,21,266.17083333333329,885.04166666666652,5.211296247412033,4.8124620873137856,93.492343457609309,83.900550955280153,-9.5917925023291559,9.5917925023291559
v3_unseen_temperature_level,temperature_c=40,NAUMANN_CAL_T40_SOC12.5,8,7,81.041666666666671,mechanism_gated_target_activation_offset_hybrid_v1,5809a786cfdeb07ae820ac053b67e6c87bb18fa8ba193ebcdca5f7833d70c58b,36a1245322b07bee33831299e2f4c51e40a8e7e96de95eff91132508b4c64daa,14,34,21,266.17083333333329,885.04166666666652,0.73359728450411588,0.71417275344067699,93.492343457609309,92.66473176657054,-0.82761169103876853,0.82761169103876853
v3_unseen_temperature_level,temperature_c=40,NAUMANN_CAL_T40_SOC12.5,10,9,136.94583333333333,hierarchical_power_law_prefix_update_v2,f0bbe83a962f811a29973cea1ca6f02b8aeac42e09ab22fe838ddb462b77388a,ee4aed9e06637b40a6ee560df3c00eb80d4118154faf1e97f4c7026547ff50db,14,34,21,266.17083333333329,885.04166666666652,2.0962628436528172,1.9295747114987856,93.492343457609309,89.611717072039539,-3.8806263855697694,3.8806263855697694
v3_unseen_temperature_level,temperature_c=40,NAUMANN_CAL_T40_SOC12.5,10,9,136.94583333333333,mechanism_gated_target_activation_offset_hybrid_v1,f0bbe83a962f811a29973cea1ca6f02b8aeac42e09ab22fe838ddb462b77388a,ee4aed9e06637b40a6ee560df3c00eb80d4118154faf1e97f4c7026547ff50db,14,34,21,266.17083333333329,885.04166666666652,0.30873000990476579,0.2741546931222687,93.492343457609309,94.257525163369692,0.76518170576038358,0.76518170576038358
v3_unseen_temperature_level,temperature_c=40,NAUMANN_CAL_T40_SOC12.5,14,13,239.71250000000001,hierarchical_power_law_prefix_update_v2,5622b0538562daf326d0182fb7fe879753549f76700aa73275afc775cae932d1,994ea8b04fd507db5fa76a1807bdff302b893e701e4d4f7ece9fa34dfce5ec94,14,34,21,266.17083333333329,885.04166666666652,0.5655980403558527,0.51257318796492479,93.492343457609309,92.389612714173552,-1.1027307434357567,1.1027307434357567
v3_unseen_temperature_level,temperature_c=40,NAUMANN_CAL_T40_SOC12.5,14,13,239.71250000000001,mechanism_gated_target_activation_offset_hybrid_v1,5622b0538562daf326d0182fb7fe879753549f76700aa73275afc775cae932d1,994ea8b04fd507db5fa76a1807bdff302b893e701e4d4f7ece9fa34dfce5ec94,14,34,21,266.17083333333329,885.04166666666652,0.47664616403219495,0.43090064300526926,93.492343457609309,94.532554513777697,1.0402110561683884,1.0402110561683884
v3_unseen_temperature_level,temperature_c=40,NAUMANN_CAL_T40_SOC25,5,4,29.504583333333333,hierarchical_power_law_prefix_update_v2,59d91b2c5dcd256aad85838ee07a89953fa32a84c5f2d26263dfa8b83f47b86a,20ad22e9f5d84e724f42103bf3e4129665e12c048c29c4a0a5db35282b6777d4,14,34,21,266.17083333333329,885.04166666666652,4.0157739738788161,3.7982920879611362,92.05528336328554,85.893205842185509,-6.1620775211000307,6.1620775211000307
v3_unseen_temperature_level,temperature_c=40,NAUMANN_CAL_T40_SOC25,5,4,29.504583333333333,mechanism_gated_target_activation_offset_hybrid_v1,59d91b2c5dcd256aad85838ee07a89953fa32a84c5f2d26263dfa8b83f47b86a,20ad22e9f5d84e724f42103bf3e4129665e12c048c29c4a0a5db35282b6777d4,14,34,21,266.17083333333329,885.04166666666652,4.0157739738788161,3.7982920879611362,92.05528336328554,85.893205842185509,-6.1620775211000307,6.1620775211000307
v3_unseen_temperature_level,temperature_c=40,NAUMANN_CAL_T40_SOC25,8,7,81.041666666666671,hierarchical_power_law_prefix_update_v2,5809a786cfdeb07ae820ac053b67e6c87bb18fa8ba193ebcdca5f7833d70c58b,6dd7c942a33d27f367b98c267885d15eb2c97bd3d37399bded6ee5e940dc464a,14,34,21,266.17083333333329,885.04166666666652,1.3443655156350236,1.2722035856436682,92.05528336328554,90.057384905139912,-1.9978984581456274,1.9978984581456274
v3_unseen_temperature_level,temperature_c=40,NAUMANN_CAL_T40_SOC25,8,7,81.041666666666671,mechanism_gated_target_activation_offset_hybrid_v1,5809a786cfdeb07ae820ac053b67e6c87bb18fa8ba193ebcdca5f7833d70c58b,6dd7c942a33d27f367b98c267885d15eb2c97bd3d37399bded6ee5e940dc464a,14,34,21,266.17083333333329,885.04166666666652,1.3443655156350236,1.2722035856436682,92.05528336328554,90.057384905139912,-1.9978984581456274,1.9978984581456274
v3_unseen_temperature_level,temperature_c=40,NAUMANN_CAL_T40_SOC25,10,9,136.94583333333333,hierarchical_power_law_prefix_update_v2,f0bbe83a962f811a29973cea1ca6f02b8aeac42e09ab22fe838ddb462b77388a,e532224a3a85818886827aa0ebe0140de25cf7aa61ee754682360e68523afac8,14,34,21,266.17083333333329,885.04166666666652,0.34449824822195207,0.32660234555690898,92.05528336328554,91.609213932927261,-0.4460694303582784,0.4460694303582784
v3_unseen_temperature_level,temperature_c=40,NAUMANN_CAL_T40_SOC25,10,9,136.94583333333333,mechanism_gated_target_activation_offset_hybrid_v1,f0bbe83a962f811a29973cea1ca6f02b8aeac42e09ab22fe838ddb462b77388a,e532224a3a85818886827aa0ebe0140de25cf7aa61ee754682360e68523afac8,14,34,21,266.17083333333329,885.04166666666652,0.34449824822195207,0.32660234555690898,92.05528336328554,91.609213932927261,-0.4460694303582784,0.4460694303582784
v3_unseen_temperature_level,temperature_c=40,NAUMANN_CAL_T40_SOC25,14,13,239.71250000000001,hierarchical_power_law_prefix_update_v2,5622b0538562daf326d0182fb7fe879753549f76700aa73275afc775cae932d1,ec8cd75972e35ca4d48f710fe0e0f041196af0c6694158580b239dd8473f23a0,14,34,21,266.17083333333329,885.04166666666652,0.04478533759471523,0.043352458687468787,92.05528336328554,92.191752111224247,0.13646874793870722,0.13646874793870722
v3_unseen_temperature_level,temperature_c=40,NAUMANN_CAL_T40_SOC25,14,13,239.71250000000001,mechanism_gated_target_activation_offset_hybrid_v1,5622b0538562daf326d0182fb7fe879753549f76700aa73275afc775cae932d1,ec8cd75972e35ca4d48f710fe0e0f041196af0c6694158580b239dd8473f23a0,14,34,21,266.17083333333329,885.04166666666652,0.04478533759471523,0.043352458687468787,92.05528336328554,92.191752111224247,0.13646874793870722,0.13646874793870722
v3_unseen_temperature_level,temperature_c=40,NAUMANN_CAL_T40_SOC37.5,5,4,29.504583333333333,hierarchical_power_law_prefix_update_v2,59d91b2c5dcd256aad85838ee07a89953fa32a84c5f2d26263dfa8b83f47b86a,6e3581f2ac979e3149438c1a615e26d2fcbd524d2f5ac48b35e5743126765468,14,34,21,266.17083333333329,885.04166666666652,4.1767380284449951,3.968012400799442,90.735839071610982,84.454482249654149,-6.2813568219568339,6.2813568219568339
v3_unseen_temperature_level,temperature_c=40,NAUMANN_CAL_T40_SOC37.5,5,4,29.504583333333333,mechanism_gated_target_activation_offset_hybrid_v1,59d91b2c5dcd256aad85838ee07a89953fa32a84c5f2d26263dfa8b83f47b86a,6e3581f2ac979e3149438c1a615e26d2fcbd524d2f5ac48b35e5743126765468,14,34,21,266.17083333333329,885.04166666666652,4.1767380284449951,3.968012400799442,90.735839071610982,84.454482249654149,-6.2813568219568339,6.2813568219568339
v3_unseen_temperature_level,temperature_c=40,NAUMANN_CAL_T40_SOC37.5,8,7,81.041666666666671,hierarchical_power_law_prefix_update_v2,5809a786cfdeb07ae820ac053b67e6c87bb18fa8ba193ebcdca5f7833d70c58b,60117e7c35dd514b5b9eb98fd2a9bd27e3700bb1917048b27c36d46e1fd2fd2a,14,34,21,266.17083333333329,885.04166666666652,1.3173120101212203,1.2534898846176585,90.735839071610982,88.777439639573799,-1.9583994320371829,1.9583994320371829
v3_unseen_temperature_level,temperature_c=40,NAUMANN_CAL_T40_SOC37.5,8,7,81.041666666666671,mechanism_gated_target_activation_offset_hybrid_v1,5809a786cfdeb07ae820ac053b67e6c87bb18fa8ba193ebcdca5f7833d70c58b,60117e7c35dd514b5b9eb98fd2a9bd27e3700bb1917048b27c36d46e1fd2fd2a,14,34,21,266.17083333333329,885.04166666666652,1.3173120101212203,1.2534898846176585,90.735839071610982,88.777439639573799,-1.9583994320371829,1.9583994320371829
v3_unseen_temperature_level,temperature_c=40,NAUMANN_CAL_T40_SOC37.5,10,9,136.94583333333333,hierarchical_power_law_prefix_update_v2,f0bbe83a962f811a29973cea1ca6f02b8aeac42e09ab22fe838ddb462b77388a,c8ab6cdd51bedf141627a2b1ae89c6d6d154f78a566a5c48201128a6b8acab3b,14,34,21,266.17083333333329,885.04166666666652,0.35801350134004434,0.34275138062568139,90.735839071610982,90.222754031765703,-0.51308503984527931,0.51308503984527931
v3_unseen_temperature_level,temperature_c=40,NAUMANN_CAL_T40_SOC37.5,10,9,136.94583333333333,mechanism_gated_target_activation_offset_hybrid_v1,f0bbe83a962f811a29973cea1ca6f02b8aeac42e09ab22fe838ddb462b77388a,c8ab6cdd51bedf141627a2b1ae89c6d6d154f78a566a5c48201128a6b8acab3b,14,34,21,266.17083333333329,885.04166666666652,0.35801350134004434,0.34275138062568139,90.735839071610982,90.222754031765703,-0.51308503984527931,0.51308503984527931
v3_unseen_temperature_level,temperature_c=40,NAUMANN_CAL_T40_SOC37.5,14,13,239.71250000000001,hierarchical_power_law_prefix_update_v2,5622b0538562daf326d0182fb7fe879753549f76700aa73275afc775cae932d1,8c8a47e75332559ebf635b44fb8e87343c7059c30dc617bc563bce208841c578,14,34,21,266.17083333333329,885.04166666666652,0.024660348098570602,0.026793361878916466,90.735839071610982,90.749500660653027,0.013661589042044398,0.013661589042044398
v3_unseen_temperature_level,temperature_c=40,NAUMANN_CAL_T40_SOC37.5,14,13,239.71250000000001,mechanism_gated_target_activation_offset_hybrid_v1,5622b0538562daf326d0182fb7fe879753549f76700aa73275afc775cae932d1,8c8a47e75332559ebf635b44fb8e87343c7059c30dc617bc563bce208841c578,14,34,21,266.17083333333329,885.04166666666652,0.024660348098570602,0.026793361878916466,90.735839071610982,90.749500660653027,0.013661589042044398,0.013661589042044398
v3_unseen_temperature_level,temperature_c=40,NAUMANN_CAL_T40_SOC50,5,4,29.504583333333333,hierarchical_power_law_prefix_update_v2,59d91b2c5dcd256aad85838ee07a89953fa32a84c5f2d26263dfa8b83f47b86a,a6c528ca49e845f1b4488f4a27e01104dc4ce8217f6416c1f2163cc76ad89bde,14,34,21,266.17083333333329,885.04166666666652,9.2829908957197418,8.7512844571728099,90.755118875206321,75.996685366944774,-14.758433508261547,14.758433508261547
v3_unseen_temperature_level,temperature_c=40,NAUMANN_CAL_T40_SOC50,5,4,29.504583333333333,mechanism_gated_target_activation_offset_hybrid_v1,59d91b2c5dcd256aad85838ee07a89953fa32a84c5f2d26263dfa8b83f47b86a,a6c528ca49e845f1b4488f4a27e01104dc4ce8217f6416c1f2163cc76ad89bde,14,34,21,266.17083333333329,885.04166666666652,9.2829908957197418,8.7512844571728099,90.755118875206321,75.996685366944774,-14.758433508261547,14.758433508261547
v3_unseen_temperature_level,temperature_c=40,NAUMANN_CAL_T40_SOC50,8,7,81.041666666666671,hierarchical_power_law_prefix_update_v2,5809a786cfdeb07ae820ac053b67e6c87bb18fa8ba193ebcdca5f7833d70c58b,94004d693ccc3b89243c5e75493895c893d102a740a8705ce68d07e38a70b163,14,34,21,266.17083333333329,885.04166666666652,2.9439241800525164,2.776843713188462,90.755118875206321,86.133100268750468,-4.6220186064558533,4.6220186064558533
v3_unseen_temperature_level,temperature_c=40,NAUMANN_CAL_T40_SOC50,8,7,81.041666666666671,mechanism_gated_target_activation_offset_hybrid_v1,5809a786cfdeb07ae820ac053b67e6c87bb18fa8ba193ebcdca5f7833d70c58b,94004d693ccc3b89243c5e75493895c893d102a740a8705ce68d07e38a70b163,14,34,21,266.17083333333329,885.04166666666652,2.9439241800525164,2.776843713188462,90.755118875206321,86.133100268750468,-4.6220186064558533,4.6220186064558533
v3_unseen_temperature_level,temperature_c=40,NAUMANN_CAL_T40_SOC50,10,9,136.94583333333333,hierarchical_power_law_prefix_update_v2,f0bbe83a962f811a29973cea1ca6f02b8aeac42e09ab22fe838ddb462b77388a,d258bff48c8984cff1abbd86db5e38013af98a312839ed47c8354d58735a9268,14,34,21,266.17083333333329,885.04166666666652,1.1062480131417383,1.0405809870319938,90.755118875206321,89.006871818222038,-1.7482470569842832,1.7482470569842832
v3_unseen_temperature_level,temperature_c=40,NAUMANN_CAL_T40_SOC50,10,9,136.94583333333333,mechanism_gated_target_activation_offset_hybrid_v1,f0bbe83a962f811a29973cea1ca6f02b8aeac42e09ab22fe838ddb462b77388a,d258bff48c8984cff1abbd86db5e38013af98a312839ed47c8354d58735a9268,14,34,21,266.17083333333329,885.04166666666652,1.1062480131417383,1.0405809870319938,90.755118875206321,89.006871818222038,-1.7482470569842832,1.7482470569842832
v3_unseen_temperature_level,temperature_c=40,NAUMANN_CAL_T40_SOC50,14,13,239.71250000000001,hierarchical_power_law_prefix_update_v2,5622b0538562daf326d0182fb7fe879753549f76700aa73275afc775cae932d1,9fbc8b8eb9a477bc4c58a0d7f5944c039c9355f08ec499d1c23eff92606562f3,14,34,21,266.17083333333329,885.04166666666652,0.31095907269559847,0.28987410128359381,90.755118875206321,90.254153180258569,-0.50096569494775167,0.50096569494775167
v3_unseen_temperature_level,temperature_c=40,NAUMANN_CAL_T40_SOC50,14,13,239.71250000000001,mechanism_gated_target_activation_offset_hybrid_v1,5622b0538562daf326d0182fb7fe879753549f76700aa73275afc775cae932d1,9fbc8b8eb9a477bc4c58a0d7f5944c039c9355f08ec499d1c23eff92606562f3,14,34,21,266.17083333333329,885.04166666666652,0.31095907269559847,0.28987410128359381,90.755118875206321,90.254153180258569,-0.50096569494775167,0.50096569494775167
v3_unseen_temperature_level,temperature_c=40,NAUMANN_CAL_T40_SOC62.5,5,4,29.504583333333333,hierarchical_power_law_prefix_update_v2,59d91b2c5dcd256aad85838ee07a89953fa32a84c5f2d26263dfa8b83f47b86a,d5dd7d4ba517af57626fca07e51bd9f69601a51960bed6d6e33d58aff653116c,14,34,21,266.17083333333329,885.04166666666652,3.2919169966761772,3.1416383819275699,90.289459200236124,85.532120263491635,-4.7573389367444889,4.7573389367444889
v3_unseen_temperature_level,temperature_c=40,NAUMANN_CAL_T40_SOC62.5,5,4,29.504583333333333,mechanism_gated_target_activation_offset_hybrid_v1,59d91b2c5dcd256aad85838ee07a89953fa32a84c5f2d26263dfa8b83f47b86a,d5dd7d4ba517af57626fca07e51bd9f69601a51960bed6d6e33d58aff653116c,14,34,21,266.17083333333329,885.04166666666652,3.2919169966761772,3.1416383819275699,90.289459200236124,85.532120263491635,-4.7573389367444889,4.7573389367444889
v3_unseen_temperature_level,temperature_c=40,NAUMANN_CAL_T40_SOC62.5,8,7,81.041666666666671,hierarchical_power_law_prefix_update_v2,5809a786cfdeb07ae820ac053b67e6c87bb18fa8ba193ebcdca5f7833d70c58b,37ccf2089250902a1177230afbe340e270d93df18f46c62ad5fa13cd543bb9ef,14,34,21,266.17083333333329,885.04166666666652,0.96524354423535419,0.92628427110487888,90.289459200236124,88.968755387525732,-1.3207038127103914,1.3207038127103914
v3_unseen_temperature_level,temperature_c=40,NAUMANN_CAL_T40_SOC62.5,8,7,81.041666666666671,mechanism_gated_target_activation_offset_hybrid_v1,5809a786cfdeb07ae820ac053b67e6c87bb18fa8ba193ebcdca5f7833d70c58b,37ccf2089250902a1177230afbe340e270d93df18f46c62ad5fa13cd543bb9ef,14,34,21,266.17083333333329,885.04166666666652,0.96524354423535419,0.92628427110487888,90.289459200236124,88.968755387525732,-1.3207038127103914,1.3207038127103914
v3_unseen_temperature_level,temperature_c=40,NAUMANN_CAL_T40_SOC62.5,10,9,136.94583333333333,hierarchical_power_law_prefix_update_v2,f0bbe83a962f811a29973cea1ca6f02b8aeac42e09ab22fe838ddb462b77388a,79c1d2583a54762a812af3ef0813f2cbd61b014659b45b79051404455ea37eae,14,34,21,266.17083333333329,885.04166666666652,0.20906237979555395,0.20657419589306328,90.289459200236124,90.086063050059252,-0.20339615017687152,0.20339615017687152
v3_unseen_temperature_level,temperature_c=40,NAUMANN_CAL_T40_SOC62.5,10,9,136.94583333333333,mechanism_gated_target_activation_offset_hybrid_v1,f0bbe83a962f811a29973cea1ca6f02b8aeac42e09ab22fe838ddb462b77388a,79c1d2583a54762a812af3ef0813f2cbd61b014659b45b79051404455ea37eae,14,34,21,266.17083333333329,885.04166666666652,0.20906237979555395,0.20657419589306328,90.289459200236124,90.086063050059252,-0.20339615017687152,0.20339615017687152
v3_unseen_temperature_level,temperature_c=40,NAUMANN_CAL_T40_SOC62.5,14,13,239.71250000000001,hierarchical_power_law_prefix_update_v2,5622b0538562daf326d0182fb7fe879753549f76700aa73275afc775cae932d1,db551c001f4efa32add9f8265ad10b86c1581b8ce6f473ec8f01977dcbd4849e,14,34,21,266.17083333333329,885.04166666666652,0.091207344725555597,0.080875197286934236,90.289459200236124,90.518545686544257,0.22908648630813389,0.22908648630813389
v3_unseen_temperature_level,temperature_c=40,NAUMANN_CAL_T40_SOC62.5,14,13,239.71250000000001,mechanism_gated_target_activation_offset_hybrid_v1,5622b0538562daf326d0182fb7fe879753549f76700aa73275afc775cae932d1,db551c001f4efa32add9f8265ad10b86c1581b8ce6f473ec8f01977dcbd4849e,14,34,21,266.17083333333329,885.04166666666652,0.091207344725555597,0.080875197286934236,90.289459200236124,90.518545686544257,0.22908648630813389,0.22908648630813389
v3_unseen_temperature_level,temperature_c=40,NAUMANN_CAL_T40_SOC75,5,4,29.504583333333333,hierarchical_power_law_prefix_update_v2,59d91b2c5dcd256aad85838ee07a89953fa32a84c5f2d26263dfa8b83f47b86a,5395ea0d3ea22ff93de150e8e4a9d17d4281d53bc1ddb1d70b18eefe779e131f,14,34,21,266.17083333333329,885.04166666666652,0.75970343364835935,0.75195873512083655,89.421395176595354,88.618704596993823,-0.80269057960153134,0.80269057960153134
v3_unseen_temperature_level,temperature_c=40,NAUMANN_CAL_T40_SOC75,5,4,29.504583333333333,mechanism_gated_target_activation_offset_hybrid_v1,59d91b2c5dcd256aad85838ee07a89953fa32a84c5f2d26263dfa8b83f47b86a,5395ea0d3ea22ff93de150e8e4a9d17d4281d53bc1ddb1d70b18eefe779e131f,14,34,21,266.17083333333329,885.04166666666652,0.75970343364835935,0.75195873512083655,89.421395176595354,88.618704596993823,-0.80269057960153134,0.80269057960153134
v3_unseen_temperature_level,temperature_c=40,NAUMANN_CAL_T40_SOC75,8,7,81.041666666666671,hierarchical_power_law_prefix_update_v2,5809a786cfdeb07ae820ac053b67e6c87bb18fa8ba193ebcdca5f7833d70c58b,619a1db3d2b287374033e4439d42b5ecf0ef1ae1fdca821eaf57c3ca0e42c060,14,34,21,266.17083333333329,885.04166666666652,0.12301419060872548,0.1325437774473088,89.421395176595354,89.569200202165959,0.14780502557060515,0.14780502557060515
v3_unseen_temperature_level,temperature_c=40,NAUMANN_CAL_T40_SOC75,8,7,81.041666666666671,mechanism_gated_target_activation_offset_hybrid_v1,5809a786cfdeb07ae820ac053b67e6c87bb18fa8ba193ebcdca5f7833d70c58b,619a1db3d2b287374033e4439d42b5ecf0ef1ae1fdca821eaf57c3ca0e42c060,14,34,21,266.17083333333329,885.04166666666652,0.12301419060872548,0.1325437774473088,89.421395176595354,89.569200202165959,0.14780502557060515,0.14780502557060515
v3_unseen_temperature_level,temperature_c=40,NAUMANN_CAL_T40_SOC75,10,9,136.94583333333333,hierarchical_power_law_prefix_update_v2,f0bbe83a962f811a29973cea1ca6f02b8aeac42e09ab22fe838ddb462b77388a,4ae26553bf92c46d0771cdaf4c2b7e8cf1382903f9df4474a90efe0292336714,14,34,21,266.17083333333329,885.04166666666652,0.24732292160337715,0.21612903207682979,89.421395176595354,90.009841604716357,0.5884464281210029,0.5884464281210029
v3_unseen_temperature_level,temperature_c=40,NAUMANN_CAL_T40_SOC75,10,9,136.94583333333333,mechanism_gated_target_activation_offset_hybrid_v1,f0bbe83a962f811a29973cea1ca6f02b8aeac42e09ab22fe838ddb462b77388a,4ae26553bf92c46d0771cdaf4c2b7e8cf1382903f9df4474a90efe0292336714,14,34,21,266.17083333333329,885.04166666666652,0.24732292160337715,0.21612903207682979,89.421395176595354,90.009841604716357,0.5884464281210029,0.5884464281210029
v3_unseen_temperature_level,temperature_c=40,NAUMANN_CAL_T40_SOC75,14,13,239.71250000000001,hierarchical_power_law_prefix_update_v2,5622b0538562daf326d0182fb7fe879753549f76700aa73275afc775cae932d1,86980336ab37e847df56083f7073df25e354627a73d0d21402ae59d8632e8957,14,34,21,266.17083333333329,885.04166666666652,0.25885305155691296,0.22685931828577161,89.421395176595354,90.025149532622521,0.6037543560271672,0.6037543560271672
v3_unseen_temperature_level,temperature_c=40,NAUMANN_CAL_T40_SOC75,14,13,239.71250000000001,mechanism_gated_target_activation_offset_hybrid_v1,5622b0538562daf326d0182fb7fe879753549f76700aa73275afc775cae932d1,86980336ab37e847df56083f7073df25e354627a73d0d21402ae59d8632e8957,14,34,21,266.17083333333329,885.04166666666652,0.25885305155691296,0.22685931828577161,89.421395176595354,90.025149532622521,0.6037543560271672,0.6037543560271672
v3_unseen_temperature_level,temperature_c=40,NAUMANN_CAL_T40_SOC87.5,5,4,29.504583333333333,hierarchical_power_law_prefix_update_v2,59d91b2c5dcd256aad85838ee07a89953fa32a84c5f2d26263dfa8b83f47b86a,3347d5aa197aacce0aad3d7e2832fbdf5fd3de7f3ff17815340ace8c77cfe0a9,14,34,21,266.17083333333329,885.04166666666652,1.4758340417283604,1.4242485336060462,87.381149771030991,85.315506294276062,-2.0656434767549285,2.0656434767549285
v3_unseen_temperature_level,temperature_c=40,NAUMANN_CAL_T40_SOC87.5,5,4,29.504583333333333,mechanism_gated_target_activation_offset_hybrid_v1,59d91b2c5dcd256aad85838ee07a89953fa32a84c5f2d26263dfa8b83f47b86a,3347d5aa197aacce0aad3d7e2832fbdf5fd3de7f3ff17815340ace8c77cfe0a9,14,34,21,266.17083333333329,885.04166666666652,1.4758340417283604,1.4242485336060462,87.381149771030991,85.315506294276062,-2.0656434767549285,2.0656434767549285
v3_unseen_temperature_level,temperature_c=40,NAUMANN_CAL_T40_SOC87.5,8,7,81.041666666666671,hierarchical_power_law_prefix_update_v2,5809a786cfdeb07ae820ac053b67e6c87bb18fa8ba193ebcdca5f7833d70c58b,3d3a5d9e1681ec27a167887cc3774b833fc78e760060b951cf500bb6274f0cc3,14,34,21,266.17083333333329,885.04166666666652,0.41560478106299709,0.40531348360600611,87.381149771030991,86.771343754283265,-0.60980601674772572,0.60980601674772572
v3_unseen_temperature_level,temperature_c=40,NAUMANN_CAL_T40_SOC87.5,8,7,81.041666666666671,mechanism_gated_target_activation_offset_hybrid_v1,5809a786cfdeb07ae820ac053b67e6c87bb18fa8ba193ebcdca5f7833d70c58b,3d3a5d9e1681ec27a167887cc3774b833fc78e760060b951cf500bb6274f0cc3,14,34,21,266.17083333333329,885.04166666666652,0.41560478106299709,0.40531348360600611,87.381149771030991,86.771343754283265,-0.60980601674772572,0.60980601674772572
v3_unseen_temperature_level,temperature_c=40,NAUMANN_CAL_T40_SOC87.5,10,9,136.94583333333333,hierarchical_power_law_prefix_update_v2,f0bbe83a962f811a29973cea1ca6f02b8aeac42e09ab22fe838ddb462b77388a,7ebed8bb7ba3dae04edc31db59fadc0a5b393de7e9dcce4cf1482f26d94d6cb1,14,34,21,266.17083333333329,885.04166666666652,0.030593927099819274,0.033056796164703972,87.381149771030991,87.337691443659892,-0.043458327371098449,0.043458327371098449
v3_unseen_temperature_level,temperature_c=40,NAUMANN_CAL_T40_SOC87.5,10,9,136.94583333333333,mechanism_gated_target_activation_offset_hybrid_v1,f0bbe83a962f811a29973cea1ca6f02b8aeac42e09ab22fe838ddb462b77388a,7ebed8bb7ba3dae04edc31db59fadc0a5b393de7e9dcce4cf1482f26d94d6cb1,14,34,21,266.17083333333329,885.04166666666652,0.030593927099819274,0.033056796164703972,87.381149771030991,87.337691443659892,-0.043458327371098449,0.043458327371098449
v3_unseen_temperature_level,temperature_c=40,NAUMANN_CAL_T40_SOC87.5,14,13,239.71250000000001,hierarchical_power_law_prefix_update_v2,5622b0538562daf326d0182fb7fe879753549f76700aa73275afc775cae932d1,b2fde494b39dd47011af6b93b7bcb9838cf7796c4b542de0d5ed59d110e43736,14,34,21,266.17083333333329,885.04166666666652,0.11892512597522965,0.10924988487307578,87.381149771030991,87.511069982302104,0.12992021127111286,0.12992021127111286
v3_unseen_temperature_level,temperature_c=40,NAUMANN_CAL_T40_SOC87.5,14,13,239.71250000000001,mechanism_gated_target_activation_offset_hybrid_v1,5622b0538562daf326d0182fb7fe879753549f76700aa73275afc775cae932d1,b2fde494b39dd47011af6b93b7bcb9838cf7796c4b542de0d5ed59d110e43736,14,34,21,266.17083333333329,885.04166666666652,0.11892512597522965,0.10924988487307578,87.381149771030991,87.511069982302104,0.12992021127111286,0.12992021127111286
v3_unseen_temperature_level,temperature_c=60,NAUMANN_CAL_T60_SOC0,5,4,29.504583333333333,hierarchical_power_law_prefix_update_v2,957e0261b211e480c9e8d5dcc2985d22f5db9cb1f5cc0c1d10373c9974c62d20,a4db9c7a2b6a6cc38c8c56d6fd657c617d61b58c34a82d5d6c0b505965664298,14,34,21,266.17083333333329,885.04166666666652,19.816610527535747,18.614038096843498,88.497035210498524,55.974116300223642,-32.522918910274882,32.522918910274882
v3_unseen_temperature_level,temperature_c=60,NAUMANN_CAL_T60_SOC0,5,4,29.504583333333333,mechanism_gated_target_activation_offset_hybrid_v1,957e0261b211e480c9e8d5dcc2985d22f5db9cb1f5cc0c1d10373c9974c62d20,a4db9c7a2b6a6cc38c8c56d6fd657c617d61b58c34a82d5d6c0b505965664298,14,34,21,266.17083333333329,885.04166666666652,19.816610527535747,18.614038096843498,88.497035210498524,55.974116300223642,-32.522918910274882,32.522918910274882
v3_unseen_temperature_level,temperature_c=60,NAUMANN_CAL_T60_SOC0,8,7,81.041666666666671,hierarchical_power_law_prefix_update_v2,2b960612b3e792e59d66d3bf5aa2a89c520e3db4ed92e2534aced21646f544f2,218e4ec1c65c0a40b14b9bf749370db02f6d8fbc6c05c3e8b06ec86f92aeea39,14,34,21,266.17083333333329,885.04166666666652,3.168918950824279,3.0616351292844479,88.497035210498524,84.496802310937426,-4.0002328995610981,4.0002328995610981
v3_unseen_temperature_level,temperature_c=60,NAUMANN_CAL_T60_SOC0,8,7,81.041666666666671,mechanism_gated_target_activation_offset_hybrid_v1,2b960612b3e792e59d66d3bf5aa2a89c520e3db4ed92e2534aced21646f544f2,218e4ec1c65c0a40b14b9bf749370db02f6d8fbc6c05c3e8b06ec86f92aeea39,14,34,21,266.17083333333329,885.04166666666652,3.168918950824279,3.0616351292844479,88.497035210498524,84.496802310937426,-4.0002328995610981,4.0002328995610981
v3_unseen_temperature_level,temperature_c=60,NAUMANN_CAL_T60_SOC0,10,9,136.94583333333333,hierarchical_power_law_prefix_update_v2,90a95533a01afda1e0312a3928f3e72f895f7205aab1c5a3ba79979a84f3963c,2cc481727fa68da26348e2f3684047f8a369e4152c90c7952776e0634a6c596f,14,34,21,266.17083333333329,885.04166666666652,0.62384185098322786,0.57622249838207062,88.497035210498524,90.278408957939163,1.7813737474406395,1.7813737474406395
v3_unseen_temperature_level,temperature_c=60,NAUMANN_CAL_T60_SOC0,10,9,136.94583333333333,mechanism_gated_target_activation_offset_hybrid_v1,90a95533a01afda1e0312a3928f3e72f895f7205aab1c5a3ba79979a84f3963c,2cc481727fa68da26348e2f3684047f8a369e4152c90c7952776e0634a6c596f,14,34,21,266.17083333333329,885.04166666666652,0.62384185098322786,0.57622249838207062,88.497035210498524,90.278408957939163,1.7813737474406395,1.7813737474406395
v3_unseen_temperature_level,temperature_c=60,NAUMANN_CAL_T60_SOC0,14,13,239.71250000000001,hierarchical_power_law_prefix_update_v2,ad76a831e54466c623e1ce6a8d28704e739a28e00306110fda505254b2ec3816,1b4d66a78be15d74f275e97dbcec18f54dcc28d8e452202bddbac03121e7ea65,14,34,21,266.17083333333329,885.04166666666652,1.611787881761795,1.4569193148193929,88.497035210498524,92.144014346644681,3.6469791361461574,3.6469791361461574
v3_unseen_temperature_level,temperature_c=60,NAUMANN_CAL_T60_SOC0,14,13,239.71250000000001,mechanism_gated_target_activation_offset_hybrid_v1,ad76a831e54466c623e1ce6a8d28704e739a28e00306110fda505254b2ec3816,1b4d66a78be15d74f275e97dbcec18f54dcc28d8e452202bddbac03121e7ea65,14,34,21,266.17083333333329,885.04166666666652,1.611787881761795,1.4569193148193929,88.497035210498524,92.144014346644681,3.6469791361461574,3.6469791361461574
v3_unseen_temperature_level,temperature_c=60,NAUMANN_CAL_T60_SOC100,5,4,29.504583333333333,hierarchical_power_law_prefix_update_v2,957e0261b211e480c9e8d5dcc2985d22f5db9cb1f5cc0c1d10373c9974c62d20,c78ae41f125a58eedbd48b47141283e660ca50c5f31d400e879716f7f16eea69,14,34,21,266.17083333333329,885.04166666666652,7.7434052275408884,7.4217565922349493,77.437244974309522,66.409798821559974,-11.027446152749548,11.027446152749548
v3_unseen_temperature_level,temperature_c=60,NAUMANN_CAL_T60_SOC100,5,4,29.504583333333333,mechanism_gated_target_activation_offset_hybrid_v1,957e0261b211e480c9e8d5dcc2985d22f5db9cb1f5cc0c1d10373c9974c62d20,c78ae41f125a58eedbd48b47141283e660ca50c5f31d400e879716f7f16eea69,14,34,21,266.17083333333329,885.04166666666652,7.7434052275408884,7.4217565922349493,77.437244974309522,66.409798821559974,-11.027446152749548,11.027446152749548
v3_unseen_temperature_level,temperature_c=60,NAUMANN_CAL_T60_SOC100,8,7,81.041666666666671,hierarchical_power_law_prefix_update_v2,2b960612b3e792e59d66d3bf5aa2a89c520e3db4ed92e2534aced21646f544f2,12b4a93c5b0a4595b5f0eefaff027e9f8b269be3489cae59a20e3be195b09f1b,14,34,21,266.17083333333329,885.04166666666652,2.0508994829153511,1.9626851678182438,77.437244974309522,74.361536913695403,-3.0757080606141187,3.0757080606141187
v3_unseen_temperature_level,temperature_c=60,NAUMANN_CAL_T60_SOC100,8,7,81.041666666666671,mechanism_gated_target_activation_offset_hybrid_v1,2b960612b3e792e59d66d3bf5aa2a89c520e3db4ed92e2534aced21646f544f2,12b4a93c5b0a4595b5f0eefaff027e9f8b269be3489cae59a20e3be195b09f1b,14,34,21,266.17083333333329,885.04166666666652,2.0508994829153511,1.9626851678182438,77.437244974309522,74.361536913695403,-3.0757080606141187,3.0757080606141187
v3_unseen_temperature_level,temperature_c=60,NAUMANN_CAL_T60_SOC100,10,9,136.94583333333333,hierarchical_power_law_prefix_update_v2,90a95533a01afda1e0312a3928f3e72f895f7205aab1c5a3ba79979a84f3963c,b5e4c9d3fb710d2171ff79e26eb35fec6ecdd2d2f8bd9d7e88bfae4e36fe8653,14,34,21,266.17083333333329,885.04166666666652,0.57056707128267969,0.54383930539009051,77.437244974309522,76.432751741368449,-1.0044932329410727,1.0044932329410727
v3_unseen_temperature_level,temperature_c=60,NAUMANN_CAL_T60_SOC100,10,9,136.94583333333333,mechanism_gated_target_activation_offset_hybrid_v1,90a95533a01afda1e0312a3928f3e72f895f7205aab1c5a3ba79979a84f3963c,b5e4c9d3fb710d2171ff79e26eb35fec6ecdd2d2f8bd9d7e88bfae4e36fe8653,14,34,21,266.17083333333329,885.04166666666652,0.57056707128267969,0.54383930539009051,77.437244974309522,76.432751741368449,-1.0044932329410727,1.0044932329410727
v3_unseen_temperature_level,temperature_c=60,NAUMANN_CAL_T60_SOC100,14,13,239.71250000000001,hierarchical_power_law_prefix_update_v2,ad76a831e54466c623e1ce6a8d28704e739a28e00306110fda505254b2ec3816,172af490fed21a3d38f9c89d51e86d00613181f57b03985573e2bb5e738044e1,14,34,21,266.17083333333329,885.04166666666652,0.45154860514536216,0.43472116827401763,77.437244974309522,77.872192645208969,0.4349476708994473,0.4349476708994473
v3_unseen_temperature_level,temperature_c=60,NAUMANN_CAL_T60_SOC100,14,13,239.71250000000001,mechanism_gated_target_activation_offset_hybrid_v1,ad76a831e54466c623e1ce6a8d28704e739a28e00306110fda505254b2ec3816,172af490fed21a3d38f9c89d51e86d00613181f57b03985573e2bb5e738044e1,14,34,21,266.17083333333329,885.04166666666652,0.45154860514536216,0.43472116827401763,77.437244974309522,77.872192645208969,0.4349476708994473,0.4349476708994473
v3_unseen_temperature_level,temperature_c=60,NAUMANN_CAL_T60_SOC50,5,4,29.504583333333333,hierarchical_power_law_prefix_update_v2,957e0261b211e480c9e8d5dcc2985d22f5db9cb1f5cc0c1d10373c9974c62d20,6ef2e804e93da06fbabb86c64417d956cd748001c1e11ac0ffe1284567133a79,14,34,21,266.17083333333329,885.04166666666652,10.113497043015919,9.6445697063337867,79.95367388993796,65.129183889578428,-14.824490000359532,14.824490000359532
v3_unseen_temperature_level,temperature_c=60,NAUMANN_CAL_T60_SOC50,5,4,29.504583333333333,mechanism_gated_target_activation_offset_hybrid_v1,957e0261b211e480c9e8d5dcc2985d22f5db9cb1f5cc0c1d10373c9974c62d20,6ef2e804e93da06fbabb86c64417d956cd748001c1e11ac0ffe1284567133a79,14,34,21,266.17083333333329,885.04166666666652,10.113497043015919,9.6445697063337867,79.95367388993796,65.129183889578428,-14.824490000359532,14.824490000359532
v3_unseen_temperature_level,temperature_c=60,NAUMANN_CAL_T60_SOC50,8,7,81.041666666666671,hierarchical_power_law_prefix_update_v2,2b960612b3e792e59d66d3bf5aa2a89c520e3db4ed92e2534aced21646f544f2,8165f0720c85a8f7e7a7064b31a4e14f33134d9f3e082c8351f4ccf0d1ac8a5b,14,34,21,266.17083333333329,885.04166666666652,2.582255774062987,2.4641202491288423,79.95367388993796,76.140583422974913,-3.8130904669630468,3.8130904669630468
v3_unseen_temperature_level,temperature_c=60,NAUMANN_CAL_T60_SOC50,8,7,81.041666666666671,mechanism_gated_target_activation_offset_hybrid_v1,2b960612b3e792e59d66d3bf5aa2a89c520e3db4ed92e2534aced21646f544f2,8165f0720c85a8f7e7a7064b31a4e14f33134d9f3e082c8351f4ccf0d1ac8a5b,14,34,21,266.17083333333329,885.04166666666652,2.582255774062987,2.4641202491288423,79.95367388993796,76.140583422974913,-3.8130904669630468,3.8130904669630468
v3_unseen_temperature_level,temperature_c=60,NAUMANN_CAL_T60_SOC50,10,9,136.94583333333333,hierarchical_power_law_prefix_update_v2,90a95533a01afda1e0312a3928f3e72f895f7205aab1c5a3ba79979a84f3963c,2bda9f4920a3c3cef433eb7ef50fa591adc7d918fcb79b542210fb45305b748b,14,34,21,266.17083333333329,885.04166666666652,0.4597557684590643,0.43959800350585948,79.95367388993796,79.224138114551579,-0.72953577538638115,0.72953577538638115
v3_unseen_temperature_level,temperature_c=60,NAUMANN_CAL_T60_SOC50,10,9,136.94583333333333,mechanism_gated_target_activation_offset_hybrid_v1,90a95533a01afda1e0312a3928f3e72f895f7205aab1c5a3ba79979a84f3963c,2bda9f4920a3c3cef433eb7ef50fa591adc7d918fcb79b542210fb45305b748b,14,34,21,266.17083333333329,885.04166666666652,0.4597557684590643,0.43959800350585948,79.95367388993796,79.224138114551579,-0.72953577538638115,0.72953577538638115
v3_unseen_temperature_level,temperature_c=60,NAUMANN_CAL_T60_SOC50,14,13,239.71250000000001,hierarchical_power_law_prefix_update_v2,ad76a831e54466c623e1ce6a8d28704e739a28e00306110fda505254b2ec3816,fac0d9cab3274e028044baa29f6a862274f6152ca5953223fcc9334ef003e7b7,14,34,21,266.17083333333329,885.04166666666652,0.79019847278535404,0.75200924125603852,79.95367388993796,81.04324612589204,1.0895722359540798,1.0895722359540798
v3_unseen_temperature_level,temperature_c=60,NAUMANN_CAL_T60_SOC50,14,13,239.71250000000001,mechanism_gated_target_activation_offset_hybrid_v1,ad76a831e54466c623e1ce6a8d28704e739a28e00306110fda505254b2ec3816,fac0d9cab3274e028044baa29f6a862274f6152ca5953223fcc9334ef003e7b7,14,34,21,266.17083333333329,885.04166666666652,0.79019847278535404,0.75200924125603852,79.95367388993796,81.04324612589204,1.0895722359540798,1.0895722359540798
