issued_count,coverage_fraction_of_all_test_clusters,coverage_fraction_of_hard_eligible_clusters,catastrophic_count,catastrophic_rate,mean_trajectory_iae_pp,maximum_issued_disagreement_pp,predeclared_25_50_75_marker
1,0.001,0.0012804097311139564,0,0,1.0940473371308841,4.3469285619308238,
2,0.002,0.0025608194622279128,1,0.5,2.6144099914459598,6.445959681543215,
3,0.0030000000000000001,0.0038412291933418692,2,0.66666666666666663,7.1475125189903315,27.319283464673191,
4,0.0040000000000000001,0.0051216389244558257,3,0.75,5.9105909163983865,31.696958556971424,
5,0.0050000000000000001,0.0064020486555697821,3,0.59999999999999998,5.1212806191044278,32.141988711448228,
6,0.0060000000000000001,0.0076824583866837385,4,0.66666666666666663,4.8376513758581359,32.141989465492905,
7,0.0070000000000000001,0.0089628681177976958,5,0.7142857142857143,4.6856461719241613,32.141989900246848,
8,0.0080000000000000002,0.010243277848911651,6,0.75,5.2362100371203795,32.141990151546572,
9,0.0089999999999999993,0.011523687580025609,7,0.77777777777777779,6.1080881106868743,32.141991090513265,
10,0.01,0.012804097311139564,8,0.80000000000000004,6.6746385291876518,32.141994041266393,
11,0.010999999999999999,0.014084507042253521,9,0.81818181818181823,6.796533029088601,32.141995373339078,
12,0.012,0.015364916773367477,9,0.75,6.2665799061003709,32.141995428828452,
13,0.012999999999999999,0.016645326504481434,9,0.69230769230769229,5.8521388467253681,32.141995436569175,
14,0.014,0.017925736235595392,10,0.7142857142857143,5.8999487968000377,32.141995555664046,
15,0.014999999999999999,0.019206145966709345,11,0.73333333333333328,5.9408404283584622,32.141995560603156,
16,0.016,0.020486555697823303,11,0.6875,5.5783737532519755,32.141995616673348,
17,0.017000000000000001,0.02176696542893726,11,0.6470588235294118,5.3132291570042414,32.141995648093229,
18,0.017999999999999999,0.023047375160051217,11,0.61111111111111116,5.1073539696653567,32.141995717211266,
19,0.019,0.024327784891165175,11,0.57894736842105265,4.8986769646690291,32.141995902103773,
20,0.02,0.025608194622279128,11,0.55000000000000004,4.7369871198188074,32.141995909145571,
21,0.021000000000000001,0.026888604353393086,11,0.52380952380952384,4.6375240519030987,32.141995963172853,
22,0.021999999999999999,0.028169014084507043,11,0.5,4.4585314198182111,32.141996190155915,
23,0.023,0.029449423815621,11,0.47826086956521741,4.306068084217455,32.141996305639111,
24,0.024,0.030729833546734954,11,0.45833333333333331,4.1522414209837715,32.141996329140781,
25,0.025000000000000001,0.032010243277848911,12,0.47999999999999998,4.1279126503681187,32.141996385399658,
26,0.025999999999999999,0.033290653008962869,12,0.46153846153846156,4.0332915247172014,32.141996596746381,
27,0.027,0.034571062740076826,13,0.48148148148148145,4.0392789681762968,32.14199668797113,
28,0.028000000000000001,0.035851472471190783,13,0.4642857142857143,3.9148443130025332,32.141996766177812,
29,0.029000000000000001,0.03713188220230474,13,0.44827586206896552,3.8436439064334693,32.141996830067896,
30,0.029999999999999999,0.038412291933418691,14,0.46666666666666667,3.7863356663591974,32.141996857332508,
31,0.031,0.039692701664532648,14,0.45161290322580644,3.7075845129276814,32.141996861918088,
32,0.032000000000000001,0.040973111395646605,15,0.46875,3.6535328066332733,32.141996963498258,
33,0.033000000000000002,0.042253521126760563,15,0.45454545454545453,3.579875576730863,32.141996994180246,
34,0.034000000000000002,0.04353393085787452,15,0.44117647058823528,3.4854709189631867,32.141997074733524,
35,0.035000000000000003,0.044814340588988477,15,0.42857142857142855,3.4124467109725991,32.141997101275209,
36,0.035999999999999997,0.046094750320102434,15,0.41666666666666669,3.3534597691888761,32.141997129889631,
37,0.036999999999999998,0.047375160051216392,15,0.40540540540540543,3.2724987718920273,32.14199717400642,
38,0.037999999999999999,0.048655569782330349,15,0.39473684210526316,3.2349259190672459,32.141997277806837,
39,0.039,0.049935979513444299,15,0.38461538461538464,3.1754935486897735,32.141997378567638,
40,0.040000000000000001,0.051216389244558257,15,0.375,3.1285290364940721,32.141997529685156,
41,0.041000000000000002,0.052496798975672214,15,0.36585365853658536,3.0615463879012519,32.141997534351695,
42,0.042000000000000003,0.053777208706786171,15,0.35714285714285715,2.9980865745661456,32.141997619112317,
43,0.042999999999999997,0.055057618437900128,15,0.34883720930232559,2.9583360040598303,32.141997622669869,
44,0.043999999999999997,0.056338028169014086,15,0.34090909090909088,2.9187060064461381,32.141997633060924,
45,0.044999999999999998,0.057618437900128043,15,0.33333333333333331,2.8769309826827394,32.141997673379024,
46,0.045999999999999999,0.058898847631242,15,0.32608695652173914,2.833095084210234,32.141997721127581,
47,0.047,0.060179257362355951,16,0.34042553191489361,2.8419147496385486,32.141997745634292,
48,0.048000000000000001,0.061459667093469908,16,0.33333333333333331,2.8085302185036869,32.141997769365339,
49,0.049000000000000002,0.062740076824583865,17,0.34693877551020408,2.7862811565750691,32.141997892768003,
50,0.050000000000000003,0.064020486555697823,17,0.34000000000000002,2.7446392306429859,32.14199789692023,
51,0.050999999999999997,0.06530089628681178,17,0.33333333333333331,2.7385227312725204,32.141997933074528,
52,0.051999999999999998,0.066581306017925737,18,0.34615384615384615,2.7405044644912362,32.141997971962283,
53,0.052999999999999999,0.067861715749039694,19,0.35849056603773582,2.7688180409285015,32.141997989944215,
54,0.053999999999999999,0.069142125480153652,19,0.35185185185185186,2.7348579012412038,32.141998005009356,
55,0.055,0.070422535211267609,19,0.34545454545454546,2.6904177052325093,32.141998072786038,
56,0.056000000000000001,0.071702944942381566,20,0.35714285714285715,2.7954912497453792,32.141998075526551,
57,0.057000000000000002,0.072983354673495524,20,0.35087719298245612,2.7546289609930139,32.141998086274612,
58,0.058000000000000003,0.074263764404609481,21,0.36206896551724138,2.7524362295065563,32.141998103939187,
59,0.058999999999999997,0.075544174135723438,21,0.3559322033898305,2.7259543909718356,32.141998111481136,
60,0.059999999999999998,0.076824583866837381,21,0.34999999999999998,2.6918463353985596,32.141998114658747,
61,0.060999999999999999,0.078104993597951339,22,0.36065573770491804,2.7279233429931513,32.141998207796306,
62,0.062,0.079385403329065296,22,0.35483870967741937,2.7082189244723507,32.14199823768827,
63,0.063,0.080665813060179253,23,0.36507936507936506,2.7708254669192094,32.141998253409156,
64,0.064000000000000001,0.081946222791293211,23,0.359375,2.7466925205341077,32.141998257871577,
65,0.065000000000000002,0.083226632522407168,23,0.35384615384615387,2.7262779120582508,32.141998286199446,
66,0.066000000000000003,0.084507042253521125,24,0.36363636363636365,2.7212340384483289,32.141998335842331,
67,0.067000000000000004,0.085787451984635082,24,0.35820895522388058,2.6953661044285502,32.141998352421012,
68,0.068000000000000005,0.08706786171574904,24,0.35294117647058826,2.6711813425004558,32.141998360934878,
69,0.069000000000000006,0.088348271446862997,25,0.36231884057971014,2.6830039375373342,32.141998387279514,
70,0.070000000000000007,0.089628681177976954,26,0.37142857142857144,2.6783112066871273,32.141998411385757,
71,0.070999999999999994,0.090909090909090912,27,0.38028169014084506,2.6616836431600679,32.14199842116642,
72,0.071999999999999995,0.092189500640204869,27,0.375,2.6449175521464419,32.14199848904309,
73,0.072999999999999995,0.093469910371318826,28,0.38356164383561642,2.6862827298382816,32.141998588551758,
74,0.073999999999999996,0.094750320102432783,28,0.3783783783783784,2.65870905990288,32.141998594157016,
75,0.074999999999999997,0.096030729833546741,28,0.37333333333333335,2.6339771607886591,32.141998623470442,
76,0.075999999999999998,0.097311139564660698,29,0.38157894736842107,2.6326939195547849,32.141998658799423,
77,0.076999999999999999,0.098591549295774641,29,0.37662337662337664,2.607608307748579,32.141998689730897,
78,0.078,0.099871959026888599,29,0.37179487179487181,2.5811749510223345,32.141998732203476,
79,0.079000000000000001,0.10115236875800256,29,0.36708860759493672,2.5732822644943063,32.141998849049997,
80,0.080000000000000002,0.10243277848911651,29,0.36249999999999999,2.5514672849732709,32.141998877310016,
81,0.081000000000000003,0.10371318822023047,29,0.35802469135802467,2.5286399069632459,32.141998886985348,
82,0.082000000000000003,0.10499359795134443,29,0.35365853658536583,2.5307121318870487,32.141998895942066,
83,0.083000000000000004,0.10627400768245839,29,0.3493975903614458,2.5198535726821514,32.141998918962784,
84,0.084000000000000005,0.10755441741357234,29,0.34523809523809523,2.5075578288187694,32.141998953448777,
85,0.085000000000000006,0.1088348271446863,30,0.35294117647058826,2.5343247624629504,32.14199896813227,
86,0.085999999999999993,0.11011523687580026,30,0.34883720930232559,2.5089847155723595,32.141998970937053,
87,0.086999999999999994,0.11139564660691421,30,0.34482758620689657,2.4871228968865857,32.141998988773921,
88,0.087999999999999995,0.11267605633802817,30,0.34090909090909088,2.468146634214845,32.141999085810653,
89,0.088999999999999996,0.11395646606914213,30,0.33707865168539325,2.4491416830137078,32.141999188585956,
90,0.089999999999999997,0.11523687580025609,31,0.34444444444444444,2.4464157016880685,32.141999192450285,
91,0.090999999999999998,0.11651728553137004,31,0.34065934065934067,2.4371891452378605,32.141999254542327,
92,0.091999999999999998,0.117797695262484,32,0.34782608695652173,2.4380109611487213,32.141999269263167,
93,0.092999999999999999,0.11907810499359796,32,0.34408602150537637,2.4130184581340872,32.141999272035321,
94,0.094,0.1203585147247119,32,0.34042553191489361,2.399981673361363,32.141999361520774,
95,0.095000000000000001,0.12163892445582586,33,0.3473684210526316,2.3942089041721841,32.141999363325816,
96,0.096000000000000002,0.12291933418693982,34,0.35416666666666669,2.395836837544842,32.141999407518369,
97,0.097000000000000003,0.12419974391805377,34,0.35051546391752575,2.3787700502160516,32.141999423879582,
98,0.098000000000000004,0.12548015364916773,35,0.35714285714285715,2.3853660389214446,32.141999452925262,
99,0.099000000000000005,0.12676056338028169,35,0.35353535353535354,2.3637961043235158,32.141999602663837,
100,0.10000000000000001,0.12804097311139565,35,0.34999999999999998,2.3505762700877071,32.141999621130608,
101,0.10100000000000001,0.1293213828425096,36,0.35643564356435642,2.3817839638875937,32.141999681521597,
102,0.10199999999999999,0.13060179257362356,36,0.35294117647058826,2.3616905203256371,32.141999696222953,
103,0.10299999999999999,0.13188220230473752,36,0.34951456310679613,2.3481141280360336,32.141999738042585,
104,0.104,0.13316261203585147,37,0.35576923076923078,2.342090210625646,32.14199974021389,
105,0.105,0.13444302176696543,38,0.3619047619047619,2.3501458469308267,32.141999741445041,
106,0.106,0.13572343149807939,38,0.35849056603773582,2.33672750154494,32.141999763627254,
107,0.107,0.13700384122919335,38,0.35514018691588783,2.3311634886825234,32.141999820967314,
108,0.108,0.1382842509603073,38,0.35185185185185186,2.3165319359848118,32.141999825811467,
109,0.109,0.13956466069142126,38,0.34862385321100919,2.3021707907184177,32.141999913774853,
110,0.11,0.14084507042253522,38,0.34545454545454546,2.2917745173576707,32.141999920776286,
111,0.111,0.14212548015364918,39,0.35135135135135137,2.3162880859908208,32.141999925402956,
112,0.112,0.14340588988476313,40,0.35714285714285715,2.3425480002514436,32.141999928433805,
113,0.113,0.14468629961587709,41,0.36283185840707965,2.3508146953016751,32.141999937680893,
114,0.114,0.14596670934699105,41,0.35964912280701755,2.346604972536332,32.141999958926945,
115,0.115,0.147247119078105,42,0.36521739130434783,2.3608729780079849,32.141999959349072,
116,0.11600000000000001,0.14852752880921896,43,0.37068965517241381,2.3630469995448284,32.141999988323491,
117,0.11700000000000001,0.14980793854033292,43,0.36752136752136755,2.3599764713362399,32.141999999999996,
118,0.11799999999999999,0.15108834827144688,43,0.36440677966101692,2.3487251252647763,32.141999999999996,
119,0.11899999999999999,0.15236875800256081,43,0.36134453781512604,2.3341740730691969,32.141999999999996,
120,0.12,0.15364916773367476,43,0.35833333333333334,2.3240679181228807,32.142000285772951,
121,0.121,0.15492957746478872,44,0.36363636363636365,2.3264379113055509,32.142000396728434,
122,0.122,0.15620998719590268,45,0.36885245901639346,2.3407464316125965,32.142000470239878,
123,0.123,0.15749039692701663,45,0.36585365853658536,2.3278411806301764,32.14200051259445,
124,0.124,0.15877080665813059,46,0.37096774193548387,2.3375760149629978,32.142000602022691,
125,0.125,0.16005121638924455,46,0.36799999999999999,2.3329787389614096,32.142001202466119,
126,0.126,0.16133162612035851,46,0.36507936507936506,2.3180055081775732,32.142001391864504,
127,0.127,0.16261203585147246,47,0.37007874015748032,2.3617887447634809,32.142001561021345,
128,0.128,0.16389244558258642,48,0.375,2.370933414454647,32.142001639428472,
129,0.129,0.16517285531370038,49,0.37984496124031009,2.3765987501965911,32.142001641053206,
130,0.13,0.16645326504481434,49,0.37692307692307692,2.368607475816777,32.142002129842481,
131,0.13100000000000001,0.16773367477592829,49,0.37404580152671757,2.3528886657457031,32.142002411652939,
132,0.13200000000000001,0.16901408450704225,49,0.37121212121212122,2.3389220834409761,32.142003082749561,
133,0.13300000000000001,0.17029449423815621,50,0.37593984962406013,2.3921725906710063,32.142003715617257,
134,0.13400000000000001,0.17157490396927016,50,0.37313432835820898,2.3862819889588369,32.142006046664477,
135,0.13500000000000001,0.17285531370038412,51,0.37777777777777777,2.4189245989120853,32.142006971218201,
136,0.13600000000000001,0.17413572343149808,52,0.38235294117647056,2.4308918007450253,32.142007464503088,
137,0.13700000000000001,0.17541613316261204,53,0.38686131386861317,2.430075145548924,32.142007677093694,
138,0.13800000000000001,0.17669654289372599,54,0.39130434782608697,2.4411040890555222,32.142009044429983,
139,0.13900000000000001,0.17797695262483995,55,0.39568345323741005,2.4526379000985434,32.142010112968684,
140,0.14000000000000001,0.17925736235595391,56,0.40000000000000002,2.5006532327381183,32.142015534008316,
141,0.14099999999999999,0.18053777208706787,57,0.40425531914893614,2.5202317920077522,32.142027305156766,
142,0.14199999999999999,0.18181818181818182,58,0.40845070422535212,2.5381484892643686,32.142038570395194,
143,0.14299999999999999,0.18309859154929578,59,0.41258741258741261,2.5440837467545179,32.142042892136338,
144,0.14399999999999999,0.18437900128040974,60,0.41666666666666669,2.5621500975307647,32.142046010928333,
145,0.14499999999999999,0.1856594110115237,61,0.4206896551724138,2.5830719975825471,32.147353888744249,
146,0.14599999999999999,0.18693982074263765,62,0.42465753424657532,2.5866824039412912,32.159035110685238,
147,0.14699999999999999,0.18822023047375161,62,0.42176870748299322,2.5725303997542741,32.159063283706793,
148,0.14799999999999999,0.18950064020486557,62,0.41891891891891891,2.5641372915614071,32.160851146186673,
149,0.14899999999999999,0.19078104993597952,62,0.41610738255033558,2.5527988543473343,32.177014265814442,
150,0.14999999999999999,0.19206145966709348,62,0.41333333333333333,2.536575013869756,32.185879768411993,
151,0.151,0.19334186939820744,62,0.41059602649006621,2.5365403268716689,32.191373070411181,
152,0.152,0.1946222791293214,63,0.41447368421052633,2.5625768454068436,32.192427653189611,
153,0.153,0.19590268886043533,64,0.41830065359477125,2.5793055866746353,32.19401976573846,
154,0.154,0.19718309859154928,65,0.42207792207792205,2.5819653473175395,32.194098198461973,
155,0.155,0.19846350832266324,66,0.4258064516129032,2.5830682946107211,32.199661888931615,
156,0.156,0.1997439180537772,66,0.42307692307692307,2.5842199448241594,32.215134516119434,
157,0.157,0.20102432778489115,66,0.42038216560509556,2.5822245392177292,32.228580847104148,
158,0.158,0.20230473751600511,67,0.42405063291139239,2.6419595857972906,32.246626103267772,
159,0.159,0.20358514724711907,67,0.42138364779874216,2.6344485475842196,32.247717912447712,
160,0.16,0.20486555697823303,67,0.41875000000000001,2.6225690712688206,32.261618184403076,
161,0.161,0.20614596670934698,67,0.41614906832298137,2.6172841480773883,32.264337134510875,
162,0.16200000000000001,0.20742637644046094,68,0.41975308641975306,2.6161970578693379,32.272893996488818,
163,0.16300000000000001,0.2087067861715749,68,0.41717791411042943,2.6120277173813751,32.273729018643422,
164,0.16400000000000001,0.20998719590268886,69,0.42073170731707316,2.667293636049382,32.274984952403443,
165,0.16500000000000001,0.21126760563380281,70,0.42424242424242425,2.6877367721861605,32.277266476831315,
166,0.16600000000000001,0.21254801536491677,70,0.42168674698795183,2.6724772144267859,32.277288743082764,
167,0.16700000000000001,0.21382842509603073,70,0.41916167664670656,2.6644047747860222,32.291536913384107,
168,0.16800000000000001,0.21510883482714468,70,0.41666666666666669,2.6491288000280804,32.292445477220653,
169,0.16900000000000001,0.21638924455825864,71,0.42011834319526625,2.6564029921686352,32.297739343419309,
170,0.17000000000000001,0.2176696542893726,71,0.41764705882352943,2.643094397136637,32.302834313718634,
171,0.17100000000000001,0.21895006402048656,71,0.41520467836257308,2.6310024165672434,32.304108953715172,
172,0.17199999999999999,0.22023047375160051,71,0.41279069767441862,2.6261011558472873,32.307650476422992,
173,0.17299999999999999,0.22151088348271447,71,0.41040462427745666,2.617120284325579,32.309593328865631,
174,0.17399999999999999,0.22279129321382843,71,0.40804597701149425,2.6032609654795347,32.314069537340366,
175,0.17499999999999999,0.22407170294494239,72,0.41142857142857142,2.5988106915603688,32.326322333046633,
176,0.17599999999999999,0.22535211267605634,73,0.41477272727272729,2.6121912279492516,32.340380976105976,
177,0.17699999999999999,0.2266325224071703,73,0.41242937853107342,2.5991549306934911,32.350108789574961,
178,0.17799999999999999,0.22791293213828426,73,0.4101123595505618,2.5935834848390922,32.354222387814588,
179,0.17899999999999999,0.22919334186939821,73,0.40782122905027934,2.5822415971472648,32.358323698987803,
180,0.17999999999999999,0.23047375160051217,73,0.40555555555555556,2.5735669682379974,32.361246731372219,
181,0.18099999999999999,0.23175416133162613,74,0.40883977900552487,2.5882908192359571,32.36458226442997,
182,0.182,0.23303457106274009,74,0.40659340659340659,2.5783643274655721,32.375101936656293,
183,0.183,0.23431498079385404,74,0.40437158469945356,2.5706949078546355,32.380074155484394,
184,0.184,0.235595390524968,74,0.40217391304347827,2.5701511077961499,32.384798068029575,
185,0.185,0.23687580025608196,74,0.40000000000000002,2.5618906728603505,32.386961875945261,
186,0.186,0.23815620998719592,74,0.39784946236559138,2.5582409710459997,32.39100651023503,
187,0.187,0.23943661971830985,75,0.40106951871657753,2.5950119349514646,32.393930086155223,
188,0.188,0.2407170294494238,76,0.40425531914893614,2.6407525224354749,32.396233034795785,
189,0.189,0.24199743918053776,77,0.40740740740740738,2.6536728941039138,32.396468515503145,
190,0.19,0.24327784891165172,77,0.40526315789473683,2.6468609080564685,32.403603272353834,
191,0.191,0.24455825864276567,77,0.40314136125654448,2.6422587953640728,32.408371437959566,
192,0.192,0.24583866837387963,77,0.40104166666666669,2.6400851507823542,32.41135683775228,
193,0.193,0.24711907810499359,77,0.39896373056994816,2.6377080651035358,32.411366786350655,
194,0.19400000000000001,0.24839948783610755,77,0.39690721649484534,2.6283969063468793,32.413220030827503,
195,0.19500000000000001,0.2496798975672215,77,0.39487179487179486,2.617755506246076,32.425657927535568,
196,0.19600000000000001,0.25096030729833546,78,0.39795918367346939,2.6214934775659975,32.425922818279858,
197,0.19700000000000001,0.25224071702944945,78,0.39593908629441626,2.6115443868125543,32.428107441657474,
198,0.19800000000000001,0.25352112676056338,78,0.39393939393939392,2.6019358567840487,32.446912698737535,
199,0.19900000000000001,0.25480153649167736,78,0.39195979899497485,2.5923745489336523,32.452314203057284,
200,0.20000000000000001,0.25608194622279129,78,0.39000000000000001,2.5812516770672573,32.458125486822965,
201,0.20100000000000001,0.25736235595390528,79,0.39303482587064675,2.58037118624198,32.463804128289723,
202,0.20200000000000001,0.2586427656850192,79,0.3910891089108911,2.5732394647091721,32.479420902657964,
203,0.20300000000000001,0.25992317541613319,80,0.39408866995073893,2.5891902947268011,32.48153397094822,
204,0.20399999999999999,0.26120358514724712,80,0.39215686274509803,2.5788969402075588,32.48168554923528,
205,0.20499999999999999,0.26248399487836105,81,0.39512195121951221,2.5842905067304223,32.488380131609489,
206,0.20599999999999999,0.26376440460947503,81,0.39320388349514562,2.5722585903849251,32.496627276288592,
207,0.20699999999999999,0.26504481434058896,81,0.39130434782608697,2.5608674116049528,32.498921627266142,
208,0.20799999999999999,0.26632522407170295,81,0.38942307692307693,2.5488896048731293,32.499057196210877,
209,0.20899999999999999,0.26760563380281688,81,0.38755980861244022,2.5394154143853145,32.512982907565643,
210,0.20999999999999999,0.26888604353393086,81,0.38571428571428573,2.5284887920156169,32.523641013239832,
211,0.21099999999999999,0.27016645326504479,81,0.38388625592417064,2.52139471830339,32.541096806107674,
212,0.21199999999999999,0.27144686299615878,81,0.38207547169811323,2.5181689245861785,32.548381984925442,
213,0.21299999999999999,0.27272727272727271,82,0.38497652582159625,2.520242686573031,32.56875633457075,
214,0.214,0.27400768245838669,82,0.38317757009345793,2.5143667768989637,32.579231048385076,
215,0.215,0.27528809218950062,82,0.38139534883720932,2.504119503811455,32.592950332170965,
216,0.216,0.27656850192061461,82,0.37962962962962965,2.4961164569532963,32.601290658722704,
217,0.217,0.27784891165172854,82,0.37788018433179721,2.4922172709589216,32.634682557652354,
218,0.218,0.27912932138284252,82,0.37614678899082571,2.4889217502942391,32.635334609402662,
219,0.219,0.28040973111395645,82,0.37442922374429222,2.4874356510106193,32.647886814192724,
220,0.22,0.28169014084507044,82,0.37272727272727274,2.4782096035373797,32.653839597199863,
221,0.221,0.28297055057618437,82,0.37104072398190047,2.4756480423352429,32.674589425129881,
222,0.222,0.28425096030729835,82,0.36936936936936937,2.4654621681290951,32.693607687401013,
223,0.223,0.28553137003841228,82,0.36771300448430494,2.4606832532809526,32.69585753275399,
224,0.224,0.28681177976952626,82,0.36607142857142855,2.4539171588033533,32.699904418285129,
225,0.22500000000000001,0.28809218950064019,83,0.36888888888888888,2.4543946163985391,32.702944982590111,
226,0.22600000000000001,0.28937259923175418,83,0.36725663716814161,2.4547349361803947,32.70703710301273,
227,0.22700000000000001,0.29065300896286811,83,0.3656387665198238,2.4457393529008167,32.711158272040038,
228,0.22800000000000001,0.29193341869398209,83,0.36403508771929827,2.4362790401582233,32.716271688789035,
229,0.22900000000000001,0.29321382842509602,83,0.36244541484716158,2.4313258249498944,32.717475496190985,
230,0.23000000000000001,0.29449423815621001,83,0.36086956521739133,2.4235400787953205,32.718167705213112,
231,0.23100000000000001,0.29577464788732394,83,0.3593073593073593,2.4137908290477337,32.724033407220745,
232,0.23200000000000001,0.29705505761843792,84,0.36206896551724138,2.4306068002634156,32.727282949847904,
233,0.23300000000000001,0.29833546734955185,85,0.36480686695278969,2.4366311545397488,32.729085421590398,
234,0.23400000000000001,0.29961587708066584,85,0.36324786324786323,2.433899433706427,32.731219739715101,
235,0.23499999999999999,0.30089628681177977,86,0.36595744680851061,2.4463749581502112,32.745861906351138,
236,0.23599999999999999,0.30217669654289375,86,0.36440677966101692,2.4421567417270116,32.747938683293356,
237,0.23699999999999999,0.30345710627400768,87,0.36708860759493672,2.4452544550970092,32.759095336888947,
238,0.23799999999999999,0.30473751600512161,87,0.36554621848739494,2.436182834519891,32.760618208746962,
239,0.23899999999999999,0.3060179257362356,87,0.36401673640167365,2.4313324236322886,32.762660700100781,
240,0.23999999999999999,0.30729833546734953,88,0.36666666666666664,2.4433513492042223,32.76509935647033,
241,0.24099999999999999,0.30857874519846351,89,0.36929460580912865,2.4458386784656034,32.771555533000161,
242,0.24199999999999999,0.30985915492957744,90,0.37190082644628097,2.4554511687183123,32.784509040850921,
243,0.24299999999999999,0.31113956466069143,91,0.37448559670781895,2.463116518923032,32.794627902749582,
244,0.24399999999999999,0.31241997439180536,91,0.37295081967213117,2.4563543734263269,32.808956314866144,
245,0.245,0.31370038412291934,91,0.37142857142857144,2.450495575951912,32.810925640122463,
246,0.246,0.31498079385403327,91,0.36991869918699188,2.4418993158543012,32.823304615547329,
247,0.247,0.31626120358514725,91,0.36842105263157893,2.4367655485128585,32.830235368720054,
248,0.248,0.31754161331626118,91,0.36693548387096775,2.4322518764507324,32.839397722218756,
249,0.249,0.31882202304737517,91,0.36546184738955823,2.4264351337609611,32.8507640371025,
250,0.25,0.3201024327784891,92,0.36799999999999999,2.42529331196465,32.853415520750026,0.25
251,0.251,0.32138284250960308,93,0.37051792828685259,2.429191075000773,32.85589849070432,
252,0.252,0.32266325224071701,94,0.37301587301587302,2.4337329148723432,32.859252235488654,
253,0.253,0.323943661971831,95,0.37549407114624506,2.4328532688815683,32.859407986716732,
254,0.254,0.32522407170294493,95,0.37401574803149606,2.4267659786291547,32.868408893402091,
255,0.255,0.32650448143405891,96,0.37647058823529411,2.4233689533984633,32.879571842238718,
256,0.25600000000000001,0.32778489116517284,96,0.375,2.418512796111314,32.904515572760076,
257,0.25700000000000001,0.32906530089628683,96,0.37354085603112841,2.4102364988397755,32.909116551545537,
258,0.25800000000000001,0.33034571062740076,96,0.37209302325581395,2.4044669759129369,32.914582646400518,
259,0.25900000000000001,0.33162612035851474,97,0.37451737451737449,2.4043097972108245,32.91832142711128,
260,0.26000000000000001,0.33290653008962867,98,0.37692307692307692,2.4173680485912219,32.924194403876015,
261,0.26100000000000001,0.33418693982074266,99,0.37931034482758619,2.4193239055837474,32.924901896780653,
262,0.26200000000000001,0.33546734955185659,100,0.38167938931297712,2.4226868498381631,32.938421977702134,
263,0.26300000000000001,0.33674775928297057,100,0.38022813688212925,2.4176014937362802,32.939760798817552,
264,0.26400000000000001,0.3380281690140845,101,0.38257575757575757,2.4245501256398696,32.941608329140024,
265,0.26500000000000001,0.33930857874519849,101,0.38113207547169814,2.4165243282020623,32.942255409050077,
266,0.26600000000000001,0.34058898847631242,102,0.38345864661654133,2.4281819891731549,32.945451267523644,
267,0.26700000000000002,0.3418693982074264,102,0.38202247191011235,2.4200430367349126,32.951922810393135,
268,0.26800000000000002,0.34314980793854033,103,0.38432835820895522,2.4177349103215557,32.953666898704981,
269,0.26900000000000002,0.34443021766965431,103,0.38289962825278812,2.4140053199204754,32.955434312617378,
270,0.27000000000000002,0.34571062740076824,104,0.38518518518518519,2.4315012742158726,32.968857634342925,
271,0.27100000000000002,0.34699103713188223,104,0.3837638376383764,2.4240320190007298,32.969324165613635,
272,0.27200000000000002,0.34827144686299616,105,0.3860294117647059,2.4289019557314635,32.971227963922132,
273,0.27300000000000002,0.34955185659411009,105,0.38461538461538464,2.4228106897319042,32.976688609777767,
274,0.27400000000000002,0.35083226632522407,105,0.38321167883211676,2.4151947317854874,32.978167899749344,
275,0.27500000000000002,0.352112676056338,105,0.38181818181818183,2.4159907951643884,32.984505210163803,
276,0.27600000000000002,0.35339308578745199,105,0.38043478260869568,2.4081048266888287,32.99862081413788,
277,0.27700000000000002,0.35467349551856592,105,0.37906137184115524,2.4034105109177006,33.001953421902783,
278,0.27800000000000002,0.3559539052496799,105,0.37769784172661869,2.397048603779198,33.01788038776855,
279,0.27900000000000003,0.35723431498079383,105,0.37634408602150538,2.3933238806462147,33.038542816516284,
280,0.28000000000000003,0.35851472471190782,105,0.375,2.3863412490138316,33.041106553880724,
281,0.28100000000000003,0.35979513444302175,105,0.37366548042704628,2.3864858389753203,33.048091923416528,
282,0.28199999999999997,0.36107554417413573,105,0.37234042553191488,2.379912105268625,33.065880648003386,
283,0.28299999999999997,0.36235595390524966,106,0.37455830388692579,2.388614164716452,33.069531401504136,
284,0.28399999999999997,0.36363636363636365,106,0.37323943661971831,2.3833680552143317,33.073684587124987,
285,0.28499999999999998,0.36491677336747758,106,0.3719298245614035,2.3757728089952939,33.081518532312103,
286,0.28599999999999998,0.36619718309859156,106,0.37062937062937062,2.37280819939317,33.083908375212161,
287,0.28699999999999998,0.36747759282970549,106,0.36933797909407667,2.3714834786460632,33.097385179797797,
288,0.28799999999999998,0.36875800256081948,106,0.36805555555555558,2.3698303134911591,33.099274205864589,
289,0.28899999999999998,0.37003841229193341,106,0.36678200692041524,2.3620293059965016,33.100444370158371,
290,0.28999999999999998,0.37131882202304739,107,0.36896551724137933,2.3607400421394527,33.104817470548525,
291,0.29099999999999998,0.37259923175416132,108,0.37113402061855671,2.3637559861222193,33.108588278757473,
292,0.29199999999999998,0.3738796414852753,108,0.36986301369863012,2.3631305379363621,33.110166127897422,
293,0.29299999999999998,0.37516005121638923,108,0.36860068259385664,2.3570470552742475,33.111782259258803,
294,0.29399999999999998,0.37644046094750322,108,0.36734693877551022,2.3524481770591854,33.137360675784059,
295,0.29499999999999998,0.37772087067861715,109,0.36949152542372882,2.3510422252073133,33.139149657142717,
296,0.29599999999999999,0.37900128040973113,110,0.3716216216216216,2.3502771906518474,33.162095367890345,
297,0.29699999999999999,0.38028169014084506,110,0.37037037037037035,2.3448634814466192,33.166113422257268,
298,0.29799999999999999,0.38156209987195905,110,0.36912751677852351,2.3390312949945571,33.167308688849047,
299,0.29899999999999999,0.38284250960307298,110,0.36789297658862874,2.3338668199261274,33.169138080295625,
300,0.29999999999999999,0.38412291933418696,110,0.36666666666666664,2.3292325473459221,33.17515985613386,
301,0.30099999999999999,0.38540332906530089,110,0.36544850498338871,2.3224327045685804,33.176838521611131,
302,0.30199999999999999,0.38668373879641488,110,0.36423841059602646,2.3159536632041471,33.17734336915899,
303,0.30299999999999999,0.38796414852752881,110,0.36303630363036304,2.315753393476792,33.18237140076814,
304,0.30399999999999999,0.38924455825864279,110,0.36184210526315791,2.3082676716124069,33.1959972344048,
305,0.30499999999999999,0.39052496798975672,110,0.36065573770491804,2.3052882200688427,33.200792023882954,
306,0.30599999999999999,0.39180537772087065,110,0.35947712418300654,2.3037505357930725,33.21548823426469,
307,0.307,0.39308578745198464,111,0.36156351791530944,2.3058353820695108,33.218691991821672,
308,0.308,0.39436619718309857,111,0.36038961038961037,2.2995951703462882,33.218693323382425,
309,0.309,0.39564660691421255,112,0.36245954692556637,2.3156393287087176,33.223419284279174,
310,0.31,0.39692701664532648,112,0.36129032258064514,2.311283352378442,33.224748806574041,
311,0.311,0.39820742637644047,112,0.36012861736334406,2.3068810453699653,33.234587938777274,
312,0.312,0.39948783610755439,112,0.35897435897435898,2.3007138416435762,33.249981335643191,
313,0.313,0.40076824583866838,112,0.35782747603833864,2.2984032573897282,33.263248321520116,
314,0.314,0.40204865556978231,113,0.35987261146496813,2.3072667947088497,33.26728358086703,
315,0.315,0.40332906530089629,114,0.3619047619047619,2.3111183326096336,33.2678848479013,
316,0.316,0.40460947503201022,114,0.36075949367088606,2.3057866714940558,33.296005498770668,
317,0.317,0.40588988476312421,114,0.35962145110410093,2.2999698862785385,33.300484482008599,
318,0.318,0.40717029449423814,115,0.36163522012578614,2.3003619349574902,33.302182535644697,
319,0.31900000000000001,0.40845070422535212,115,0.36050156739811912,2.2999207240584756,33.303142043762747,
320,0.32000000000000001,0.40973111395646605,115,0.359375,2.2941258609456439,33.309341638601452,
321,0.32100000000000001,0.41101152368758004,115,0.35825545171339562,2.2876162590292299,33.310052384027884,
322,0.32200000000000001,0.41229193341869397,116,0.36024844720496896,2.3029880108372995,33.335477133807444,
323,0.32300000000000001,0.41357234314980795,116,0.3591331269349845,2.3002232029931715,33.341560225174568,
324,0.32400000000000001,0.41485275288092188,116,0.35802469135802467,2.2949888837367785,33.356306745399536,
325,0.32500000000000001,0.41613316261203587,117,0.35999999999999999,2.3029276142657444,33.359487806764719,
326,0.32600000000000001,0.4174135723431498,117,0.35889570552147237,2.2987503713058666,33.365802090878645,
327,0.32700000000000001,0.41869398207426378,118,0.36085626911314983,2.3093674531289605,33.371842378222482,
328,0.32800000000000001,0.41997439180537771,118,0.3597560975609756,2.3024420232933704,33.381008014278848,
329,0.32900000000000001,0.4212548015364917,119,0.36170212765957449,2.3022984963195157,33.38985884587867,
330,0.33000000000000002,0.42253521126760563,120,0.36363636363636365,2.317608626057186,33.399697056768858,
331,0.33100000000000002,0.42381562099871961,120,0.36253776435045315,2.3107104514499448,33.406390631646829,
332,0.33200000000000002,0.42509603072983354,121,0.36445783132530118,2.3134248243922064,33.41614436783788,
333,0.33300000000000002,0.42637644046094753,121,0.36336336336336339,2.3088290808189198,33.418881040912495,
334,0.33400000000000002,0.42765685019206146,121,0.36227544910179643,2.306215304119116,33.427987956952279,
335,0.33500000000000002,0.42893725992317544,122,0.36417910447761193,2.3145144020123491,33.435315008420659,
336,0.33600000000000002,0.43021766965428937,122,0.36309523809523808,2.3084789421515786,33.443363720143417,
337,0.33700000000000002,0.43149807938540335,123,0.36498516320474778,2.3121794002847418,33.459801144363226,
338,0.33800000000000002,0.43277848911651728,123,0.36390532544378701,2.3079186963862481,33.465263483812848,
339,0.33900000000000002,0.43405889884763127,124,0.36578171091445427,2.338769179034053,33.474531436768316,
340,0.34000000000000002,0.4353393085787452,125,0.36764705882352944,2.3478777715241654,33.480082479027999,
341,0.34100000000000003,0.43661971830985913,125,0.36656891495601174,2.3463391398033662,33.491039429811458,
342,0.34200000000000003,0.43790012804097311,125,0.36549707602339182,2.3422655760822124,33.502829099512844,
343,0.34300000000000003,0.43918053777208704,125,0.36443148688046645,2.3373299884704304,33.515840955704981,
344,0.34399999999999997,0.44046094750320103,125,0.36337209302325579,2.3326745422343973,33.530570829546903,
345,0.34499999999999997,0.44174135723431496,125,0.36231884057971014,2.3298895205440679,33.551580726298191,
346,0.34599999999999997,0.44302176696542894,125,0.36127167630057805,2.3248162692353787,33.566171215336276,
347,0.34699999999999998,0.44430217669654287,125,0.36023054755043227,2.3193250250089905,33.573143557917106,
348,0.34799999999999998,0.44558258642765686,125,0.35919540229885055,2.3131428182912668,33.577478871282011,
349,0.34899999999999998,0.44686299615877079,126,0.36103151862464183,2.3134888745659206,33.581695241452785,
350,0.34999999999999998,0.44814340588988477,126,0.35999999999999999,2.3108333852624461,33.584006346314553,
351,0.35099999999999998,0.4494238156209987,126,0.35897435897435898,2.3074020258840791,33.606946294843667,
352,0.35199999999999998,0.45070422535211269,127,0.36079545454545453,2.3117774491761729,33.613349347883485,
353,0.35299999999999998,0.45198463508322662,127,0.35977337110481589,2.3131731183122084,33.632883024271159,
354,0.35399999999999998,0.4532650448143406,127,0.35875706214689268,2.3099545703276059,33.647713033988786,
355,0.35499999999999998,0.45454545454545453,128,0.36056338028169016,2.3111198931227106,33.663592254329835,
356,0.35599999999999998,0.45582586427656852,128,0.3595505617977528,2.3076157293125794,33.675823988097811,
357,0.35699999999999998,0.45710627400768244,128,0.35854341736694678,2.3044771667459996,33.679178399784981,
358,0.35799999999999998,0.45838668373879643,128,0.35754189944134079,2.2989822959477153,33.68634424159292,
359,0.35899999999999999,0.45966709346991036,128,0.35654596100278552,2.2938047693362082,33.691937073487068,
360,0.35999999999999999,0.46094750320102434,128,0.35555555555555557,2.2891232628917297,33.704941202110966,
361,0.36099999999999999,0.46222791293213827,128,0.35457063711911357,2.286234815585749,33.71415075512418,
362,0.36199999999999999,0.46350832266325226,129,0.35635359116022097,2.3080996136363088,33.731677526379826,
363,0.36299999999999999,0.46478873239436619,129,0.35537190082644626,2.3065821036197276,33.739373591136655,
364,0.36399999999999999,0.46606914212548017,130,0.35714285714285715,2.3048938925865525,33.747142174430714,
365,0.36499999999999999,0.4673495518565941,130,0.35616438356164382,2.3010690113971113,33.750572445981831,
366,0.36599999999999999,0.46862996158770809,130,0.3551912568306011,2.2969045788548779,33.766703702351769,
367,0.36699999999999999,0.46991037131882202,130,0.35422343324250682,2.2924508077865378,33.769882764405764,
368,0.36799999999999999,0.471190781049936,130,0.35326086956521741,2.2918835407863516,33.774200593408608,
369,0.36899999999999999,0.47247119078104993,130,0.35230352303523033,2.2867321375283605,33.800147618445678,
370,0.37,0.47375160051216392,130,0.35135135135135137,2.2821127963935872,33.80815089138936,
371,0.371,0.47503201024327785,130,0.35040431266846361,2.2772377271364603,33.813894074513144,
372,0.372,0.47631241997439183,130,0.34946236559139787,2.2737200944316807,33.820277474529078,
373,0.373,0.47759282970550576,130,0.34852546916890081,2.2679921253735524,33.83924658850691,
374,0.374,0.47887323943661969,130,0.34759358288770054,2.2663318592984987,33.855558236287493,
375,0.375,0.48015364916773368,130,0.34666666666666668,2.2605002740766644,33.872064085687029,
376,0.376,0.48143405889884761,130,0.34574468085106386,2.2589832913449741,33.87254528183103,
377,0.377,0.48271446862996159,130,0.34482758620689657,2.2545421578313327,33.872816016094554,
378,0.378,0.48399487836107552,130,0.3439153439153439,2.2495513093954203,33.873799235266731,
379,0.379,0.48527528809218951,130,0.34300791556728233,2.2449163774423715,33.891192612443731,
380,0.38,0.48655569782330343,131,0.34473684210526317,2.2435461605131422,33.90041992484479,
381,0.38100000000000001,0.48783610755441742,131,0.34383202099737531,2.2407305883524846,33.903000514542121,
382,0.38200000000000001,0.48911651728553135,131,0.34293193717277487,2.2360789643957855,33.927639586229688,
383,0.38300000000000001,0.49039692701664533,132,0.34464751958224543,2.2420218218741188,33.932321546141793,
384,0.38400000000000001,0.49167733674775926,132,0.34375,2.2375374776079311,33.935160079078948,
385,0.38500000000000001,0.49295774647887325,133,0.34545454545454546,2.2438239806257205,33.943011661650033,
386,0.38600000000000001,0.49423815620998718,133,0.34455958549222798,2.2380815270896921,33.971102445198497,
387,0.38700000000000001,0.49551856594110116,133,0.34366925064599485,2.2360541407000407,33.975174660533291,
388,0.38800000000000001,0.49679897567221509,133,0.34278350515463918,2.2330623349328222,33.999188091023449,
389,0.38900000000000001,0.49807938540332908,133,0.34190231362467866,2.2277618716971048,34.002046256085748,
390,0.39000000000000001,0.49935979513444301,133,0.34102564102564104,2.2224741388371134,34.045258213828433,
391,0.39100000000000001,0.50064020486555694,133,0.34015345268542202,2.2180377419257695,34.06840802711902,
392,0.39200000000000002,0.50192061459667092,134,0.34183673469387754,2.2414504032160822,34.07788624772752,
393,0.39300000000000002,0.50320102432778491,134,0.34096692111959287,2.2360428094537537,34.085839472575714,
394,0.39400000000000002,0.50448143405889889,134,0.34010152284263961,2.2315157317504579,34.09371564432297,
395,0.39500000000000002,0.50576184379001277,134,0.3392405063291139,2.2272421433730929,34.093750151098227,
396,0.39600000000000002,0.50704225352112675,135,0.34090909090909088,2.2326152945565125,34.100642683050111,
397,0.39700000000000002,0.50832266325224074,136,0.34256926952141059,2.2393705359566347,34.106086776691633,
398,0.39800000000000002,0.50960307298335472,137,0.34422110552763818,2.2417646549387258,34.107916609517403,
399,0.39900000000000002,0.5108834827144686,137,0.34335839598997492,2.2368115019131749,34.112645064232744,
400,0.40000000000000002,0.51216389244558258,138,0.34499999999999997,2.2373195839465736,34.122708123461429,
401,0.40100000000000002,0.51344430217669657,138,0.34413965087281795,2.2335961280236081,34.126631882725064,
402,0.40200000000000002,0.51472471190781055,138,0.34328358208955223,2.229882792171523,34.162259246909784,
403,0.40300000000000002,0.51600512163892442,138,0.34243176178660051,2.2292441375338754,34.182673180859659,
404,0.40400000000000003,0.51728553137003841,138,0.34158415841584161,2.2275256839929694,34.19155228018635,
405,0.40500000000000003,0.51856594110115239,138,0.34074074074074073,2.2226700300654691,34.212492233239459,
406,0.40600000000000003,0.51984635083226638,138,0.33990147783251229,2.2181113985900458,34.220307382441895,
407,0.40699999999999997,0.52112676056338025,139,0.34152334152334152,2.2281959681853172,34.220677616375092,
408,0.40799999999999997,0.52240717029449424,140,0.34313725490196079,2.2418333488828366,34.222054331188637,
409,0.40899999999999997,0.52368758002560822,140,0.34229828850855748,2.2379628614464835,34.229575539284085,
410,0.40999999999999998,0.5249679897567221,140,0.34146341463414637,2.2360739749276655,34.231110226460999,
411,0.41099999999999998,0.52624839948783608,140,0.34063260340632601,2.2329082352170104,34.242847267191166,
412,0.41199999999999998,0.52752880921895007,140,0.33980582524271846,2.2310932712983784,34.26187449335805,
413,0.41299999999999998,0.52880921895006405,140,0.33898305084745761,2.2257403085867566,34.270534364606569,
414,0.41399999999999998,0.53008962868117793,141,0.34057971014492755,2.2380711663133996,34.292233347255575,
415,0.41499999999999998,0.53137003841229191,142,0.34216867469879519,2.2411891200300262,34.296698615910941,
416,0.41599999999999998,0.5326504481434059,142,0.34134615384615385,2.2370866208299796,34.303681382307673,
417,0.41699999999999998,0.53393085787451988,143,0.34292565947242204,2.2383009870090138,34.332630877713733,
418,0.41799999999999998,0.53521126760563376,143,0.34210526315789475,2.2380704663216835,34.33958062916853,
419,0.41899999999999998,0.53649167733674774,143,0.3412887828162291,2.2349496158451938,34.360024396434305,
420,0.41999999999999998,0.53777208706786173,143,0.34047619047619049,2.2327319606141449,34.374632399393064,
421,0.42099999999999999,0.53905249679897571,143,0.33966745843230406,2.2294544315595379,34.396545485315883,
422,0.42199999999999999,0.54033290653008959,144,0.34123222748815168,2.2333477146373517,34.425705153915196,
423,0.42299999999999999,0.54161331626120357,144,0.34042553191489361,2.2329373655761966,34.428751754626553,
424,0.42399999999999999,0.54289372599231756,144,0.33962264150943394,2.2319319870232266,34.435006195558223,
425,0.42499999999999999,0.54417413572343154,144,0.33882352941176469,2.2280519997605355,34.435818199925649,
426,0.42599999999999999,0.54545454545454541,145,0.34037558685446012,2.2347308522295952,34.454563466452107,
427,0.42699999999999999,0.5467349551856594,146,0.34192037470725994,2.2389412095827166,34.479680999673064,
428,0.42799999999999999,0.54801536491677338,147,0.34345794392523366,2.2399020130013247,34.494122489552105,
429,0.42899999999999999,0.54929577464788737,147,0.34265734265734266,2.2374670125333451,34.569214806215868,
430,0.42999999999999999,0.55057618437900124,148,0.34418604651162793,2.2441530149275355,34.569540543466175,
431,0.43099999999999999,0.55185659411011523,148,0.3433874709976798,2.2418244493715322,34.570173078753236,
432,0.432,0.55313700384122921,148,0.34259259259259262,2.2372103564846837,34.597868627013064,
433,0.433,0.5544174135723432,148,0.34180138568129331,2.2344580525947628,34.64808996688059,
434,0.434,0.55569782330345707,148,0.34101382488479265,2.2327132079964072,34.651456143463491,
435,0.435,0.55697823303457106,148,0.34022988505747126,2.2309322803011025,34.671140098638837,
436,0.436,0.55825864276568504,148,0.33944954128440369,2.2292391622292618,34.705460170086589,
437,0.437,0.55953905249679903,148,0.33867276887871856,2.2285703187219457,34.709847456782789,
438,0.438,0.5608194622279129,149,0.34018264840182649,2.2312381025685695,34.726496396076136,
439,0.439,0.56209987195902689,149,0.33940774487471526,2.2265842419012851,34.736036038440709,
440,0.44,0.56338028169014087,149,0.33863636363636362,2.222899128970512,34.765025813670576,
441,0.441,0.56466069142125486,150,0.3401360544217687,2.242019506109997,34.776966157148593,
442,0.442,0.56594110115236873,150,0.33936651583710409,2.2374498997849712,34.781379339773018,
443,0.443,0.56722151088348272,150,0.33860045146726864,2.2349505295199026,34.79406610392234,
444,0.44400000000000001,0.5685019206145967,151,0.34009009009009011,2.2398415208513054,34.794536618259691,
445,0.44500000000000001,0.56978233034571057,151,0.33932584269662919,2.2358957926050711,34.811845135276478,
446,0.44600000000000001,0.57106274007682456,151,0.33856502242152464,2.234644150928248,34.831495420660289,
447,0.44700000000000001,0.57234314980793854,151,0.3378076062639821,2.2335287390551923,34.841744920534801,
448,0.44800000000000001,0.57362355953905253,151,0.33705357142857145,2.230358003973373,34.846433817459747,
449,0.44900000000000001,0.5749039692701664,152,0.33853006681514475,2.2350226274450331,34.857690659387266,
450,0.45000000000000001,0.57618437900128039,153,0.34000000000000002,2.23743402557698,34.879116628289331,
451,0.45100000000000001,0.57746478873239437,153,0.3392461197339246,2.2340048497992089,34.882780564831243,
452,0.45200000000000001,0.57874519846350836,154,0.34070796460176989,2.2369351603335055,34.947508165305898,
453,0.45300000000000001,0.58002560819462223,154,0.33995584988962474,2.2339164918415086,34.982019436760631,
454,0.45400000000000001,0.58130601792573622,154,0.33920704845814981,2.2308689826376309,35.010147423801605,
455,0.45500000000000002,0.5825864276568502,154,0.33846153846153848,2.2306206207993267,35.012917340156655,
456,0.45600000000000002,0.58386683738796419,154,0.33771929824561403,2.2268224580681468,35.014091935611319,
457,0.45700000000000002,0.58514724711907806,154,0.33698030634573306,2.2234519936106869,35.02059656942982,
458,0.45800000000000002,0.58642765685019205,154,0.33624454148471616,2.2231990761566109,35.053003992093402,
459,0.45900000000000002,0.58770806658130603,155,0.33769063180827885,2.2247724714623032,35.053739165497809,
460,0.46000000000000002,0.58898847631242002,155,0.33695652173913043,2.2202735235650239,35.095993996026998,
461,0.46100000000000002,0.59026888604353389,155,0.33622559652928419,2.2161093592910839,35.103396896387693,
462,0.46200000000000002,0.59154929577464788,155,0.33549783549783552,2.2139146699365364,35.103637398678764,
463,0.46300000000000002,0.59282970550576186,155,0.33477321814254862,2.2122965468825062,35.104891801548369,
464,0.46400000000000002,0.59411011523687585,155,0.33405172413793105,2.2118538906248193,35.119787546628736,
465,0.46500000000000002,0.59539052496798972,155,0.33333333333333331,2.2091500688273711,35.139775396753024,
466,0.46600000000000003,0.59667093469910371,155,0.33261802575107297,2.2068642474471991,35.14333217792079,
467,0.46700000000000003,0.59795134443021769,155,0.33190578158458245,2.2067493028900795,35.171036735413232,
468,0.46800000000000003,0.59923175416133168,155,0.33119658119658119,2.2023656378417389,35.177513783454394,
469,0.46899999999999997,0.60051216389244555,155,0.33049040511727079,2.2030793648673281,35.181343260836236,
470,0.46999999999999997,0.60179257362355953,155,0.32978723404255317,2.1996799586448659,35.247241984184974,
471,0.47099999999999997,0.60307298335467352,155,0.32908704883227174,2.1980810581991466,35.25118658901129,
472,0.47199999999999998,0.6043533930857875,155,0.32838983050847459,2.197271040718912,35.257164912057881,
473,0.47299999999999998,0.60563380281690138,155,0.32769556025369978,2.194982737556376,35.267348628575739,
474,0.47399999999999998,0.60691421254801536,156,0.32911392405063289,2.1953118810382297,35.276439632773261,
475,0.47499999999999998,0.60819462227912935,156,0.32842105263157895,2.1939201893843321,35.283192245775105,
476,0.47599999999999998,0.60947503201024322,156,0.32773109243697479,2.1921260801380553,35.298610416254199,
477,0.47699999999999998,0.61075544174135721,156,0.32704402515723269,2.1877087493549943,35.302480248751088,
478,0.47799999999999998,0.61203585147247119,156,0.32635983263598328,2.1859284284260716,35.302766976579825,
479,0.47899999999999998,0.61331626120358518,156,0.325678496868476,2.1827095600099384,35.318021187451976,
480,0.47999999999999998,0.61459667093469905,156,0.32500000000000001,2.1787329261434167,35.32620021715077,
481,0.48099999999999998,0.61587708066581304,156,0.32432432432432434,2.1767169613559925,35.333194527772498,
482,0.48199999999999998,0.61715749039692702,157,0.32572614107883818,2.1824918605046819,35.364356188323704,
483,0.48299999999999998,0.61843790012804101,158,0.32712215320910976,2.181150309624841,35.36827566286663,
484,0.48399999999999999,0.61971830985915488,158,0.32644628099173556,2.1814816631540954,35.371136771490335,
485,0.48499999999999999,0.62099871959026887,158,0.32577319587628867,2.1773689563527987,35.396134705261339,
486,0.48599999999999999,0.62227912932138285,159,0.3271604938271605,2.1776844242758644,35.402339576242348,
487,0.48699999999999999,0.62355953905249684,159,0.32648870636550309,2.174202456749565,35.404588482922968,
488,0.48799999999999999,0.62483994878361071,159,0.32581967213114754,2.1736293970804583,35.406840268096396,
489,0.48899999999999999,0.6261203585147247,159,0.32515337423312884,2.1719846486466805,35.407502258578752,
490,0.48999999999999999,0.62740076824583868,159,0.32448979591836735,2.1726894616281371,35.407926730782187,
491,0.49099999999999999,0.62868117797695267,159,0.32382892057026474,2.168666003123481,35.420766391977345,
492,0.49199999999999999,0.62996158770806654,159,0.32317073170731708,2.1680393109374725,35.429507196856882,
493,0.49299999999999999,0.63124199743918052,159,0.3225152129817444,2.166571992614124,35.430804944015115,
494,0.49399999999999999,0.63252240717029451,159,0.32186234817813764,2.164244169792735,35.438270541867546,
495,0.495,0.63380281690140849,160,0.32323232323232326,2.1669749554754372,35.442485962026332,
496,0.496,0.63508322663252237,160,0.32258064516129031,2.1630676983793444,35.462029684440942,
497,0.497,0.63636363636363635,161,0.323943661971831,2.1622040942212282,35.502282059415542,
498,0.498,0.63764404609475034,162,0.3253012048192771,2.1613917818599484,35.509077000194594,
499,0.499,0.63892445582586432,162,0.32464929859719438,2.1585632187126871,35.529970466079398,
500,0.5,0.6402048655569782,162,0.32400000000000001,2.1563494850241165,35.539370394105909,0.5
501,0.501,0.64148527528809218,162,0.32335329341317365,2.1566131573749576,35.543036837204262,
502,0.502,0.64276568501920617,162,0.32270916334661354,2.1535696734535503,35.564876903124862,
503,0.503,0.64404609475032015,162,0.32206759443339961,2.151932589268521,35.608602841173642,
504,0.504,0.64532650448143403,162,0.32142857142857145,2.1502336843849768,35.632845400421736,
505,0.505,0.64660691421254801,162,0.3207920792079208,2.1468282763972706,35.642708477614462,
506,0.50600000000000001,0.647887323943662,163,0.32213438735177868,2.1477009830992237,35.660585074372129,
507,0.50700000000000001,0.64916773367477598,164,0.3234714003944773,2.1563085128472474,35.674926159633323,
508,0.50800000000000001,0.65044814340588986,164,0.32283464566929132,2.1575662384141507,35.6760760063598,
509,0.50900000000000001,0.65172855313700384,164,0.32220039292730845,2.1556069511667157,35.679200332554977,
510,0.51000000000000001,0.65300896286811783,164,0.32156862745098042,2.1543605256392495,35.682211580827861,
511,0.51100000000000001,0.6542893725992317,164,0.32093933463796476,2.154379860817826,35.682276003250443,
512,0.51200000000000001,0.65556978233034569,164,0.3203125,2.1503531712071506,35.683725394285467,
513,0.51300000000000001,0.65685019206145967,164,0.31968810916179335,2.1466938653194645,35.687340676585357,
514,0.51400000000000001,0.65813060179257366,164,0.31906614785992216,2.146607299532961,35.739088774036311,
515,0.51500000000000001,0.65941101152368753,165,0.32038834951456313,2.1489176548943592,35.779506361290522,
516,0.51600000000000001,0.66069142125480151,166,0.32170542635658916,2.1560868866417664,35.796631504181441,
517,0.51700000000000002,0.6619718309859155,167,0.32301740812379109,2.1687906239993544,35.814909021891502,
518,0.51800000000000002,0.66325224071702948,167,0.32239382239382242,2.168255801885441,35.815416818589092,
519,0.51900000000000002,0.66453265044814336,168,0.32369942196531792,2.173557072177386,35.835320170189313,
520,0.52000000000000002,0.66581306017925734,168,0.32307692307692309,2.1704878729744705,35.869695948363294,
521,0.52100000000000002,0.66709346991037133,169,0.32437619961612285,2.1741569257347821,35.90615855237052,
522,0.52200000000000002,0.66837387964148531,169,0.32375478927203066,2.1741999401790797,35.947393184846199,
523,0.52300000000000002,0.66965428937259919,169,0.32313575525812621,2.1715381684901893,35.974562572576396,
524,0.52400000000000002,0.67093469910371317,169,0.32251908396946566,2.1690346623408066,36.089577916520177,
525,0.52500000000000002,0.67221510883482716,169,0.32190476190476192,2.1673255185456783,36.12427843019308,
526,0.52600000000000002,0.67349551856594114,170,0.32319391634980987,2.1727695373381155,36.13690883106127,
527,0.52700000000000002,0.67477592829705502,171,0.32447817836812143,2.1772595776205792,36.145142948317776,
528,0.52800000000000002,0.676056338028169,171,0.32386363636363635,2.1738710424703842,36.145243450820239,
529,0.52900000000000003,0.67733674775928299,171,0.32325141776937616,2.1738648696981762,36.205522229385117,
530,0.53000000000000003,0.67861715749039697,171,0.32264150943396225,2.1703944438908032,36.20662066131495,
531,0.53100000000000003,0.67989756722151085,171,0.32203389830508472,2.1687666995284411,36.214399780754285,
532,0.53200000000000003,0.68117797695262483,171,0.32142857142857145,2.1652927555926493,36.259765141552471,
533,0.53300000000000003,0.68245838668373882,171,0.32082551594746717,2.1632263846397102,36.265415681034689,
534,0.53400000000000003,0.6837387964148528,171,0.3202247191011236,2.1620285113755466,36.316889557803755,
535,0.53500000000000003,0.68501920614596667,171,0.31962616822429907,2.1612693890524608,36.334556744577306,
536,0.53600000000000003,0.68629961587708066,172,0.32089552238805968,2.1625946217006708,36.354446511864772,
537,0.53700000000000003,0.68758002560819464,173,0.32216014897579143,2.1684645314113515,36.403254362864864,
538,0.53800000000000003,0.68886043533930863,174,0.32342007434944237,2.1704848014645233,36.415505170748155,
539,0.53900000000000003,0.6901408450704225,174,0.32282003710575141,2.1681029615824596,36.544935581669513,
540,0.54000000000000004,0.69142125480153649,174,0.32222222222222224,2.1674241119414388,36.547195713482857,
541,0.54100000000000004,0.69270166453265047,174,0.32162661737523107,2.1663928013240179,36.547522948836182,
542,0.54200000000000004,0.69398207426376446,174,0.3210332103321033,2.1635052710081397,36.549131639107365,
543,0.54300000000000004,0.69526248399487833,174,0.32044198895027626,2.1617486028341037,36.592240257930079,
544,0.54400000000000004,0.69654289372599232,174,0.31985294117647056,2.1579820806020544,36.59311679166084,
545,0.54500000000000004,0.6978233034571063,174,0.31926605504587158,2.1549300897571584,36.598067718207481,
546,0.54600000000000004,0.69910371318822018,175,0.32051282051282054,2.1552093536869155,36.59944602303829,
547,0.54700000000000004,0.70038412291933416,176,0.3217550274223035,2.1613069390165718,36.605822114185436,
548,0.54800000000000004,0.70166453265044815,176,0.32116788321167883,2.1574662322169633,36.66157587294726,
549,0.54900000000000004,0.70294494238156213,177,0.32240437158469948,2.160247438244399,36.694969463144098,
550,0.55000000000000004,0.70422535211267601,178,0.32363636363636361,2.1629236912368039,36.69639035026659,
551,0.55100000000000005,0.70550576184378999,179,0.32486388384754988,2.1676515540062726,36.73981436671793,
552,0.55200000000000005,0.70678617157490398,180,0.32608695652173914,2.173683452810542,36.741226414052768,
553,0.55300000000000005,0.70806658130601796,180,0.32549728752260398,2.1719637904312332,36.758545742218097,
554,0.55400000000000005,0.70934699103713184,181,0.3267148014440433,2.1728139818119172,36.770587129958336,
555,0.55500000000000005,0.71062740076824582,182,0.32792792792792791,2.1777886650773919,36.781993847401999,
556,0.55600000000000005,0.71190781049935981,182,0.3273381294964029,2.1777231541651925,36.861111480660604,
557,0.55700000000000005,0.71318822023047379,183,0.32854578096947934,2.1800680239413524,36.886273484446669,
558,0.55800000000000005,0.71446862996158766,184,0.32974910394265233,2.1818609484017122,36.891272020953743,
559,0.55900000000000005,0.71574903969270165,184,0.3291592128801431,2.1809504460856619,36.957523827188702,
560,0.56000000000000005,0.71702944942381563,184,0.32857142857142857,2.1793553248968838,37.009834444859884,
561,0.56100000000000005,0.71830985915492962,185,0.32976827094474154,2.1814310985358136,37.016165064809165,
562,0.56200000000000006,0.71959026888604349,185,0.3291814946619217,2.1804568642846842,37.016720861911729,
563,0.56299999999999994,0.72087067861715748,185,0.32859680284191828,2.1800108125064792,37.030449475115269,
564,0.56399999999999995,0.72215108834827146,186,0.32978723404255317,2.1822440337358211,37.042975630158828,
565,0.56499999999999995,0.72343149807938545,186,0.32920353982300887,2.1792410800704825,37.070108446705056,
566,0.56599999999999995,0.72471190781049932,186,0.32862190812720848,2.1774368215819715,37.135713427851407,
567,0.56699999999999995,0.72599231754161331,186,0.32804232804232802,2.1755045915702218,37.140174812937438,
568,0.56799999999999995,0.72727272727272729,187,0.32922535211267606,2.1781919538744625,37.15875567420175,
569,0.56899999999999995,0.72855313700384128,187,0.32864674868189808,2.1769175392327162,37.161623057985118,
570,0.56999999999999995,0.72983354673495515,187,0.32807017543859651,2.1770978579335387,37.22525805327836,
571,0.57099999999999995,0.73111395646606914,187,0.32749562171628721,2.1739223202055489,37.225936054138238,
572,0.57199999999999995,0.73239436619718312,187,0.32692307692307693,2.1703554411003876,37.226441218001476,
573,0.57299999999999995,0.73367477592829711,187,0.32635253054101221,2.1688938639248896,37.237659676167276,
574,0.57399999999999995,0.73495518565941098,187,0.32578397212543553,2.1690557375727328,37.280734973938785,
575,0.57499999999999996,0.73623559539052497,188,0.32695652173913042,2.1736580397306118,37.305288816678178,
576,0.57599999999999996,0.73751600512163895,188,0.3263888888888889,2.1708359648869822,37.338122252744263,
577,0.57699999999999996,0.73879641485275294,188,0.32582322357019067,2.1712064600472849,37.345326287939933,
578,0.57799999999999996,0.74007682458386681,188,0.32525951557093424,2.1699915106142527,37.353551745290709,
579,0.57899999999999996,0.7413572343149808,189,0.32642487046632124,2.1725032298646774,37.400454926792072,
580,0.57999999999999996,0.74263764404609478,189,0.32586206896551723,2.1732243448167092,37.431554784873761,
581,0.58099999999999996,0.74391805377720865,190,0.32702237521514632,2.1913629490744593,37.455374431867845,
582,0.58199999999999996,0.74519846350832264,191,0.3281786941580756,2.1935403304893009,37.485132477905857,
583,0.58299999999999996,0.74647887323943662,191,0.32761578044596912,2.1926793729098,37.487565553353967,
584,0.58399999999999996,0.74775928297055061,191,0.32705479452054792,2.1910976720155531,37.53401538191283,
585,0.58499999999999996,0.74903969270166448,191,0.3264957264957265,2.1881661217428197,37.556051467162241,
586,0.58599999999999997,0.75032010243277847,192,0.32764505119453924,2.1992470445984251,37.593406507879322,
587,0.58699999999999997,0.75160051216389245,192,0.3270868824531516,2.1993013793553762,37.620701454892021,
588,0.58799999999999997,0.75288092189500644,192,0.32653061224489793,2.1977745761806,37.731496879451747,
589,0.58899999999999997,0.75416133162612031,192,0.32597623089983024,2.1969927935046627,37.767213352856992,
590,0.58999999999999997,0.7554417413572343,193,0.32711864406779662,2.19908973418553,37.78454489544027,
591,0.59099999999999997,0.75672215108834828,193,0.32656514382402707,2.1985755328238565,37.851902592810355,
592,0.59199999999999997,0.75800256081946227,193,0.32601351351351349,2.198465217454582,37.917446516556744,
593,0.59299999999999997,0.75928297055057614,194,0.32715008431703202,2.2007667146083496,37.917786046910628,
594,0.59399999999999997,0.76056338028169013,194,0.32659932659932661,2.1988062241791253,37.933026779527275,
595,0.59499999999999997,0.76184379001280411,194,0.32605042016806723,2.1986854542202687,37.936563298333205,
596,0.59599999999999997,0.7631241997439181,195,0.32718120805369127,2.1997262679064784,37.966655208901734,
597,0.59699999999999998,0.76440460947503197,195,0.32663316582914576,2.1982132034988635,37.99258409865174,
598,0.59799999999999998,0.76568501920614596,196,0.32775919732441472,2.2015080922186487,37.993695352937578,
599,0.59899999999999998,0.76696542893725994,196,0.32721202003338901,2.2017594084446666,38.029088746053908,
600,0.59999999999999998,0.76824583866837393,196,0.32666666666666666,2.2018079152301056,38.044445363998669,
601,0.60099999999999998,0.7695262483994878,196,0.32612312811980032,2.2024837457724677,38.053832254269274,
602,0.60199999999999998,0.77080665813060179,197,0.3272425249169435,2.2018725502431118,38.087640019353465,
603,0.60299999999999998,0.77208706786171577,198,0.32835820895522388,2.2026859863124102,38.097381225083218,
604,0.60399999999999998,0.77336747759282976,199,0.32947019867549671,2.2031598540954196,38.201997927232725,
605,0.60499999999999998,0.77464788732394363,199,0.32892561983471075,2.2015927795981391,38.216492492722658,
606,0.60599999999999998,0.77592829705505761,200,0.33003300330033003,2.2039847633154341,38.234175594877975,
607,0.60699999999999998,0.7772087067861716,201,0.33113673805601318,2.2032497281805501,38.292450538996754,
608,0.60799999999999998,0.77848911651728558,201,0.33059210526315791,2.2005512739617803,38.348282306163021,
609,0.60899999999999999,0.77976952624839946,201,0.33004926108374383,2.1980766016876649,38.379908813405144,
610,0.60999999999999999,0.78104993597951344,202,0.33114754098360655,2.2034030554129651,38.432684903779425,
611,0.61099999999999999,0.78233034571062743,203,0.33224222585924712,2.2047258514942811,38.444193673242573,
612,0.61199999999999999,0.7836107554417413,203,0.33169934640522875,2.2015553099694265,38.491183905254466,
613,0.61299999999999999,0.78489116517285529,203,0.33115823817292006,2.1997434212046518,38.594092683015809,
614,0.61399999999999999,0.78617157490396927,203,0.3306188925081433,2.1987535314234776,38.594299261140357,
615,0.61499999999999999,0.78745198463508326,204,0.33170731707317075,2.2015280115183984,38.669869644553948,
616,0.61599999999999999,0.78873239436619713,204,0.33116883116883117,2.1980588027356438,38.674887238374929,
617,0.61699999999999999,0.79001280409731112,204,0.33063209076175043,2.1955811925350943,38.693895468398132,
618,0.61799999999999999,0.7912932138284251,204,0.3300970873786408,2.1930763384421321,38.718717504494343,
619,0.61899999999999999,0.79257362355953909,205,0.33117932148626816,2.1968823675194109,38.764678220148205,
620,0.62,0.79385403329065296,205,0.33064516129032256,2.1936577863504696,38.807306727043887,
621,0.621,0.79513444302176695,205,0.33011272141706927,2.1927046366460381,38.826317904996294,
622,0.622,0.79641485275288093,205,0.32958199356913181,2.1915235216298337,38.851291236834804,
623,0.623,0.79769526248399492,205,0.3290529695024077,2.1902654990587727,38.865030723332033,
624,0.624,0.79897567221510879,205,0.32852564102564102,2.1900333299224974,38.865506432395684,
625,0.625,0.80025608194622277,205,0.32800000000000001,2.187751049936344,38.879321723291277,
626,0.626,0.80153649167733676,205,0.32747603833865813,2.1861836394940171,38.951089409667269,
627,0.627,0.80281690140845074,205,0.32695374800637961,2.1863850269616516,39.018530991377538,
628,0.628,0.80409731113956462,205,0.32643312101910826,2.1873057745609832,39.080437058595386,
629,0.629,0.8053777208706786,205,0.32591414944356123,2.1841765988441448,39.142749000728948,
630,0.63,0.80665813060179259,205,0.32539682539682541,2.182805442207405,39.149760071321928,
631,0.63100000000000001,0.80793854033290657,205,0.32488114104595878,2.183138956491284,39.192506817871156,
632,0.63200000000000001,0.80921895006402045,205,0.32436708860759494,2.1814670229674111,39.446543011318646,
633,0.63300000000000001,0.81049935979513443,206,0.325434439178515,2.1851913780141001,39.53336851937339,
634,0.63400000000000001,0.81177976952624842,207,0.32649842271293378,2.1847982358457676,39.586915507809458,
635,0.63500000000000001,0.8130601792573624,207,0.32598425196850395,2.1834840814437912,39.592562416992983,
636,0.63600000000000001,0.81434058898847628,207,0.32547169811320753,2.1803840460729718,39.614993927217391,
637,0.63700000000000001,0.81562099871959026,207,0.32496075353218212,2.1788732811322857,39.646887073088642,
638,0.63800000000000001,0.81690140845070425,207,0.32445141065830724,2.1769436654380536,39.680719610602175,
639,0.63900000000000001,0.81818181818181823,207,0.323943661971831,2.1736660602424158,39.735397332905102,
640,0.64000000000000001,0.81946222791293211,207,0.32343749999999999,2.171493396079494,39.802126797583178,
641,0.64100000000000001,0.82074263764404609,208,0.32449297971918878,2.1821019767424263,39.892025000168054,
642,0.64200000000000002,0.82202304737516008,209,0.32554517133956384,2.1834928595227407,39.968491336824833,
643,0.64300000000000002,0.82330345710627406,209,0.32503888024883359,2.1808353190078393,40.041398414855159,
644,0.64400000000000002,0.82458386683738794,210,0.32608695652173914,2.1812605442208706,40.056840878275388,
645,0.64500000000000002,0.82586427656850192,210,0.32558139534883723,2.1797160548587229,40.138084304496466,
646,0.64600000000000002,0.82714468629961591,210,0.32507739938080493,2.1800823539726135,40.153332021104895,
647,0.64700000000000002,0.82842509603072978,210,0.32457496136012365,2.1798694290837068,40.178717089088629,
648,0.64800000000000002,0.82970550576184376,211,0.32561728395061729,2.1865523022681397,40.206800032559393,
649,0.64900000000000002,0.83098591549295775,211,0.32511556240369799,2.1855081144440183,40.270999284270623,
650,0.65000000000000002,0.83226632522407173,212,0.32615384615384613,2.1875176854063532,40.272021354776307,
651,0.65100000000000002,0.83354673495518561,213,0.32718894009216593,2.1880592798183245,40.290538149105011,
652,0.65200000000000002,0.83482714468629959,213,0.32668711656441718,2.1854418821640911,40.318310262051618,
653,0.65300000000000002,0.83610755441741358,213,0.32618683001531396,2.1830341884411038,40.435672598623633,
654,0.65400000000000003,0.83738796414852756,214,0.327217125382263,2.1852532675189376,40.502972932525104,
655,0.65500000000000003,0.83866837387964144,215,0.3282442748091603,2.1859641623013011,40.595667863982563,
656,0.65600000000000003,0.83994878361075542,216,0.32926829268292684,2.188296000450733,40.611830982771856,
657,0.65700000000000003,0.84122919334186941,217,0.33028919330289191,2.1903477670839022,40.671192032313947,
658,0.65800000000000003,0.84250960307298339,217,0.32978723404255317,2.1910826947802562,40.688135129306197,
659,0.65900000000000003,0.84379001280409727,217,0.3292867981790592,2.1890933503915417,40.730334496952132,
660,0.66000000000000003,0.84507042253521125,218,0.33030303030303032,2.1921359569979884,40.816182280142989,
661,0.66100000000000003,0.84635083226632524,219,0.33131618759455372,2.192585499593148,40.929786387766278,
662,0.66200000000000003,0.84763124199743922,220,0.33232628398791542,2.1980427496519197,40.949977282842561,
663,0.66300000000000003,0.8489116517285531,220,0.33182503770739064,2.1957998875320914,41.007647348922767,
664,0.66400000000000003,0.85019206145966708,221,0.33283132530120479,2.1987213184186638,41.10433017950664,
665,0.66500000000000004,0.85147247119078107,221,0.3323308270676692,2.1965904024070246,41.398637320432634,
666,0.66600000000000004,0.85275288092189505,222,0.33333333333333331,2.2018807272428376,41.424564124377362,
667,0.66700000000000004,0.85403329065300893,222,0.33283358320839579,2.2027462684455754,41.603046239369512,
668,0.66800000000000004,0.85531370038412291,223,0.33383233532934131,2.2064066996020126,41.694050321229717,
669,0.66900000000000004,0.8565941101152369,224,0.33482810164424515,2.2092839218121929,41.98516799256317,
670,0.67000000000000004,0.85787451984635088,224,0.33432835820895523,2.2090783946600143,42.072412213604913,
671,0.67100000000000004,0.85915492957746475,224,0.33383010432190763,2.2086494851412293,42.223547663134262,
672,0.67200000000000004,0.86043533930857874,225,0.33482142857142855,2.209757063248909,42.259340809334084,
673,0.67300000000000004,0.86171574903969272,226,0.33580980683506684,2.2132610809951734,42.47637688243875,
674,0.67400000000000004,0.86299615877080671,227,0.33679525222551931,2.2156726742317918,42.481905512977214,
675,0.67500000000000004,0.86427656850192058,227,0.33629629629629632,2.2151475590630874,42.501994879069265,
676,0.67600000000000005,0.86555697823303457,227,0.33579881656804733,2.214164968974468,42.650706509075512,
677,0.67700000000000005,0.86683738796414855,228,0.33677991137370755,2.2189125523412749,42.723707970316816,
678,0.67800000000000005,0.86811779769526254,228,0.33628318584070799,2.2177458454741794,42.925856455750342,
679,0.67900000000000005,0.86939820742637641,229,0.33726067746686306,2.2204794556823839,42.971901236677731,
680,0.68000000000000005,0.8706786171574904,229,0.33676470588235297,2.2196860618100556,43.027010341564427,
681,0.68100000000000005,0.87195902688860438,230,0.33773861967694568,2.2221474008792628,43.155943867786469,
682,0.68200000000000005,0.87323943661971826,230,0.33724340175953077,2.2214827354586539,43.210029309347341,
683,0.68300000000000005,0.87451984635083224,230,0.33674963396778917,2.2196563671480392,43.379316466275931,
684,0.68400000000000005,0.87580025608194623,231,0.33771929824561403,2.222862167005605,43.439253992232032,
685,0.68500000000000005,0.87708066581306021,231,0.33722627737226279,2.2222740443981319,43.499281559628507,
686,0.68600000000000005,0.87836107554417409,231,0.33673469387755101,2.2206968101550668,43.517939200169927,
687,0.68700000000000006,0.87964148527528807,232,0.33770014556040756,2.2273539298286078,43.581112312968301,
688,0.68799999999999994,0.88092189500640206,232,0.33720930232558138,2.2286399776273358,43.81053169110649,
689,0.68899999999999995,0.88220230473751604,232,0.3367198838896952,2.2286305185570781,43.829326147534495,
690,0.68999999999999995,0.88348271446862991,233,0.33768115942028987,2.2322049514968296,43.870501003361447,
691,0.69099999999999995,0.8847631241997439,234,0.3386396526772793,2.2341025111871313,43.973712455135662,
692,0.69199999999999995,0.88604353393085789,235,0.33959537572254334,2.2391658951802356,44.086921988622542,
693,0.69299999999999995,0.88732394366197187,236,0.34054834054834054,2.2484307147497393,44.462749211942672,
694,0.69399999999999995,0.88860435339308574,237,0.34149855907780979,2.2494782475065231,44.629464062494883,
695,0.69499999999999995,0.88988476312419973,238,0.34244604316546762,2.253778816894918,44.724163064079043,
696,0.69599999999999995,0.89116517285531371,239,0.34339080459770116,2.2579329499054173,44.81395554706625,
697,0.69699999999999995,0.8924455825864277,240,0.34433285509325684,2.2595982705085658,45.518834527009354,
698,0.69799999999999995,0.89372599231754157,241,0.3452722063037249,2.264771807351587,45.583463818726393,
699,0.69899999999999995,0.89500640204865556,242,0.34620886981402005,2.2663684898666392,45.584867587586636,
700,0.69999999999999996,0.89628681177976954,243,0.34714285714285714,2.2720661942938278,45.641724925727978,
701,0.70099999999999996,0.89756722151088353,244,0.34807417974322397,2.2731622856215536,45.70807690230685,
702,0.70199999999999996,0.8988476312419974,245,0.349002849002849,2.275424606443103,45.913976327257267,
703,0.70299999999999996,0.90012804097311139,246,0.34992887624466573,2.2808152947940163,46.241505325833508,
704,0.70399999999999996,0.90140845070422537,247,0.35085227272727271,2.2843920808911546,46.332292888602034,
705,0.70499999999999996,0.90268886043533936,248,0.35177304964539008,2.2864606888513679,46.395700066305231,
706,0.70599999999999996,0.90396927016645323,249,0.35269121813031162,2.294807667371086,46.490493938350376,
707,0.70699999999999996,0.90524967989756722,250,0.3536067892503536,2.3017473198281286,46.844718554658023,
708,0.70799999999999996,0.9065300896286812,251,0.35451977401129942,2.3025982773029461,46.92889924208307,
709,0.70899999999999996,0.90781049935979519,252,0.35543018335684062,2.3077404557596686,46.980897124879625,
710,0.70999999999999996,0.90909090909090906,253,0.35633802816901411,2.3157537008254567,47.100234008078694,
711,0.71099999999999997,0.91037131882202305,254,0.35724331926863573,2.3217243874544575,47.541144271715872,
712,0.71199999999999997,0.91165172855313703,255,0.35814606741573035,2.3268434111495644,47.555684956586425,
713,0.71299999999999997,0.91293213828425102,256,0.35904628330995791,2.3319600120530843,47.944964223286767,
714,0.71399999999999997,0.91421254801536489,257,0.35994397759103641,2.3349370699568786,47.997081792083897,
715,0.71499999999999997,0.91549295774647887,258,0.36083916083916084,2.3405922425855596,48.458576920167154,
716,0.71599999999999997,0.91677336747759286,259,0.36173184357541899,2.3425822820789661,48.860843428794084,
717,0.71699999999999997,0.91805377720870673,260,0.36262203626220363,2.3499279931651023,48.865255411281687,
718,0.71799999999999997,0.91933418693982072,261,0.36350974930362118,2.3525027646661032,48.98630615203539,
719,0.71899999999999997,0.9206145966709347,262,0.36439499304589706,2.3586435433069139,49.339009881256523,
720,0.71999999999999997,0.92189500640204869,263,0.36527777777777776,2.3620117897015995,49.378904661124061,
721,0.72099999999999997,0.92317541613316256,264,0.36615811373092927,2.3690242025474895,49.754568805945162,
722,0.72199999999999998,0.92445582586427655,264,0.36565096952908588,2.3676798283734453,50.181016108262419,
723,0.72299999999999998,0.92573623559539053,265,0.36652835408022127,2.3690922067009854,50.243193604502089,
724,0.72399999999999998,0.92701664532650452,266,0.36740331491712708,2.3770741289443671,50.324860200210658,
725,0.72499999999999998,0.92829705505761839,267,0.36827586206896551,2.3911039850356985,50.497472791512003,
726,0.72599999999999998,0.92957746478873238,268,0.36914600550964188,2.3985719393006257,50.567164783438365,
727,0.72699999999999998,0.93085787451984636,269,0.3700137551581843,2.4037342821281236,50.624113898915702,
728,0.72799999999999998,0.93213828425096035,270,0.37087912087912089,2.41007282211836,50.664666896378627,
729,0.72899999999999998,0.93341869398207422,271,0.37174211248285322,2.4238443102073539,50.745469006464212,
730,0.72999999999999998,0.93469910371318821,272,0.37260273972602742,2.4246880563679967,51.065388108761162,
731,0.73099999999999998,0.93597951344430219,273,0.37346101231190149,2.4367148471010855,51.10897609558701,
732,0.73199999999999998,0.93725992317541618,274,0.37431693989071041,2.443409137313592,51.987232283581612,
733,0.73299999999999998,0.93854033290653005,275,0.37517053206002726,2.453225934828223,52.037674834878025,
734,0.73399999999999999,0.93982074263764404,276,0.37602179836512262,2.4569833936768908,52.132445846664346,
735,0.73499999999999999,0.94110115236875802,277,0.37687074829931971,2.4599459288541343,52.280417146407011,
736,0.73599999999999999,0.94238156209987201,278,0.37771739130434784,2.4671798912571186,52.354366079789891,
737,0.73699999999999999,0.94366197183098588,279,0.37856173677069199,2.4760903558793141,52.824672155897751,
738,0.73799999999999999,0.94494238156209986,280,0.37940379403794039,2.4907475788269458,52.904227803931292,
739,0.73899999999999999,0.94622279129321385,281,0.38024357239512857,2.4971632816280698,53.113810881600735,
740,0.73999999999999999,0.94750320102432783,282,0.38108108108108107,2.5038186653500034,53.137505841848373,
741,0.74099999999999999,0.94878361075544171,283,0.38191632928475033,2.5183396467211514,53.223388565025004,
742,0.74199999999999999,0.95006402048655569,284,0.38274932614555257,2.5250195575528642,53.244878624434484,
743,0.74299999999999999,0.95134443021766968,285,0.3835800807537012,2.5356446728380932,53.249135240956342,
744,0.74399999999999999,0.95262483994878366,286,0.38440860215053763,2.5397991466682805,53.24980710868747,
745,0.745,0.95390524967989754,287,0.38523489932885907,2.5525546346838146,53.561824080553798,
746,0.746,0.95518565941101152,288,0.38605898123324395,2.5555535369174054,53.595934751574426,
747,0.747,0.95646606914212551,289,0.38688085676037481,2.5737712181801906,53.738394674754886,
748,0.748,0.95774647887323938,290,0.38770053475935828,2.5836750999869311,53.840286914412317,
749,0.749,0.95902688860435337,291,0.38851802403204272,2.5902753676114427,53.910725730339387,
750,0.75,0.96030729833546735,292,0.38933333333333331,2.5976650223566522,53.938005751090806,0.75
751,0.751,0.96158770806658134,293,0.39014647137150466,2.6012310419273126,54.194259364007912,
752,0.752,0.96286811779769521,294,0.39095744680851063,2.6139811431272988,54.305854118144111,
753,0.753,0.9641485275288092,295,0.39176626826029215,2.6213435034368455,54.529296193405052,
754,0.754,0.96542893725992318,296,0.39257294429708223,2.6267048490858387,54.610411549194801,
755,0.755,0.96670934699103717,297,0.3933774834437086,2.6430591366878389,54.625869279740115,
756,0.75600000000000001,0.96798975672215104,298,0.39417989417989419,2.6490398078532849,54.684430319721919,
757,0.75700000000000001,0.96927016645326503,299,0.39498018494055481,2.6614798544904152,54.8031675730712,
758,0.75800000000000001,0.97055057618437901,300,0.39577836411609496,2.6684340785724108,54.845386728232889,
759,0.75900000000000001,0.971830985915493,301,0.39657444005270093,2.6758356417895555,55.236498320877978,
760,0.76000000000000001,0.97311139564660687,302,0.39736842105263159,2.6868680685520427,55.359289875245288,
761,0.76100000000000001,0.97439180537772085,303,0.39816031537450725,2.6986876632835388,56.014552884330826,
762,0.76200000000000001,0.97567221510883484,304,0.39895013123359579,2.7160670764529544,56.614291156323972,
763,0.76300000000000001,0.97695262483994882,305,0.39973787680209699,2.7251070358628446,56.719767313008909,
764,0.76400000000000001,0.9782330345710627,306,0.40052356020942409,2.7373267416964837,56.808886862290038,
765,0.76500000000000001,0.97951344430217668,307,0.40130718954248368,2.7469861144732701,56.926016940648218,
766,0.76600000000000001,0.98079385403329067,308,0.40208877284595301,2.756341671584674,56.963456493189184,
767,0.76700000000000002,0.98207426376440465,309,0.40286831812255541,2.7710958135240888,56.98318519157754,
768,0.76800000000000002,0.98335467349551853,310,0.40364583333333331,2.7738332228820295,57.223396272786225,
769,0.76900000000000002,0.98463508322663251,311,0.40442132639791939,2.7852702095202524,57.315741909104098,
770,0.77000000000000002,0.9859154929577465,312,0.40519480519480522,2.7977987835140525,57.447873551963198,
771,0.77100000000000002,0.98719590268886048,313,0.4059662775616083,2.8095346860168497,57.705519855646529,
772,0.77200000000000002,0.98847631241997436,314,0.40673575129533679,2.8359211649052742,57.718044982538117,
773,0.77300000000000002,0.98975672215108834,315,0.40750323415265199,2.8463806681129338,57.828407325146031,
774,0.77400000000000002,0.99103713188220233,316,0.40826873385012918,2.8593895327312513,58.095951398852748,
775,0.77500000000000002,0.99231754161331631,317,0.40903225806451615,2.8770133322985028,58.109890350667143,
776,0.77600000000000002,0.99359795134443019,318,0.40979381443298968,2.8958905922962468,58.286734251682979,
777,0.77700000000000002,0.99487836107554417,319,0.41055341055341055,2.9148060362247867,58.292680667738999,
778,0.77800000000000002,0.99615877080665816,320,0.41131105398457585,2.9209646212887068,58.541184308509607,
779,0.77900000000000003,0.99743918053777214,321,0.41206675224646983,2.9322850075134053,58.615385531655612,
780,0.78000000000000003,0.99871959026888601,322,0.4128205128205128,2.9585137125222714,58.636678804126682,
781,0.78100000000000003,1,323,0.41357234314980795,2.9691430093808555,58.687654577818357,
