partition_index,partition_id,calibration_condition_ids,evaluation_condition_ids,calibration_condition_count,evaluation_condition_count,fallback_calibration_count,specialist_calibration_count,fallback_evaluation_count,specialist_evaluation_count
1,partition_001_7f8e8e358dd2,NAUMANN_CAL_T25_SOC50;NAUMANN_CAL_T40_SOC0;NAUMANN_CAL_T40_SOC100;NAUMANN_CAL_T40_SOC12.5;NAUMANN_CAL_T40_SOC25;NAUMANN_CAL_T40_SOC37.5,NAUMANN_CAL_T40_SOC50;NAUMANN_CAL_T40_SOC62.5;NAUMANN_CAL_T40_SOC75;NAUMANN_CAL_T40_SOC87.5,6,4,4,2,4,0
2,partition_002_c363cb66dc65,NAUMANN_CAL_T25_SOC50;NAUMANN_CAL_T40_SOC0;NAUMANN_CAL_T40_SOC100;NAUMANN_CAL_T40_SOC12.5;NAUMANN_CAL_T40_SOC25;NAUMANN_CAL_T40_SOC50,NAUMANN_CAL_T40_SOC37.5;NAUMANN_CAL_T40_SOC62.5;NAUMANN_CAL_T40_SOC75;NAUMANN_CAL_T40_SOC87.5,6,4,4,2,4,0
3,partition_003_86422e7708a2,NAUMANN_CAL_T25_SOC50;NAUMANN_CAL_T40_SOC0;NAUMANN_CAL_T40_SOC100;NAUMANN_CAL_T40_SOC12.5;NAUMANN_CAL_T40_SOC25;NAUMANN_CAL_T40_SOC62.5,NAUMANN_CAL_T40_SOC37.5;NAUMANN_CAL_T40_SOC50;NAUMANN_CAL_T40_SOC75;NAUMANN_CAL_T40_SOC87.5,6,4,4,2,4,0
4,partition_004_90e87da518e7,NAUMANN_CAL_T25_SOC50;NAUMANN_CAL_T40_SOC0;NAUMANN_CAL_T40_SOC100;NAUMANN_CAL_T40_SOC12.5;NAUMANN_CAL_T40_SOC25;NAUMANN_CAL_T40_SOC75,NAUMANN_CAL_T40_SOC37.5;NAUMANN_CAL_T40_SOC50;NAUMANN_CAL_T40_SOC62.5;NAUMANN_CAL_T40_SOC87.5,6,4,4,2,4,0
5,partition_005_3966cb0fda6e,NAUMANN_CAL_T25_SOC50;NAUMANN_CAL_T40_SOC0;NAUMANN_CAL_T40_SOC100;NAUMANN_CAL_T40_SOC12.5;NAUMANN_CAL_T40_SOC25;NAUMANN_CAL_T40_SOC87.5,NAUMANN_CAL_T40_SOC37.5;NAUMANN_CAL_T40_SOC50;NAUMANN_CAL_T40_SOC62.5;NAUMANN_CAL_T40_SOC75,6,4,4,2,4,0
6,partition_006_55c15434efa9,NAUMANN_CAL_T25_SOC50;NAUMANN_CAL_T40_SOC0;NAUMANN_CAL_T40_SOC100;NAUMANN_CAL_T40_SOC12.5;NAUMANN_CAL_T40_SOC37.5;NAUMANN_CAL_T40_SOC50,NAUMANN_CAL_T40_SOC25;NAUMANN_CAL_T40_SOC62.5;NAUMANN_CAL_T40_SOC75;NAUMANN_CAL_T40_SOC87.5,6,4,4,2,4,0
7,partition_007_f04d3ecb869f,NAUMANN_CAL_T25_SOC50;NAUMANN_CAL_T40_SOC0;NAUMANN_CAL_T40_SOC100;NAUMANN_CAL_T40_SOC12.5;NAUMANN_CAL_T40_SOC37.5;NAUMANN_CAL_T40_SOC62.5,NAUMANN_CAL_T40_SOC25;NAUMANN_CAL_T40_SOC50;NAUMANN_CAL_T40_SOC75;NAUMANN_CAL_T40_SOC87.5,6,4,4,2,4,0
8,partition_008_febb0a7e3c3d,NAUMANN_CAL_T25_SOC50;NAUMANN_CAL_T40_SOC0;NAUMANN_CAL_T40_SOC100;NAUMANN_CAL_T40_SOC12.5;NAUMANN_CAL_T40_SOC37.5;NAUMANN_CAL_T40_SOC75,NAUMANN_CAL_T40_SOC25;NAUMANN_CAL_T40_SOC50;NAUMANN_CAL_T40_SOC62.5;NAUMANN_CAL_T40_SOC87.5,6,4,4,2,4,0
9,partition_009_c4976fe59509,NAUMANN_CAL_T25_SOC50;NAUMANN_CAL_T40_SOC0;NAUMANN_CAL_T40_SOC100;NAUMANN_CAL_T40_SOC12.5;NAUMANN_CAL_T40_SOC37.5;NAUMANN_CAL_T40_SOC87.5,NAUMANN_CAL_T40_SOC25;NAUMANN_CAL_T40_SOC50;NAUMANN_CAL_T40_SOC62.5;NAUMANN_CAL_T40_SOC75,6,4,4,2,4,0
10,partition_010_71057edaa9b6,NAUMANN_CAL_T25_SOC50;NAUMANN_CAL_T40_SOC0;NAUMANN_CAL_T40_SOC100;NAUMANN_CAL_T40_SOC12.5;NAUMANN_CAL_T40_SOC50;NAUMANN_CAL_T40_SOC62.5,NAUMANN_CAL_T40_SOC25;NAUMANN_CAL_T40_SOC37.5;NAUMANN_CAL_T40_SOC75;NAUMANN_CAL_T40_SOC87.5,6,4,4,2,4,0
11,partition_011_831ca4de2990,NAUMANN_CAL_T25_SOC50;NAUMANN_CAL_T40_SOC0;NAUMANN_CAL_T40_SOC100;NAUMANN_CAL_T40_SOC12.5;NAUMANN_CAL_T40_SOC50;NAUMANN_CAL_T40_SOC75,NAUMANN_CAL_T40_SOC25;NAUMANN_CAL_T40_SOC37.5;NAUMANN_CAL_T40_SOC62.5;NAUMANN_CAL_T40_SOC87.5,6,4,4,2,4,0
12,partition_012_586807991cc0,NAUMANN_CAL_T25_SOC50;NAUMANN_CAL_T40_SOC0;NAUMANN_CAL_T40_SOC100;NAUMANN_CAL_T40_SOC12.5;NAUMANN_CAL_T40_SOC50;NAUMANN_CAL_T40_SOC87.5,NAUMANN_CAL_T40_SOC25;NAUMANN_CAL_T40_SOC37.5;NAUMANN_CAL_T40_SOC62.5;NAUMANN_CAL_T40_SOC75,6,4,4,2,4,0
13,partition_013_4639dbdb6095,NAUMANN_CAL_T25_SOC50;NAUMANN_CAL_T40_SOC0;NAUMANN_CAL_T40_SOC100;NAUMANN_CAL_T40_SOC12.5;NAUMANN_CAL_T40_SOC62.5;NAUMANN_CAL_T40_SOC75,NAUMANN_CAL_T40_SOC25;NAUMANN_CAL_T40_SOC37.5;NAUMANN_CAL_T40_SOC50;NAUMANN_CAL_T40_SOC87.5,6,4,4,2,4,0
14,partition_014_7cce35e462d7,NAUMANN_CAL_T25_SOC50;NAUMANN_CAL_T40_SOC0;NAUMANN_CAL_T40_SOC100;NAUMANN_CAL_T40_SOC12.5;NAUMANN_CAL_T40_SOC62.5;NAUMANN_CAL_T40_SOC87.5,NAUMANN_CAL_T40_SOC25;NAUMANN_CAL_T40_SOC37.5;NAUMANN_CAL_T40_SOC50;NAUMANN_CAL_T40_SOC75,6,4,4,2,4,0
15,partition_015_d2c74163868e,NAUMANN_CAL_T25_SOC50;NAUMANN_CAL_T40_SOC0;NAUMANN_CAL_T40_SOC100;NAUMANN_CAL_T40_SOC12.5;NAUMANN_CAL_T40_SOC75;NAUMANN_CAL_T40_SOC87.5,NAUMANN_CAL_T40_SOC25;NAUMANN_CAL_T40_SOC37.5;NAUMANN_CAL_T40_SOC50;NAUMANN_CAL_T40_SOC62.5,6,4,4,2,4,0
16,partition_016_7bffe2483c11,NAUMANN_CAL_T25_SOC50;NAUMANN_CAL_T40_SOC0;NAUMANN_CAL_T40_SOC100;NAUMANN_CAL_T40_SOC25;NAUMANN_CAL_T40_SOC37.5;NAUMANN_CAL_T40_SOC50,NAUMANN_CAL_T40_SOC12.5;NAUMANN_CAL_T40_SOC62.5;NAUMANN_CAL_T40_SOC75;NAUMANN_CAL_T40_SOC87.5,6,4,5,1,3,1
17,partition_017_a119cfedda52,NAUMANN_CAL_T25_SOC50;NAUMANN_CAL_T40_SOC0;NAUMANN_CAL_T40_SOC100;NAUMANN_CAL_T40_SOC25;NAUMANN_CAL_T40_SOC37.5;NAUMANN_CAL_T40_SOC62.5,NAUMANN_CAL_T40_SOC12.5;NAUMANN_CAL_T40_SOC50;NAUMANN_CAL_T40_SOC75;NAUMANN_CAL_T40_SOC87.5,6,4,5,1,3,1
18,partition_018_4564a231687a,NAUMANN_CAL_T25_SOC50;NAUMANN_CAL_T40_SOC0;NAUMANN_CAL_T40_SOC100;NAUMANN_CAL_T40_SOC25;NAUMANN_CAL_T40_SOC37.5;NAUMANN_CAL_T40_SOC75,NAUMANN_CAL_T40_SOC12.5;NAUMANN_CAL_T40_SOC50;NAUMANN_CAL_T40_SOC62.5;NAUMANN_CAL_T40_SOC87.5,6,4,5,1,3,1
19,partition_019_4ea030d21839,NAUMANN_CAL_T25_SOC50;NAUMANN_CAL_T40_SOC0;NAUMANN_CAL_T40_SOC100;NAUMANN_CAL_T40_SOC25;NAUMANN_CAL_T40_SOC37.5;NAUMANN_CAL_T40_SOC87.5,NAUMANN_CAL_T40_SOC12.5;NAUMANN_CAL_T40_SOC50;NAUMANN_CAL_T40_SOC62.5;NAUMANN_CAL_T40_SOC75,6,4,5,1,3,1
20,partition_020_93c63bd6fce0,NAUMANN_CAL_T25_SOC50;NAUMANN_CAL_T40_SOC0;NAUMANN_CAL_T40_SOC100;NAUMANN_CAL_T40_SOC25;NAUMANN_CAL_T40_SOC50;NAUMANN_CAL_T40_SOC62.5,NAUMANN_CAL_T40_SOC12.5;NAUMANN_CAL_T40_SOC37.5;NAUMANN_CAL_T40_SOC75;NAUMANN_CAL_T40_SOC87.5,6,4,5,1,3,1
21,partition_021_601eb1a9196d,NAUMANN_CAL_T25_SOC50;NAUMANN_CAL_T40_SOC0;NAUMANN_CAL_T40_SOC100;NAUMANN_CAL_T40_SOC25;NAUMANN_CAL_T40_SOC50;NAUMANN_CAL_T40_SOC75,NAUMANN_CAL_T40_SOC12.5;NAUMANN_CAL_T40_SOC37.5;NAUMANN_CAL_T40_SOC62.5;NAUMANN_CAL_T40_SOC87.5,6,4,5,1,3,1
22,partition_022_1096b6c99604,NAUMANN_CAL_T25_SOC50;NAUMANN_CAL_T40_SOC0;NAUMANN_CAL_T40_SOC100;NAUMANN_CAL_T40_SOC25;NAUMANN_CAL_T40_SOC50;NAUMANN_CAL_T40_SOC87.5,NAUMANN_CAL_T40_SOC12.5;NAUMANN_CAL_T40_SOC37.5;NAUMANN_CAL_T40_SOC62.5;NAUMANN_CAL_T40_SOC75,6,4,5,1,3,1
23,partition_023_de5d53be9599,NAUMANN_CAL_T25_SOC50;NAUMANN_CAL_T40_SOC0;NAUMANN_CAL_T40_SOC100;NAUMANN_CAL_T40_SOC25;NAUMANN_CAL_T40_SOC62.5;NAUMANN_CAL_T40_SOC75,NAUMANN_CAL_T40_SOC12.5;NAUMANN_CAL_T40_SOC37.5;NAUMANN_CAL_T40_SOC50;NAUMANN_CAL_T40_SOC87.5,6,4,5,1,3,1
24,partition_024_ad76837de245,NAUMANN_CAL_T25_SOC50;NAUMANN_CAL_T40_SOC0;NAUMANN_CAL_T40_SOC100;NAUMANN_CAL_T40_SOC25;NAUMANN_CAL_T40_SOC62.5;NAUMANN_CAL_T40_SOC87.5,NAUMANN_CAL_T40_SOC12.5;NAUMANN_CAL_T40_SOC37.5;NAUMANN_CAL_T40_SOC50;NAUMANN_CAL_T40_SOC75,6,4,5,1,3,1
25,partition_025_9742a216df44,NAUMANN_CAL_T25_SOC50;NAUMANN_CAL_T40_SOC0;NAUMANN_CAL_T40_SOC100;NAUMANN_CAL_T40_SOC25;NAUMANN_CAL_T40_SOC75;NAUMANN_CAL_T40_SOC87.5,NAUMANN_CAL_T40_SOC12.5;NAUMANN_CAL_T40_SOC37.5;NAUMANN_CAL_T40_SOC50;NAUMANN_CAL_T40_SOC62.5,6,4,5,1,3,1
26,partition_026_340bb40f9e5a,NAUMANN_CAL_T25_SOC50;NAUMANN_CAL_T40_SOC0;NAUMANN_CAL_T40_SOC100;NAUMANN_CAL_T40_SOC37.5;NAUMANN_CAL_T40_SOC50;NAUMANN_CAL_T40_SOC62.5,NAUMANN_CAL_T40_SOC12.5;NAUMANN_CAL_T40_SOC25;NAUMANN_CAL_T40_SOC75;NAUMANN_CAL_T40_SOC87.5,6,4,5,1,3,1
27,partition_027_0197406d8352,NAUMANN_CAL_T25_SOC50;NAUMANN_CAL_T40_SOC0;NAUMANN_CAL_T40_SOC100;NAUMANN_CAL_T40_SOC37.5;NAUMANN_CAL_T40_SOC50;NAUMANN_CAL_T40_SOC75,NAUMANN_CAL_T40_SOC12.5;NAUMANN_CAL_T40_SOC25;NAUMANN_CAL_T40_SOC62.5;NAUMANN_CAL_T40_SOC87.5,6,4,5,1,3,1
28,partition_028_76f211007bce,NAUMANN_CAL_T25_SOC50;NAUMANN_CAL_T40_SOC0;NAUMANN_CAL_T40_SOC100;NAUMANN_CAL_T40_SOC37.5;NAUMANN_CAL_T40_SOC50;NAUMANN_CAL_T40_SOC87.5,NAUMANN_CAL_T40_SOC12.5;NAUMANN_CAL_T40_SOC25;NAUMANN_CAL_T40_SOC62.5;NAUMANN_CAL_T40_SOC75,6,4,5,1,3,1
29,partition_029_282f9a8daf86,NAUMANN_CAL_T25_SOC50;NAUMANN_CAL_T40_SOC0;NAUMANN_CAL_T40_SOC100;NAUMANN_CAL_T40_SOC37.5;NAUMANN_CAL_T40_SOC62.5;NAUMANN_CAL_T40_SOC75,NAUMANN_CAL_T40_SOC12.5;NAUMANN_CAL_T40_SOC25;NAUMANN_CAL_T40_SOC50;NAUMANN_CAL_T40_SOC87.5,6,4,5,1,3,1
30,partition_030_683d2d5e300f,NAUMANN_CAL_T25_SOC50;NAUMANN_CAL_T40_SOC0;NAUMANN_CAL_T40_SOC100;NAUMANN_CAL_T40_SOC37.5;NAUMANN_CAL_T40_SOC62.5;NAUMANN_CAL_T40_SOC87.5,NAUMANN_CAL_T40_SOC12.5;NAUMANN_CAL_T40_SOC25;NAUMANN_CAL_T40_SOC50;NAUMANN_CAL_T40_SOC75,6,4,5,1,3,1
31,partition_031_6adef642bd96,NAUMANN_CAL_T25_SOC50;NAUMANN_CAL_T40_SOC0;NAUMANN_CAL_T40_SOC100;NAUMANN_CAL_T40_SOC37.5;NAUMANN_CAL_T40_SOC75;NAUMANN_CAL_T40_SOC87.5,NAUMANN_CAL_T40_SOC12.5;NAUMANN_CAL_T40_SOC25;NAUMANN_CAL_T40_SOC50;NAUMANN_CAL_T40_SOC62.5,6,4,5,1,3,1
32,partition_032_49c3c792ab97,NAUMANN_CAL_T25_SOC50;NAUMANN_CAL_T40_SOC0;NAUMANN_CAL_T40_SOC100;NAUMANN_CAL_T40_SOC50;NAUMANN_CAL_T40_SOC62.5;NAUMANN_CAL_T40_SOC75,NAUMANN_CAL_T40_SOC12.5;NAUMANN_CAL_T40_SOC25;NAUMANN_CAL_T40_SOC37.5;NAUMANN_CAL_T40_SOC87.5,6,4,5,1,3,1
33,partition_033_ff229abd5b49,NAUMANN_CAL_T25_SOC50;NAUMANN_CAL_T40_SOC0;NAUMANN_CAL_T40_SOC100;NAUMANN_CAL_T40_SOC50;NAUMANN_CAL_T40_SOC62.5;NAUMANN_CAL_T40_SOC87.5,NAUMANN_CAL_T40_SOC12.5;NAUMANN_CAL_T40_SOC25;NAUMANN_CAL_T40_SOC37.5;NAUMANN_CAL_T40_SOC75,6,4,5,1,3,1
34,partition_034_a05b6ec4ee0a,NAUMANN_CAL_T25_SOC50;NAUMANN_CAL_T40_SOC0;NAUMANN_CAL_T40_SOC100;NAUMANN_CAL_T40_SOC50;NAUMANN_CAL_T40_SOC75;NAUMANN_CAL_T40_SOC87.5,NAUMANN_CAL_T40_SOC12.5;NAUMANN_CAL_T40_SOC25;NAUMANN_CAL_T40_SOC37.5;NAUMANN_CAL_T40_SOC62.5,6,4,5,1,3,1
35,partition_035_8b7b77504e6e,NAUMANN_CAL_T25_SOC50;NAUMANN_CAL_T40_SOC0;NAUMANN_CAL_T40_SOC100;NAUMANN_CAL_T40_SOC62.5;NAUMANN_CAL_T40_SOC75;NAUMANN_CAL_T40_SOC87.5,NAUMANN_CAL_T40_SOC12.5;NAUMANN_CAL_T40_SOC25;NAUMANN_CAL_T40_SOC37.5;NAUMANN_CAL_T40_SOC50,6,4,5,1,3,1
36,partition_036_673b6d7157ff,NAUMANN_CAL_T25_SOC50;NAUMANN_CAL_T40_SOC0;NAUMANN_CAL_T40_SOC12.5;NAUMANN_CAL_T40_SOC25;NAUMANN_CAL_T40_SOC37.5;NAUMANN_CAL_T40_SOC50,NAUMANN_CAL_T40_SOC100;NAUMANN_CAL_T40_SOC62.5;NAUMANN_CAL_T40_SOC75;NAUMANN_CAL_T40_SOC87.5,6,4,4,2,4,0
37,partition_037_b2980dcbb4d3,NAUMANN_CAL_T25_SOC50;NAUMANN_CAL_T40_SOC0;NAUMANN_CAL_T40_SOC12.5;NAUMANN_CAL_T40_SOC25;NAUMANN_CAL_T40_SOC37.5;NAUMANN_CAL_T40_SOC62.5,NAUMANN_CAL_T40_SOC100;NAUMANN_CAL_T40_SOC50;NAUMANN_CAL_T40_SOC75;NAUMANN_CAL_T40_SOC87.5,6,4,4,2,4,0
38,partition_038_8a64fd2f4fc3,NAUMANN_CAL_T25_SOC50;NAUMANN_CAL_T40_SOC0;NAUMANN_CAL_T40_SOC12.5;NAUMANN_CAL_T40_SOC25;NAUMANN_CAL_T40_SOC37.5;NAUMANN_CAL_T40_SOC75,NAUMANN_CAL_T40_SOC100;NAUMANN_CAL_T40_SOC50;NAUMANN_CAL_T40_SOC62.5;NAUMANN_CAL_T40_SOC87.5,6,4,4,2,4,0
39,partition_039_b1238464096b,NAUMANN_CAL_T25_SOC50;NAUMANN_CAL_T40_SOC0;NAUMANN_CAL_T40_SOC12.5;NAUMANN_CAL_T40_SOC25;NAUMANN_CAL_T40_SOC37.5;NAUMANN_CAL_T40_SOC87.5,NAUMANN_CAL_T40_SOC100;NAUMANN_CAL_T40_SOC50;NAUMANN_CAL_T40_SOC62.5;NAUMANN_CAL_T40_SOC75,6,4,4,2,4,0
40,partition_040_cf546a05b0d7,NAUMANN_CAL_T25_SOC50;NAUMANN_CAL_T40_SOC0;NAUMANN_CAL_T40_SOC12.5;NAUMANN_CAL_T40_SOC25;NAUMANN_CAL_T40_SOC50;NAUMANN_CAL_T40_SOC62.5,NAUMANN_CAL_T40_SOC100;NAUMANN_CAL_T40_SOC37.5;NAUMANN_CAL_T40_SOC75;NAUMANN_CAL_T40_SOC87.5,6,4,4,2,4,0
41,partition_041_d2e529cd4033,NAUMANN_CAL_T25_SOC50;NAUMANN_CAL_T40_SOC0;NAUMANN_CAL_T40_SOC12.5;NAUMANN_CAL_T40_SOC25;NAUMANN_CAL_T40_SOC50;NAUMANN_CAL_T40_SOC75,NAUMANN_CAL_T40_SOC100;NAUMANN_CAL_T40_SOC37.5;NAUMANN_CAL_T40_SOC62.5;NAUMANN_CAL_T40_SOC87.5,6,4,4,2,4,0
42,partition_042_7374cc557298,NAUMANN_CAL_T25_SOC50;NAUMANN_CAL_T40_SOC0;NAUMANN_CAL_T40_SOC12.5;NAUMANN_CAL_T40_SOC25;NAUMANN_CAL_T40_SOC50;NAUMANN_CAL_T40_SOC87.5,NAUMANN_CAL_T40_SOC100;NAUMANN_CAL_T40_SOC37.5;NAUMANN_CAL_T40_SOC62.5;NAUMANN_CAL_T40_SOC75,6,4,4,2,4,0
43,partition_043_1fbfa576f7cb,NAUMANN_CAL_T25_SOC50;NAUMANN_CAL_T40_SOC0;NAUMANN_CAL_T40_SOC12.5;NAUMANN_CAL_T40_SOC25;NAUMANN_CAL_T40_SOC62.5;NAUMANN_CAL_T40_SOC75,NAUMANN_CAL_T40_SOC100;NAUMANN_CAL_T40_SOC37.5;NAUMANN_CAL_T40_SOC50;NAUMANN_CAL_T40_SOC87.5,6,4,4,2,4,0
44,partition_044_1e98e122b9bb,NAUMANN_CAL_T25_SOC50;NAUMANN_CAL_T40_SOC0;NAUMANN_CAL_T40_SOC12.5;NAUMANN_CAL_T40_SOC25;NAUMANN_CAL_T40_SOC62.5;NAUMANN_CAL_T40_SOC87.5,NAUMANN_CAL_T40_SOC100;NAUMANN_CAL_T40_SOC37.5;NAUMANN_CAL_T40_SOC50;NAUMANN_CAL_T40_SOC75,6,4,4,2,4,0
45,partition_045_ca2ec77fe9c7,NAUMANN_CAL_T25_SOC50;NAUMANN_CAL_T40_SOC0;NAUMANN_CAL_T40_SOC12.5;NAUMANN_CAL_T40_SOC25;NAUMANN_CAL_T40_SOC75;NAUMANN_CAL_T40_SOC87.5,NAUMANN_CAL_T40_SOC100;NAUMANN_CAL_T40_SOC37.5;NAUMANN_CAL_T40_SOC50;NAUMANN_CAL_T40_SOC62.5,6,4,4,2,4,0
46,partition_046_8eb946a3c0fe,NAUMANN_CAL_T25_SOC50;NAUMANN_CAL_T40_SOC0;NAUMANN_CAL_T40_SOC12.5;NAUMANN_CAL_T40_SOC37.5;NAUMANN_CAL_T40_SOC50;NAUMANN_CAL_T40_SOC62.5,NAUMANN_CAL_T40_SOC100;NAUMANN_CAL_T40_SOC25;NAUMANN_CAL_T40_SOC75;NAUMANN_CAL_T40_SOC87.5,6,4,4,2,4,0
47,partition_047_46453a61cf59,NAUMANN_CAL_T25_SOC50;NAUMANN_CAL_T40_SOC0;NAUMANN_CAL_T40_SOC12.5;NAUMANN_CAL_T40_SOC37.5;NAUMANN_CAL_T40_SOC50;NAUMANN_CAL_T40_SOC75,NAUMANN_CAL_T40_SOC100;NAUMANN_CAL_T40_SOC25;NAUMANN_CAL_T40_SOC62.5;NAUMANN_CAL_T40_SOC87.5,6,4,4,2,4,0
48,partition_048_0bce1800e813,NAUMANN_CAL_T25_SOC50;NAUMANN_CAL_T40_SOC0;NAUMANN_CAL_T40_SOC12.5;NAUMANN_CAL_T40_SOC37.5;NAUMANN_CAL_T40_SOC50;NAUMANN_CAL_T40_SOC87.5,NAUMANN_CAL_T40_SOC100;NAUMANN_CAL_T40_SOC25;NAUMANN_CAL_T40_SOC62.5;NAUMANN_CAL_T40_SOC75,6,4,4,2,4,0
49,partition_049_c5f97d40abc1,NAUMANN_CAL_T25_SOC50;NAUMANN_CAL_T40_SOC0;NAUMANN_CAL_T40_SOC12.5;NAUMANN_CAL_T40_SOC37.5;NAUMANN_CAL_T40_SOC62.5;NAUMANN_CAL_T40_SOC75,NAUMANN_CAL_T40_SOC100;NAUMANN_CAL_T40_SOC25;NAUMANN_CAL_T40_SOC50;NAUMANN_CAL_T40_SOC87.5,6,4,4,2,4,0
50,partition_050_4c0a3220e149,NAUMANN_CAL_T25_SOC50;NAUMANN_CAL_T40_SOC0;NAUMANN_CAL_T40_SOC12.5;NAUMANN_CAL_T40_SOC37.5;NAUMANN_CAL_T40_SOC62.5;NAUMANN_CAL_T40_SOC87.5,NAUMANN_CAL_T40_SOC100;NAUMANN_CAL_T40_SOC25;NAUMANN_CAL_T40_SOC50;NAUMANN_CAL_T40_SOC75,6,4,4,2,4,0
51,partition_051_6abc6696e2b0,NAUMANN_CAL_T25_SOC50;NAUMANN_CAL_T40_SOC0;NAUMANN_CAL_T40_SOC12.5;NAUMANN_CAL_T40_SOC37.5;NAUMANN_CAL_T40_SOC75;NAUMANN_CAL_T40_SOC87.5,NAUMANN_CAL_T40_SOC100;NAUMANN_CAL_T40_SOC25;NAUMANN_CAL_T40_SOC50;NAUMANN_CAL_T40_SOC62.5,6,4,4,2,4,0
52,partition_052_6ccafbfa12cc,NAUMANN_CAL_T25_SOC50;NAUMANN_CAL_T40_SOC0;NAUMANN_CAL_T40_SOC12.5;NAUMANN_CAL_T40_SOC50;NAUMANN_CAL_T40_SOC62.5;NAUMANN_CAL_T40_SOC75,NAUMANN_CAL_T40_SOC100;NAUMANN_CAL_T40_SOC25;NAUMANN_CAL_T40_SOC37.5;NAUMANN_CAL_T40_SOC87.5,6,4,4,2,4,0
53,partition_053_a1a77356935f,NAUMANN_CAL_T25_SOC50;NAUMANN_CAL_T40_SOC0;NAUMANN_CAL_T40_SOC12.5;NAUMANN_CAL_T40_SOC50;NAUMANN_CAL_T40_SOC62.5;NAUMANN_CAL_T40_SOC87.5,NAUMANN_CAL_T40_SOC100;NAUMANN_CAL_T40_SOC25;NAUMANN_CAL_T40_SOC37.5;NAUMANN_CAL_T40_SOC75,6,4,4,2,4,0
54,partition_054_e199a29f20e0,NAUMANN_CAL_T25_SOC50;NAUMANN_CAL_T40_SOC0;NAUMANN_CAL_T40_SOC12.5;NAUMANN_CAL_T40_SOC50;NAUMANN_CAL_T40_SOC75;NAUMANN_CAL_T40_SOC87.5,NAUMANN_CAL_T40_SOC100;NAUMANN_CAL_T40_SOC25;NAUMANN_CAL_T40_SOC37.5;NAUMANN_CAL_T40_SOC62.5,6,4,4,2,4,0
55,partition_055_c1da6c5d1236,NAUMANN_CAL_T25_SOC50;NAUMANN_CAL_T40_SOC0;NAUMANN_CAL_T40_SOC12.5;NAUMANN_CAL_T40_SOC62.5;NAUMANN_CAL_T40_SOC75;NAUMANN_CAL_T40_SOC87.5,NAUMANN_CAL_T40_SOC100;NAUMANN_CAL_T40_SOC25;NAUMANN_CAL_T40_SOC37.5;NAUMANN_CAL_T40_SOC50,6,4,4,2,4,0
56,partition_056_11d7195b8fef,NAUMANN_CAL_T25_SOC50;NAUMANN_CAL_T40_SOC0;NAUMANN_CAL_T40_SOC25;NAUMANN_CAL_T40_SOC37.5;NAUMANN_CAL_T40_SOC50;NAUMANN_CAL_T40_SOC62.5,NAUMANN_CAL_T40_SOC100;NAUMANN_CAL_T40_SOC12.5;NAUMANN_CAL_T40_SOC75;NAUMANN_CAL_T40_SOC87.5,6,4,5,1,3,1
57,partition_057_2ffb9ef0ed7e,NAUMANN_CAL_T25_SOC50;NAUMANN_CAL_T40_SOC0;NAUMANN_CAL_T40_SOC25;NAUMANN_CAL_T40_SOC37.5;NAUMANN_CAL_T40_SOC50;NAUMANN_CAL_T40_SOC75,NAUMANN_CAL_T40_SOC100;NAUMANN_CAL_T40_SOC12.5;NAUMANN_CAL_T40_SOC62.5;NAUMANN_CAL_T40_SOC87.5,6,4,5,1,3,1
58,partition_058_6bf6559e9066,NAUMANN_CAL_T25_SOC50;NAUMANN_CAL_T40_SOC0;NAUMANN_CAL_T40_SOC25;NAUMANN_CAL_T40_SOC37.5;NAUMANN_CAL_T40_SOC50;NAUMANN_CAL_T40_SOC87.5,NAUMANN_CAL_T40_SOC100;NAUMANN_CAL_T40_SOC12.5;NAUMANN_CAL_T40_SOC62.5;NAUMANN_CAL_T40_SOC75,6,4,5,1,3,1
59,partition_059_eab731050b9a,NAUMANN_CAL_T25_SOC50;NAUMANN_CAL_T40_SOC0;NAUMANN_CAL_T40_SOC25;NAUMANN_CAL_T40_SOC37.5;NAUMANN_CAL_T40_SOC62.5;NAUMANN_CAL_T40_SOC75,NAUMANN_CAL_T40_SOC100;NAUMANN_CAL_T40_SOC12.5;NAUMANN_CAL_T40_SOC50;NAUMANN_CAL_T40_SOC87.5,6,4,5,1,3,1
60,partition_060_8d28d780d33e,NAUMANN_CAL_T25_SOC50;NAUMANN_CAL_T40_SOC0;NAUMANN_CAL_T40_SOC25;NAUMANN_CAL_T40_SOC37.5;NAUMANN_CAL_T40_SOC62.5;NAUMANN_CAL_T40_SOC87.5,NAUMANN_CAL_T40_SOC100;NAUMANN_CAL_T40_SOC12.5;NAUMANN_CAL_T40_SOC50;NAUMANN_CAL_T40_SOC75,6,4,5,1,3,1
61,partition_061_ef11aec38242,NAUMANN_CAL_T25_SOC50;NAUMANN_CAL_T40_SOC0;NAUMANN_CAL_T40_SOC25;NAUMANN_CAL_T40_SOC37.5;NAUMANN_CAL_T40_SOC75;NAUMANN_CAL_T40_SOC87.5,NAUMANN_CAL_T40_SOC100;NAUMANN_CAL_T40_SOC12.5;NAUMANN_CAL_T40_SOC50;NAUMANN_CAL_T40_SOC62.5,6,4,5,1,3,1
62,partition_062_4b5fb8766abc,NAUMANN_CAL_T25_SOC50;NAUMANN_CAL_T40_SOC0;NAUMANN_CAL_T40_SOC25;NAUMANN_CAL_T40_SOC50;NAUMANN_CAL_T40_SOC62.5;NAUMANN_CAL_T40_SOC75,NAUMANN_CAL_T40_SOC100;NAUMANN_CAL_T40_SOC12.5;NAUMANN_CAL_T40_SOC37.5;NAUMANN_CAL_T40_SOC87.5,6,4,5,1,3,1
63,partition_063_22073250a8a4,NAUMANN_CAL_T25_SOC50;NAUMANN_CAL_T40_SOC0;NAUMANN_CAL_T40_SOC25;NAUMANN_CAL_T40_SOC50;NAUMANN_CAL_T40_SOC62.5;NAUMANN_CAL_T40_SOC87.5,NAUMANN_CAL_T40_SOC100;NAUMANN_CAL_T40_SOC12.5;NAUMANN_CAL_T40_SOC37.5;NAUMANN_CAL_T40_SOC75,6,4,5,1,3,1
64,partition_064_99001de45129,NAUMANN_CAL_T25_SOC50;NAUMANN_CAL_T40_SOC0;NAUMANN_CAL_T40_SOC25;NAUMANN_CAL_T40_SOC50;NAUMANN_CAL_T40_SOC75;NAUMANN_CAL_T40_SOC87.5,NAUMANN_CAL_T40_SOC100;NAUMANN_CAL_T40_SOC12.5;NAUMANN_CAL_T40_SOC37.5;NAUMANN_CAL_T40_SOC62.5,6,4,5,1,3,1
65,partition_065_cc80f5049cb6,NAUMANN_CAL_T25_SOC50;NAUMANN_CAL_T40_SOC0;NAUMANN_CAL_T40_SOC25;NAUMANN_CAL_T40_SOC62.5;NAUMANN_CAL_T40_SOC75;NAUMANN_CAL_T40_SOC87.5,NAUMANN_CAL_T40_SOC100;NAUMANN_CAL_T40_SOC12.5;NAUMANN_CAL_T40_SOC37.5;NAUMANN_CAL_T40_SOC50,6,4,5,1,3,1
66,partition_066_159fc0039682,NAUMANN_CAL_T25_SOC50;NAUMANN_CAL_T40_SOC0;NAUMANN_CAL_T40_SOC37.5;NAUMANN_CAL_T40_SOC50;NAUMANN_CAL_T40_SOC62.5;NAUMANN_CAL_T40_SOC75,NAUMANN_CAL_T40_SOC100;NAUMANN_CAL_T40_SOC12.5;NAUMANN_CAL_T40_SOC25;NAUMANN_CAL_T40_SOC87.5,6,4,5,1,3,1
67,partition_067_3789d354dacc,NAUMANN_CAL_T25_SOC50;NAUMANN_CAL_T40_SOC0;NAUMANN_CAL_T40_SOC37.5;NAUMANN_CAL_T40_SOC50;NAUMANN_CAL_T40_SOC62.5;NAUMANN_CAL_T40_SOC87.5,NAUMANN_CAL_T40_SOC100;NAUMANN_CAL_T40_SOC12.5;NAUMANN_CAL_T40_SOC25;NAUMANN_CAL_T40_SOC75,6,4,5,1,3,1
68,partition_068_f6b151084bb4,NAUMANN_CAL_T25_SOC50;NAUMANN_CAL_T40_SOC0;NAUMANN_CAL_T40_SOC37.5;NAUMANN_CAL_T40_SOC50;NAUMANN_CAL_T40_SOC75;NAUMANN_CAL_T40_SOC87.5,NAUMANN_CAL_T40_SOC100;NAUMANN_CAL_T40_SOC12.5;NAUMANN_CAL_T40_SOC25;NAUMANN_CAL_T40_SOC62.5,6,4,5,1,3,1
69,partition_069_415ea177ceb5,NAUMANN_CAL_T25_SOC50;NAUMANN_CAL_T40_SOC0;NAUMANN_CAL_T40_SOC37.5;NAUMANN_CAL_T40_SOC62.5;NAUMANN_CAL_T40_SOC75;NAUMANN_CAL_T40_SOC87.5,NAUMANN_CAL_T40_SOC100;NAUMANN_CAL_T40_SOC12.5;NAUMANN_CAL_T40_SOC25;NAUMANN_CAL_T40_SOC50,6,4,5,1,3,1
70,partition_070_69ae8b304668,NAUMANN_CAL_T25_SOC50;NAUMANN_CAL_T40_SOC0;NAUMANN_CAL_T40_SOC50;NAUMANN_CAL_T40_SOC62.5;NAUMANN_CAL_T40_SOC75;NAUMANN_CAL_T40_SOC87.5,NAUMANN_CAL_T40_SOC100;NAUMANN_CAL_T40_SOC12.5;NAUMANN_CAL_T40_SOC25;NAUMANN_CAL_T40_SOC37.5,6,4,5,1,3,1
71,partition_071_2df49cc72259,NAUMANN_CAL_T25_SOC50;NAUMANN_CAL_T40_SOC100;NAUMANN_CAL_T40_SOC12.5;NAUMANN_CAL_T40_SOC25;NAUMANN_CAL_T40_SOC37.5;NAUMANN_CAL_T40_SOC50,NAUMANN_CAL_T40_SOC0;NAUMANN_CAL_T40_SOC62.5;NAUMANN_CAL_T40_SOC75;NAUMANN_CAL_T40_SOC87.5,6,4,5,1,3,1
72,partition_072_d85f8b04c725,NAUMANN_CAL_T25_SOC50;NAUMANN_CAL_T40_SOC100;NAUMANN_CAL_T40_SOC12.5;NAUMANN_CAL_T40_SOC25;NAUMANN_CAL_T40_SOC37.5;NAUMANN_CAL_T40_SOC62.5,NAUMANN_CAL_T40_SOC0;NAUMANN_CAL_T40_SOC50;NAUMANN_CAL_T40_SOC75;NAUMANN_CAL_T40_SOC87.5,6,4,5,1,3,1
73,partition_073_e72c4ca4dd72,NAUMANN_CAL_T25_SOC50;NAUMANN_CAL_T40_SOC100;NAUMANN_CAL_T40_SOC12.5;NAUMANN_CAL_T40_SOC25;NAUMANN_CAL_T40_SOC37.5;NAUMANN_CAL_T40_SOC75,NAUMANN_CAL_T40_SOC0;NAUMANN_CAL_T40_SOC50;NAUMANN_CAL_T40_SOC62.5;NAUMANN_CAL_T40_SOC87.5,6,4,5,1,3,1
74,partition_074_7708a3401840,NAUMANN_CAL_T25_SOC50;NAUMANN_CAL_T40_SOC100;NAUMANN_CAL_T40_SOC12.5;NAUMANN_CAL_T40_SOC25;NAUMANN_CAL_T40_SOC37.5;NAUMANN_CAL_T40_SOC87.5,NAUMANN_CAL_T40_SOC0;NAUMANN_CAL_T40_SOC50;NAUMANN_CAL_T40_SOC62.5;NAUMANN_CAL_T40_SOC75,6,4,5,1,3,1
75,partition_075_dacb588da8d4,NAUMANN_CAL_T25_SOC50;NAUMANN_CAL_T40_SOC100;NAUMANN_CAL_T40_SOC12.5;NAUMANN_CAL_T40_SOC25;NAUMANN_CAL_T40_SOC50;NAUMANN_CAL_T40_SOC62.5,NAUMANN_CAL_T40_SOC0;NAUMANN_CAL_T40_SOC37.5;NAUMANN_CAL_T40_SOC75;NAUMANN_CAL_T40_SOC87.5,6,4,5,1,3,1
76,partition_076_1e219a65c6c1,NAUMANN_CAL_T25_SOC50;NAUMANN_CAL_T40_SOC100;NAUMANN_CAL_T40_SOC12.5;NAUMANN_CAL_T40_SOC25;NAUMANN_CAL_T40_SOC50;NAUMANN_CAL_T40_SOC75,NAUMANN_CAL_T40_SOC0;NAUMANN_CAL_T40_SOC37.5;NAUMANN_CAL_T40_SOC62.5;NAUMANN_CAL_T40_SOC87.5,6,4,5,1,3,1
77,partition_077_7922a4c0755c,NAUMANN_CAL_T25_SOC50;NAUMANN_CAL_T40_SOC100;NAUMANN_CAL_T40_SOC12.5;NAUMANN_CAL_T40_SOC25;NAUMANN_CAL_T40_SOC50;NAUMANN_CAL_T40_SOC87.5,NAUMANN_CAL_T40_SOC0;NAUMANN_CAL_T40_SOC37.5;NAUMANN_CAL_T40_SOC62.5;NAUMANN_CAL_T40_SOC75,6,4,5,1,3,1
78,partition_078_bafa0ef182e5,NAUMANN_CAL_T25_SOC50;NAUMANN_CAL_T40_SOC100;NAUMANN_CAL_T40_SOC12.5;NAUMANN_CAL_T40_SOC25;NAUMANN_CAL_T40_SOC62.5;NAUMANN_CAL_T40_SOC75,NAUMANN_CAL_T40_SOC0;NAUMANN_CAL_T40_SOC37.5;NAUMANN_CAL_T40_SOC50;NAUMANN_CAL_T40_SOC87.5,6,4,5,1,3,1
79,partition_079_46229a5c1140,NAUMANN_CAL_T25_SOC50;NAUMANN_CAL_T40_SOC100;NAUMANN_CAL_T40_SOC12.5;NAUMANN_CAL_T40_SOC25;NAUMANN_CAL_T40_SOC62.5;NAUMANN_CAL_T40_SOC87.5,NAUMANN_CAL_T40_SOC0;NAUMANN_CAL_T40_SOC37.5;NAUMANN_CAL_T40_SOC50;NAUMANN_CAL_T40_SOC75,6,4,5,1,3,1
80,partition_080_82d3684022f4,NAUMANN_CAL_T25_SOC50;NAUMANN_CAL_T40_SOC100;NAUMANN_CAL_T40_SOC12.5;NAUMANN_CAL_T40_SOC25;NAUMANN_CAL_T40_SOC75;NAUMANN_CAL_T40_SOC87.5,NAUMANN_CAL_T40_SOC0;NAUMANN_CAL_T40_SOC37.5;NAUMANN_CAL_T40_SOC50;NAUMANN_CAL_T40_SOC62.5,6,4,5,1,3,1
81,partition_081_1e039299581f,NAUMANN_CAL_T25_SOC50;NAUMANN_CAL_T40_SOC100;NAUMANN_CAL_T40_SOC12.5;NAUMANN_CAL_T40_SOC37.5;NAUMANN_CAL_T40_SOC50;NAUMANN_CAL_T40_SOC62.5,NAUMANN_CAL_T40_SOC0;NAUMANN_CAL_T40_SOC25;NAUMANN_CAL_T40_SOC75;NAUMANN_CAL_T40_SOC87.5,6,4,5,1,3,1
82,partition_082_2bf9d7435406,NAUMANN_CAL_T25_SOC50;NAUMANN_CAL_T40_SOC100;NAUMANN_CAL_T40_SOC12.5;NAUMANN_CAL_T40_SOC37.5;NAUMANN_CAL_T40_SOC50;NAUMANN_CAL_T40_SOC75,NAUMANN_CAL_T40_SOC0;NAUMANN_CAL_T40_SOC25;NAUMANN_CAL_T40_SOC62.5;NAUMANN_CAL_T40_SOC87.5,6,4,5,1,3,1
83,partition_083_73c89e0840ec,NAUMANN_CAL_T25_SOC50;NAUMANN_CAL_T40_SOC100;NAUMANN_CAL_T40_SOC12.5;NAUMANN_CAL_T40_SOC37.5;NAUMANN_CAL_T40_SOC50;NAUMANN_CAL_T40_SOC87.5,NAUMANN_CAL_T40_SOC0;NAUMANN_CAL_T40_SOC25;NAUMANN_CAL_T40_SOC62.5;NAUMANN_CAL_T40_SOC75,6,4,5,1,3,1
84,partition_084_60920b8a4119,NAUMANN_CAL_T25_SOC50;NAUMANN_CAL_T40_SOC100;NAUMANN_CAL_T40_SOC12.5;NAUMANN_CAL_T40_SOC37.5;NAUMANN_CAL_T40_SOC62.5;NAUMANN_CAL_T40_SOC75,NAUMANN_CAL_T40_SOC0;NAUMANN_CAL_T40_SOC25;NAUMANN_CAL_T40_SOC50;NAUMANN_CAL_T40_SOC87.5,6,4,5,1,3,1
85,partition_085_22f746481223,NAUMANN_CAL_T25_SOC50;NAUMANN_CAL_T40_SOC100;NAUMANN_CAL_T40_SOC12.5;NAUMANN_CAL_T40_SOC37.5;NAUMANN_CAL_T40_SOC62.5;NAUMANN_CAL_T40_SOC87.5,NAUMANN_CAL_T40_SOC0;NAUMANN_CAL_T40_SOC25;NAUMANN_CAL_T40_SOC50;NAUMANN_CAL_T40_SOC75,6,4,5,1,3,1
86,partition_086_ee7fc0e082b1,NAUMANN_CAL_T25_SOC50;NAUMANN_CAL_T40_SOC100;NAUMANN_CAL_T40_SOC12.5;NAUMANN_CAL_T40_SOC37.5;NAUMANN_CAL_T40_SOC75;NAUMANN_CAL_T40_SOC87.5,NAUMANN_CAL_T40_SOC0;NAUMANN_CAL_T40_SOC25;NAUMANN_CAL_T40_SOC50;NAUMANN_CAL_T40_SOC62.5,6,4,5,1,3,1
87,partition_087_c320e4ae0e58,NAUMANN_CAL_T25_SOC50;NAUMANN_CAL_T40_SOC100;NAUMANN_CAL_T40_SOC12.5;NAUMANN_CAL_T40_SOC50;NAUMANN_CAL_T40_SOC62.5;NAUMANN_CAL_T40_SOC75,NAUMANN_CAL_T40_SOC0;NAUMANN_CAL_T40_SOC25;NAUMANN_CAL_T40_SOC37.5;NAUMANN_CAL_T40_SOC87.5,6,4,5,1,3,1
88,partition_088_057c9bfa63d4,NAUMANN_CAL_T25_SOC50;NAUMANN_CAL_T40_SOC100;NAUMANN_CAL_T40_SOC12.5;NAUMANN_CAL_T40_SOC50;NAUMANN_CAL_T40_SOC62.5;NAUMANN_CAL_T40_SOC87.5,NAUMANN_CAL_T40_SOC0;NAUMANN_CAL_T40_SOC25;NAUMANN_CAL_T40_SOC37.5;NAUMANN_CAL_T40_SOC75,6,4,5,1,3,1
89,partition_089_3d0fed3e39e1,NAUMANN_CAL_T25_SOC50;NAUMANN_CAL_T40_SOC100;NAUMANN_CAL_T40_SOC12.5;NAUMANN_CAL_T40_SOC50;NAUMANN_CAL_T40_SOC75;NAUMANN_CAL_T40_SOC87.5,NAUMANN_CAL_T40_SOC0;NAUMANN_CAL_T40_SOC25;NAUMANN_CAL_T40_SOC37.5;NAUMANN_CAL_T40_SOC62.5,6,4,5,1,3,1
90,partition_090_c65a0ea21e56,NAUMANN_CAL_T25_SOC50;NAUMANN_CAL_T40_SOC100;NAUMANN_CAL_T40_SOC12.5;NAUMANN_CAL_T40_SOC62.5;NAUMANN_CAL_T40_SOC75;NAUMANN_CAL_T40_SOC87.5,NAUMANN_CAL_T40_SOC0;NAUMANN_CAL_T40_SOC25;NAUMANN_CAL_T40_SOC37.5;NAUMANN_CAL_T40_SOC50,6,4,5,1,3,1
91,partition_091_9d16cd712a7a,NAUMANN_CAL_T25_SOC50;NAUMANN_CAL_T40_SOC100;NAUMANN_CAL_T40_SOC25;NAUMANN_CAL_T40_SOC37.5;NAUMANN_CAL_T40_SOC50;NAUMANN_CAL_T40_SOC62.5,NAUMANN_CAL_T40_SOC0;NAUMANN_CAL_T40_SOC12.5;NAUMANN_CAL_T40_SOC75;NAUMANN_CAL_T40_SOC87.5,6,4,6,0,2,2
92,partition_092_cf5043ea6499,NAUMANN_CAL_T25_SOC50;NAUMANN_CAL_T40_SOC100;NAUMANN_CAL_T40_SOC25;NAUMANN_CAL_T40_SOC37.5;NAUMANN_CAL_T40_SOC50;NAUMANN_CAL_T40_SOC75,NAUMANN_CAL_T40_SOC0;NAUMANN_CAL_T40_SOC12.5;NAUMANN_CAL_T40_SOC62.5;NAUMANN_CAL_T40_SOC87.5,6,4,6,0,2,2
93,partition_093_f5c1c1153c3c,NAUMANN_CAL_T25_SOC50;NAUMANN_CAL_T40_SOC100;NAUMANN_CAL_T40_SOC25;NAUMANN_CAL_T40_SOC37.5;NAUMANN_CAL_T40_SOC50;NAUMANN_CAL_T40_SOC87.5,NAUMANN_CAL_T40_SOC0;NAUMANN_CAL_T40_SOC12.5;NAUMANN_CAL_T40_SOC62.5;NAUMANN_CAL_T40_SOC75,6,4,6,0,2,2
94,partition_094_84a497c6800a,NAUMANN_CAL_T25_SOC50;NAUMANN_CAL_T40_SOC100;NAUMANN_CAL_T40_SOC25;NAUMANN_CAL_T40_SOC37.5;NAUMANN_CAL_T40_SOC62.5;NAUMANN_CAL_T40_SOC75,NAUMANN_CAL_T40_SOC0;NAUMANN_CAL_T40_SOC12.5;NAUMANN_CAL_T40_SOC50;NAUMANN_CAL_T40_SOC87.5,6,4,6,0,2,2
95,partition_095_05f4783f61e6,NAUMANN_CAL_T25_SOC50;NAUMANN_CAL_T40_SOC100;NAUMANN_CAL_T40_SOC25;NAUMANN_CAL_T40_SOC37.5;NAUMANN_CAL_T40_SOC62.5;NAUMANN_CAL_T40_SOC87.5,NAUMANN_CAL_T40_SOC0;NAUMANN_CAL_T40_SOC12.5;NAUMANN_CAL_T40_SOC50;NAUMANN_CAL_T40_SOC75,6,4,6,0,2,2
96,partition_096_97990d879252,NAUMANN_CAL_T25_SOC50;NAUMANN_CAL_T40_SOC100;NAUMANN_CAL_T40_SOC25;NAUMANN_CAL_T40_SOC37.5;NAUMANN_CAL_T40_SOC75;NAUMANN_CAL_T40_SOC87.5,NAUMANN_CAL_T40_SOC0;NAUMANN_CAL_T40_SOC12.5;NAUMANN_CAL_T40_SOC50;NAUMANN_CAL_T40_SOC62.5,6,4,6,0,2,2
97,partition_097_b8c21ec8f280,NAUMANN_CAL_T25_SOC50;NAUMANN_CAL_T40_SOC100;NAUMANN_CAL_T40_SOC25;NAUMANN_CAL_T40_SOC50;NAUMANN_CAL_T40_SOC62.5;NAUMANN_CAL_T40_SOC75,NAUMANN_CAL_T40_SOC0;NAUMANN_CAL_T40_SOC12.5;NAUMANN_CAL_T40_SOC37.5;NAUMANN_CAL_T40_SOC87.5,6,4,6,0,2,2
98,partition_098_7569215fa459,NAUMANN_CAL_T25_SOC50;NAUMANN_CAL_T40_SOC100;NAUMANN_CAL_T40_SOC25;NAUMANN_CAL_T40_SOC50;NAUMANN_CAL_T40_SOC62.5;NAUMANN_CAL_T40_SOC87.5,NAUMANN_CAL_T40_SOC0;NAUMANN_CAL_T40_SOC12.5;NAUMANN_CAL_T40_SOC37.5;NAUMANN_CAL_T40_SOC75,6,4,6,0,2,2
99,partition_099_c828168ba3d7,NAUMANN_CAL_T25_SOC50;NAUMANN_CAL_T40_SOC100;NAUMANN_CAL_T40_SOC25;NAUMANN_CAL_T40_SOC50;NAUMANN_CAL_T40_SOC75;NAUMANN_CAL_T40_SOC87.5,NAUMANN_CAL_T40_SOC0;NAUMANN_CAL_T40_SOC12.5;NAUMANN_CAL_T40_SOC37.5;NAUMANN_CAL_T40_SOC62.5,6,4,6,0,2,2
100,partition_100_318878c0705d,NAUMANN_CAL_T25_SOC50;NAUMANN_CAL_T40_SOC100;NAUMANN_CAL_T40_SOC25;NAUMANN_CAL_T40_SOC62.5;NAUMANN_CAL_T40_SOC75;NAUMANN_CAL_T40_SOC87.5,NAUMANN_CAL_T40_SOC0;NAUMANN_CAL_T40_SOC12.5;NAUMANN_CAL_T40_SOC37.5;NAUMANN_CAL_T40_SOC50,6,4,6,0,2,2
101,partition_101_f0322eece238,NAUMANN_CAL_T25_SOC50;NAUMANN_CAL_T40_SOC100;NAUMANN_CAL_T40_SOC37.5;NAUMANN_CAL_T40_SOC50;NAUMANN_CAL_T40_SOC62.5;NAUMANN_CAL_T40_SOC75,NAUMANN_CAL_T40_SOC0;NAUMANN_CAL_T40_SOC12.5;NAUMANN_CAL_T40_SOC25;NAUMANN_CAL_T40_SOC87.5,6,4,6,0,2,2
102,partition_102_768ac8460862,NAUMANN_CAL_T25_SOC50;NAUMANN_CAL_T40_SOC100;NAUMANN_CAL_T40_SOC37.5;NAUMANN_CAL_T40_SOC50;NAUMANN_CAL_T40_SOC62.5;NAUMANN_CAL_T40_SOC87.5,NAUMANN_CAL_T40_SOC0;NAUMANN_CAL_T40_SOC12.5;NAUMANN_CAL_T40_SOC25;NAUMANN_CAL_T40_SOC75,6,4,6,0,2,2
103,partition_103_af5d880c4300,NAUMANN_CAL_T25_SOC50;NAUMANN_CAL_T40_SOC100;NAUMANN_CAL_T40_SOC37.5;NAUMANN_CAL_T40_SOC50;NAUMANN_CAL_T40_SOC75;NAUMANN_CAL_T40_SOC87.5,NAUMANN_CAL_T40_SOC0;NAUMANN_CAL_T40_SOC12.5;NAUMANN_CAL_T40_SOC25;NAUMANN_CAL_T40_SOC62.5,6,4,6,0,2,2
104,partition_104_252cb8ecef57,NAUMANN_CAL_T25_SOC50;NAUMANN_CAL_T40_SOC100;NAUMANN_CAL_T40_SOC37.5;NAUMANN_CAL_T40_SOC62.5;NAUMANN_CAL_T40_SOC75;NAUMANN_CAL_T40_SOC87.5,NAUMANN_CAL_T40_SOC0;NAUMANN_CAL_T40_SOC12.5;NAUMANN_CAL_T40_SOC25;NAUMANN_CAL_T40_SOC50,6,4,6,0,2,2
105,partition_105_6ddb9250f7fd,NAUMANN_CAL_T25_SOC50;NAUMANN_CAL_T40_SOC100;NAUMANN_CAL_T40_SOC50;NAUMANN_CAL_T40_SOC62.5;NAUMANN_CAL_T40_SOC75;NAUMANN_CAL_T40_SOC87.5,NAUMANN_CAL_T40_SOC0;NAUMANN_CAL_T40_SOC12.5;NAUMANN_CAL_T40_SOC25;NAUMANN_CAL_T40_SOC37.5,6,4,6,0,2,2
106,partition_106_4ae33c482b5e,NAUMANN_CAL_T25_SOC50;NAUMANN_CAL_T40_SOC12.5;NAUMANN_CAL_T40_SOC25;NAUMANN_CAL_T40_SOC37.5;NAUMANN_CAL_T40_SOC50;NAUMANN_CAL_T40_SOC62.5,NAUMANN_CAL_T40_SOC0;NAUMANN_CAL_T40_SOC100;NAUMANN_CAL_T40_SOC75;NAUMANN_CAL_T40_SOC87.5,6,4,5,1,3,1
107,partition_107_a6284ab92bc6,NAUMANN_CAL_T25_SOC50;NAUMANN_CAL_T40_SOC12.5;NAUMANN_CAL_T40_SOC25;NAUMANN_CAL_T40_SOC37.5;NAUMANN_CAL_T40_SOC50;NAUMANN_CAL_T40_SOC75,NAUMANN_CAL_T40_SOC0;NAUMANN_CAL_T40_SOC100;NAUMANN_CAL_T40_SOC62.5;NAUMANN_CAL_T40_SOC87.5,6,4,5,1,3,1
108,partition_108_87b804e5446e,NAUMANN_CAL_T25_SOC50;NAUMANN_CAL_T40_SOC12.5;NAUMANN_CAL_T40_SOC25;NAUMANN_CAL_T40_SOC37.5;NAUMANN_CAL_T40_SOC50;NAUMANN_CAL_T40_SOC87.5,NAUMANN_CAL_T40_SOC0;NAUMANN_CAL_T40_SOC100;NAUMANN_CAL_T40_SOC62.5;NAUMANN_CAL_T40_SOC75,6,4,5,1,3,1
109,partition_109_704134d42fe6,NAUMANN_CAL_T25_SOC50;NAUMANN_CAL_T40_SOC12.5;NAUMANN_CAL_T40_SOC25;NAUMANN_CAL_T40_SOC37.5;NAUMANN_CAL_T40_SOC62.5;NAUMANN_CAL_T40_SOC75,NAUMANN_CAL_T40_SOC0;NAUMANN_CAL_T40_SOC100;NAUMANN_CAL_T40_SOC50;NAUMANN_CAL_T40_SOC87.5,6,4,5,1,3,1
110,partition_110_cf7b7460f954,NAUMANN_CAL_T25_SOC50;NAUMANN_CAL_T40_SOC12.5;NAUMANN_CAL_T40_SOC25;NAUMANN_CAL_T40_SOC37.5;NAUMANN_CAL_T40_SOC62.5;NAUMANN_CAL_T40_SOC87.5,NAUMANN_CAL_T40_SOC0;NAUMANN_CAL_T40_SOC100;NAUMANN_CAL_T40_SOC50;NAUMANN_CAL_T40_SOC75,6,4,5,1,3,1
111,partition_111_fcb845a0aac7,NAUMANN_CAL_T25_SOC50;NAUMANN_CAL_T40_SOC12.5;NAUMANN_CAL_T40_SOC25;NAUMANN_CAL_T40_SOC37.5;NAUMANN_CAL_T40_SOC75;NAUMANN_CAL_T40_SOC87.5,NAUMANN_CAL_T40_SOC0;NAUMANN_CAL_T40_SOC100;NAUMANN_CAL_T40_SOC50;NAUMANN_CAL_T40_SOC62.5,6,4,5,1,3,1
112,partition_112_9c435f56bd1b,NAUMANN_CAL_T25_SOC50;NAUMANN_CAL_T40_SOC12.5;NAUMANN_CAL_T40_SOC25;NAUMANN_CAL_T40_SOC50;NAUMANN_CAL_T40_SOC62.5;NAUMANN_CAL_T40_SOC75,NAUMANN_CAL_T40_SOC0;NAUMANN_CAL_T40_SOC100;NAUMANN_CAL_T40_SOC37.5;NAUMANN_CAL_T40_SOC87.5,6,4,5,1,3,1
113,partition_113_e0abd8b427ce,NAUMANN_CAL_T25_SOC50;NAUMANN_CAL_T40_SOC12.5;NAUMANN_CAL_T40_SOC25;NAUMANN_CAL_T40_SOC50;NAUMANN_CAL_T40_SOC62.5;NAUMANN_CAL_T40_SOC87.5,NAUMANN_CAL_T40_SOC0;NAUMANN_CAL_T40_SOC100;NAUMANN_CAL_T40_SOC37.5;NAUMANN_CAL_T40_SOC75,6,4,5,1,3,1
114,partition_114_5c65fb06830f,NAUMANN_CAL_T25_SOC50;NAUMANN_CAL_T40_SOC12.5;NAUMANN_CAL_T40_SOC25;NAUMANN_CAL_T40_SOC50;NAUMANN_CAL_T40_SOC75;NAUMANN_CAL_T40_SOC87.5,NAUMANN_CAL_T40_SOC0;NAUMANN_CAL_T40_SOC100;NAUMANN_CAL_T40_SOC37.5;NAUMANN_CAL_T40_SOC62.5,6,4,5,1,3,1
115,partition_115_a02535e8f6fc,NAUMANN_CAL_T25_SOC50;NAUMANN_CAL_T40_SOC12.5;NAUMANN_CAL_T40_SOC25;NAUMANN_CAL_T40_SOC62.5;NAUMANN_CAL_T40_SOC75;NAUMANN_CAL_T40_SOC87.5,NAUMANN_CAL_T40_SOC0;NAUMANN_CAL_T40_SOC100;NAUMANN_CAL_T40_SOC37.5;NAUMANN_CAL_T40_SOC50,6,4,5,1,3,1
116,partition_116_3bae2451aedc,NAUMANN_CAL_T25_SOC50;NAUMANN_CAL_T40_SOC12.5;NAUMANN_CAL_T40_SOC37.5;NAUMANN_CAL_T40_SOC50;NAUMANN_CAL_T40_SOC62.5;NAUMANN_CAL_T40_SOC75,NAUMANN_CAL_T40_SOC0;NAUMANN_CAL_T40_SOC100;NAUMANN_CAL_T40_SOC25;NAUMANN_CAL_T40_SOC87.5,6,4,5,1,3,1
117,partition_117_fe7d72b89e3c,NAUMANN_CAL_T25_SOC50;NAUMANN_CAL_T40_SOC12.5;NAUMANN_CAL_T40_SOC37.5;NAUMANN_CAL_T40_SOC50;NAUMANN_CAL_T40_SOC62.5;NAUMANN_CAL_T40_SOC87.5,NAUMANN_CAL_T40_SOC0;NAUMANN_CAL_T40_SOC100;NAUMANN_CAL_T40_SOC25;NAUMANN_CAL_T40_SOC75,6,4,5,1,3,1
118,partition_118_0f09157ac8e5,NAUMANN_CAL_T25_SOC50;NAUMANN_CAL_T40_SOC12.5;NAUMANN_CAL_T40_SOC37.5;NAUMANN_CAL_T40_SOC50;NAUMANN_CAL_T40_SOC75;NAUMANN_CAL_T40_SOC87.5,NAUMANN_CAL_T40_SOC0;NAUMANN_CAL_T40_SOC100;NAUMANN_CAL_T40_SOC25;NAUMANN_CAL_T40_SOC62.5,6,4,5,1,3,1
119,partition_119_54914b933b0d,NAUMANN_CAL_T25_SOC50;NAUMANN_CAL_T40_SOC12.5;NAUMANN_CAL_T40_SOC37.5;NAUMANN_CAL_T40_SOC62.5;NAUMANN_CAL_T40_SOC75;NAUMANN_CAL_T40_SOC87.5,NAUMANN_CAL_T40_SOC0;NAUMANN_CAL_T40_SOC100;NAUMANN_CAL_T40_SOC25;NAUMANN_CAL_T40_SOC50,6,4,5,1,3,1
120,partition_120_3d9baa460074,NAUMANN_CAL_T25_SOC50;NAUMANN_CAL_T40_SOC12.5;NAUMANN_CAL_T40_SOC50;NAUMANN_CAL_T40_SOC62.5;NAUMANN_CAL_T40_SOC75;NAUMANN_CAL_T40_SOC87.5,NAUMANN_CAL_T40_SOC0;NAUMANN_CAL_T40_SOC100;NAUMANN_CAL_T40_SOC25;NAUMANN_CAL_T40_SOC37.5,6,4,5,1,3,1
121,partition_121_61a3857f3390,NAUMANN_CAL_T25_SOC50;NAUMANN_CAL_T40_SOC25;NAUMANN_CAL_T40_SOC37.5;NAUMANN_CAL_T40_SOC50;NAUMANN_CAL_T40_SOC62.5;NAUMANN_CAL_T40_SOC75,NAUMANN_CAL_T40_SOC0;NAUMANN_CAL_T40_SOC100;NAUMANN_CAL_T40_SOC12.5;NAUMANN_CAL_T40_SOC87.5,6,4,6,0,2,2
122,partition_122_d3f4ace0ebe7,NAUMANN_CAL_T25_SOC50;NAUMANN_CAL_T40_SOC25;NAUMANN_CAL_T40_SOC37.5;NAUMANN_CAL_T40_SOC50;NAUMANN_CAL_T40_SOC62.5;NAUMANN_CAL_T40_SOC87.5,NAUMANN_CAL_T40_SOC0;NAUMANN_CAL_T40_SOC100;NAUMANN_CAL_T40_SOC12.5;NAUMANN_CAL_T40_SOC75,6,4,6,0,2,2
123,partition_123_a8f4d794e84f,NAUMANN_CAL_T25_SOC50;NAUMANN_CAL_T40_SOC25;NAUMANN_CAL_T40_SOC37.5;NAUMANN_CAL_T40_SOC50;NAUMANN_CAL_T40_SOC75;NAUMANN_CAL_T40_SOC87.5,NAUMANN_CAL_T40_SOC0;NAUMANN_CAL_T40_SOC100;NAUMANN_CAL_T40_SOC12.5;NAUMANN_CAL_T40_SOC62.5,6,4,6,0,2,2
124,partition_124_64d34ab7bae7,NAUMANN_CAL_T25_SOC50;NAUMANN_CAL_T40_SOC25;NAUMANN_CAL_T40_SOC37.5;NAUMANN_CAL_T40_SOC62.5;NAUMANN_CAL_T40_SOC75;NAUMANN_CAL_T40_SOC87.5,NAUMANN_CAL_T40_SOC0;NAUMANN_CAL_T40_SOC100;NAUMANN_CAL_T40_SOC12.5;NAUMANN_CAL_T40_SOC50,6,4,6,0,2,2
125,partition_125_c01879e9ed11,NAUMANN_CAL_T25_SOC50;NAUMANN_CAL_T40_SOC25;NAUMANN_CAL_T40_SOC50;NAUMANN_CAL_T40_SOC62.5;NAUMANN_CAL_T40_SOC75;NAUMANN_CAL_T40_SOC87.5,NAUMANN_CAL_T40_SOC0;NAUMANN_CAL_T40_SOC100;NAUMANN_CAL_T40_SOC12.5;NAUMANN_CAL_T40_SOC37.5,6,4,6,0,2,2
126,partition_126_9d7b2020b7de,NAUMANN_CAL_T25_SOC50;NAUMANN_CAL_T40_SOC37.5;NAUMANN_CAL_T40_SOC50;NAUMANN_CAL_T40_SOC62.5;NAUMANN_CAL_T40_SOC75;NAUMANN_CAL_T40_SOC87.5,NAUMANN_CAL_T40_SOC0;NAUMANN_CAL_T40_SOC100;NAUMANN_CAL_T40_SOC12.5;NAUMANN_CAL_T40_SOC25,6,4,6,0,2,2
127,partition_127_7b5bdb34d771,NAUMANN_CAL_T40_SOC0;NAUMANN_CAL_T40_SOC100;NAUMANN_CAL_T40_SOC12.5;NAUMANN_CAL_T40_SOC25;NAUMANN_CAL_T40_SOC37.5;NAUMANN_CAL_T40_SOC50,NAUMANN_CAL_T25_SOC50;NAUMANN_CAL_T40_SOC62.5;NAUMANN_CAL_T40_SOC75;NAUMANN_CAL_T40_SOC87.5,6,4,4,2,4,0
128,partition_128_d87d21e1e58f,NAUMANN_CAL_T40_SOC0;NAUMANN_CAL_T40_SOC100;NAUMANN_CAL_T40_SOC12.5;NAUMANN_CAL_T40_SOC25;NAUMANN_CAL_T40_SOC37.5;NAUMANN_CAL_T40_SOC62.5,NAUMANN_CAL_T25_SOC50;NAUMANN_CAL_T40_SOC50;NAUMANN_CAL_T40_SOC75;NAUMANN_CAL_T40_SOC87.5,6,4,4,2,4,0
129,partition_129_1e37d8f0c273,NAUMANN_CAL_T40_SOC0;NAUMANN_CAL_T40_SOC100;NAUMANN_CAL_T40_SOC12.5;NAUMANN_CAL_T40_SOC25;NAUMANN_CAL_T40_SOC37.5;NAUMANN_CAL_T40_SOC75,NAUMANN_CAL_T25_SOC50;NAUMANN_CAL_T40_SOC50;NAUMANN_CAL_T40_SOC62.5;NAUMANN_CAL_T40_SOC87.5,6,4,4,2,4,0
130,partition_130_59fc6162ca9b,NAUMANN_CAL_T40_SOC0;NAUMANN_CAL_T40_SOC100;NAUMANN_CAL_T40_SOC12.5;NAUMANN_CAL_T40_SOC25;NAUMANN_CAL_T40_SOC37.5;NAUMANN_CAL_T40_SOC87.5,NAUMANN_CAL_T25_SOC50;NAUMANN_CAL_T40_SOC50;NAUMANN_CAL_T40_SOC62.5;NAUMANN_CAL_T40_SOC75,6,4,4,2,4,0
131,partition_131_e6a298aea7bd,NAUMANN_CAL_T40_SOC0;NAUMANN_CAL_T40_SOC100;NAUMANN_CAL_T40_SOC12.5;NAUMANN_CAL_T40_SOC25;NAUMANN_CAL_T40_SOC50;NAUMANN_CAL_T40_SOC62.5,NAUMANN_CAL_T25_SOC50;NAUMANN_CAL_T40_SOC37.5;NAUMANN_CAL_T40_SOC75;NAUMANN_CAL_T40_SOC87.5,6,4,4,2,4,0
132,partition_132_cd838441716e,NAUMANN_CAL_T40_SOC0;NAUMANN_CAL_T40_SOC100;NAUMANN_CAL_T40_SOC12.5;NAUMANN_CAL_T40_SOC25;NAUMANN_CAL_T40_SOC50;NAUMANN_CAL_T40_SOC75,NAUMANN_CAL_T25_SOC50;NAUMANN_CAL_T40_SOC37.5;NAUMANN_CAL_T40_SOC62.5;NAUMANN_CAL_T40_SOC87.5,6,4,4,2,4,0
133,partition_133_8bfaf93c76c5,NAUMANN_CAL_T40_SOC0;NAUMANN_CAL_T40_SOC100;NAUMANN_CAL_T40_SOC12.5;NAUMANN_CAL_T40_SOC25;NAUMANN_CAL_T40_SOC50;NAUMANN_CAL_T40_SOC87.5,NAUMANN_CAL_T25_SOC50;NAUMANN_CAL_T40_SOC37.5;NAUMANN_CAL_T40_SOC62.5;NAUMANN_CAL_T40_SOC75,6,4,4,2,4,0
134,partition_134_7894a50e20f6,NAUMANN_CAL_T40_SOC0;NAUMANN_CAL_T40_SOC100;NAUMANN_CAL_T40_SOC12.5;NAUMANN_CAL_T40_SOC25;NAUMANN_CAL_T40_SOC62.5;NAUMANN_CAL_T40_SOC75,NAUMANN_CAL_T25_SOC50;NAUMANN_CAL_T40_SOC37.5;NAUMANN_CAL_T40_SOC50;NAUMANN_CAL_T40_SOC87.5,6,4,4,2,4,0
135,partition_135_ba73c4d51998,NAUMANN_CAL_T40_SOC0;NAUMANN_CAL_T40_SOC100;NAUMANN_CAL_T40_SOC12.5;NAUMANN_CAL_T40_SOC25;NAUMANN_CAL_T40_SOC62.5;NAUMANN_CAL_T40_SOC87.5,NAUMANN_CAL_T25_SOC50;NAUMANN_CAL_T40_SOC37.5;NAUMANN_CAL_T40_SOC50;NAUMANN_CAL_T40_SOC75,6,4,4,2,4,0
136,partition_136_ccf58b2d1877,NAUMANN_CAL_T40_SOC0;NAUMANN_CAL_T40_SOC100;NAUMANN_CAL_T40_SOC12.5;NAUMANN_CAL_T40_SOC25;NAUMANN_CAL_T40_SOC75;NAUMANN_CAL_T40_SOC87.5,NAUMANN_CAL_T25_SOC50;NAUMANN_CAL_T40_SOC37.5;NAUMANN_CAL_T40_SOC50;NAUMANN_CAL_T40_SOC62.5,6,4,4,2,4,0
137,partition_137_3d4e005292a1,NAUMANN_CAL_T40_SOC0;NAUMANN_CAL_T40_SOC100;NAUMANN_CAL_T40_SOC12.5;NAUMANN_CAL_T40_SOC37.5;NAUMANN_CAL_T40_SOC50;NAUMANN_CAL_T40_SOC62.5,NAUMANN_CAL_T25_SOC50;NAUMANN_CAL_T40_SOC25;NAUMANN_CAL_T40_SOC75;NAUMANN_CAL_T40_SOC87.5,6,4,4,2,4,0
138,partition_138_5126c0b10800,NAUMANN_CAL_T40_SOC0;NAUMANN_CAL_T40_SOC100;NAUMANN_CAL_T40_SOC12.5;NAUMANN_CAL_T40_SOC37.5;NAUMANN_CAL_T40_SOC50;NAUMANN_CAL_T40_SOC75,NAUMANN_CAL_T25_SOC50;NAUMANN_CAL_T40_SOC25;NAUMANN_CAL_T40_SOC62.5;NAUMANN_CAL_T40_SOC87.5,6,4,4,2,4,0
139,partition_139_eb455d6bbfb3,NAUMANN_CAL_T40_SOC0;NAUMANN_CAL_T40_SOC100;NAUMANN_CAL_T40_SOC12.5;NAUMANN_CAL_T40_SOC37.5;NAUMANN_CAL_T40_SOC50;NAUMANN_CAL_T40_SOC87.5,NAUMANN_CAL_T25_SOC50;NAUMANN_CAL_T40_SOC25;NAUMANN_CAL_T40_SOC62.5;NAUMANN_CAL_T40_SOC75,6,4,4,2,4,0
140,partition_140_86f886c499be,NAUMANN_CAL_T40_SOC0;NAUMANN_CAL_T40_SOC100;NAUMANN_CAL_T40_SOC12.5;NAUMANN_CAL_T40_SOC37.5;NAUMANN_CAL_T40_SOC62.5;NAUMANN_CAL_T40_SOC75,NAUMANN_CAL_T25_SOC50;NAUMANN_CAL_T40_SOC25;NAUMANN_CAL_T40_SOC50;NAUMANN_CAL_T40_SOC87.5,6,4,4,2,4,0
141,partition_141_c532bea7dd44,NAUMANN_CAL_T40_SOC0;NAUMANN_CAL_T40_SOC100;NAUMANN_CAL_T40_SOC12.5;NAUMANN_CAL_T40_SOC37.5;NAUMANN_CAL_T40_SOC62.5;NAUMANN_CAL_T40_SOC87.5,NAUMANN_CAL_T25_SOC50;NAUMANN_CAL_T40_SOC25;NAUMANN_CAL_T40_SOC50;NAUMANN_CAL_T40_SOC75,6,4,4,2,4,0
142,partition_142_64f7411176db,NAUMANN_CAL_T40_SOC0;NAUMANN_CAL_T40_SOC100;NAUMANN_CAL_T40_SOC12.5;NAUMANN_CAL_T40_SOC37.5;NAUMANN_CAL_T40_SOC75;NAUMANN_CAL_T40_SOC87.5,NAUMANN_CAL_T25_SOC50;NAUMANN_CAL_T40_SOC25;NAUMANN_CAL_T40_SOC50;NAUMANN_CAL_T40_SOC62.5,6,4,4,2,4,0
143,partition_143_bb81e33fad33,NAUMANN_CAL_T40_SOC0;NAUMANN_CAL_T40_SOC100;NAUMANN_CAL_T40_SOC12.5;NAUMANN_CAL_T40_SOC50;NAUMANN_CAL_T40_SOC62.5;NAUMANN_CAL_T40_SOC75,NAUMANN_CAL_T25_SOC50;NAUMANN_CAL_T40_SOC25;NAUMANN_CAL_T40_SOC37.5;NAUMANN_CAL_T40_SOC87.5,6,4,4,2,4,0
144,partition_144_389c9924c841,NAUMANN_CAL_T40_SOC0;NAUMANN_CAL_T40_SOC100;NAUMANN_CAL_T40_SOC12.5;NAUMANN_CAL_T40_SOC50;NAUMANN_CAL_T40_SOC62.5;NAUMANN_CAL_T40_SOC87.5,NAUMANN_CAL_T25_SOC50;NAUMANN_CAL_T40_SOC25;NAUMANN_CAL_T40_SOC37.5;NAUMANN_CAL_T40_SOC75,6,4,4,2,4,0
145,partition_145_13b30f0f14a8,NAUMANN_CAL_T40_SOC0;NAUMANN_CAL_T40_SOC100;NAUMANN_CAL_T40_SOC12.5;NAUMANN_CAL_T40_SOC50;NAUMANN_CAL_T40_SOC75;NAUMANN_CAL_T40_SOC87.5,NAUMANN_CAL_T25_SOC50;NAUMANN_CAL_T40_SOC25;NAUMANN_CAL_T40_SOC37.5;NAUMANN_CAL_T40_SOC62.5,6,4,4,2,4,0
146,partition_146_d96904ff92d7,NAUMANN_CAL_T40_SOC0;NAUMANN_CAL_T40_SOC100;NAUMANN_CAL_T40_SOC12.5;NAUMANN_CAL_T40_SOC62.5;NAUMANN_CAL_T40_SOC75;NAUMANN_CAL_T40_SOC87.5,NAUMANN_CAL_T25_SOC50;NAUMANN_CAL_T40_SOC25;NAUMANN_CAL_T40_SOC37.5;NAUMANN_CAL_T40_SOC50,6,4,4,2,4,0
147,partition_147_926310e6e213,NAUMANN_CAL_T40_SOC0;NAUMANN_CAL_T40_SOC100;NAUMANN_CAL_T40_SOC25;NAUMANN_CAL_T40_SOC37.5;NAUMANN_CAL_T40_SOC50;NAUMANN_CAL_T40_SOC62.5,NAUMANN_CAL_T25_SOC50;NAUMANN_CAL_T40_SOC12.5;NAUMANN_CAL_T40_SOC75;NAUMANN_CAL_T40_SOC87.5,6,4,5,1,3,1
148,partition_148_e4a2b2b691e2,NAUMANN_CAL_T40_SOC0;NAUMANN_CAL_T40_SOC100;NAUMANN_CAL_T40_SOC25;NAUMANN_CAL_T40_SOC37.5;NAUMANN_CAL_T40_SOC50;NAUMANN_CAL_T40_SOC75,NAUMANN_CAL_T25_SOC50;NAUMANN_CAL_T40_SOC12.5;NAUMANN_CAL_T40_SOC62.5;NAUMANN_CAL_T40_SOC87.5,6,4,5,1,3,1
149,partition_149_505791008c67,NAUMANN_CAL_T40_SOC0;NAUMANN_CAL_T40_SOC100;NAUMANN_CAL_T40_SOC25;NAUMANN_CAL_T40_SOC37.5;NAUMANN_CAL_T40_SOC50;NAUMANN_CAL_T40_SOC87.5,NAUMANN_CAL_T25_SOC50;NAUMANN_CAL_T40_SOC12.5;NAUMANN_CAL_T40_SOC62.5;NAUMANN_CAL_T40_SOC75,6,4,5,1,3,1
150,partition_150_bd5da8eae96b,NAUMANN_CAL_T40_SOC0;NAUMANN_CAL_T40_SOC100;NAUMANN_CAL_T40_SOC25;NAUMANN_CAL_T40_SOC37.5;NAUMANN_CAL_T40_SOC62.5;NAUMANN_CAL_T40_SOC75,NAUMANN_CAL_T25_SOC50;NAUMANN_CAL_T40_SOC12.5;NAUMANN_CAL_T40_SOC50;NAUMANN_CAL_T40_SOC87.5,6,4,5,1,3,1
151,partition_151_8863b132b8cc,NAUMANN_CAL_T40_SOC0;NAUMANN_CAL_T40_SOC100;NAUMANN_CAL_T40_SOC25;NAUMANN_CAL_T40_SOC37.5;NAUMANN_CAL_T40_SOC62.5;NAUMANN_CAL_T40_SOC87.5,NAUMANN_CAL_T25_SOC50;NAUMANN_CAL_T40_SOC12.5;NAUMANN_CAL_T40_SOC50;NAUMANN_CAL_T40_SOC75,6,4,5,1,3,1
152,partition_152_86a3cfd89e98,NAUMANN_CAL_T40_SOC0;NAUMANN_CAL_T40_SOC100;NAUMANN_CAL_T40_SOC25;NAUMANN_CAL_T40_SOC37.5;NAUMANN_CAL_T40_SOC75;NAUMANN_CAL_T40_SOC87.5,NAUMANN_CAL_T25_SOC50;NAUMANN_CAL_T40_SOC12.5;NAUMANN_CAL_T40_SOC50;NAUMANN_CAL_T40_SOC62.5,6,4,5,1,3,1
153,partition_153_0ecf8daca507,NAUMANN_CAL_T40_SOC0;NAUMANN_CAL_T40_SOC100;NAUMANN_CAL_T40_SOC25;NAUMANN_CAL_T40_SOC50;NAUMANN_CAL_T40_SOC62.5;NAUMANN_CAL_T40_SOC75,NAUMANN_CAL_T25_SOC50;NAUMANN_CAL_T40_SOC12.5;NAUMANN_CAL_T40_SOC37.5;NAUMANN_CAL_T40_SOC87.5,6,4,5,1,3,1
154,partition_154_dfcf7feb57a5,NAUMANN_CAL_T40_SOC0;NAUMANN_CAL_T40_SOC100;NAUMANN_CAL_T40_SOC25;NAUMANN_CAL_T40_SOC50;NAUMANN_CAL_T40_SOC62.5;NAUMANN_CAL_T40_SOC87.5,NAUMANN_CAL_T25_SOC50;NAUMANN_CAL_T40_SOC12.5;NAUMANN_CAL_T40_SOC37.5;NAUMANN_CAL_T40_SOC75,6,4,5,1,3,1
155,partition_155_210130e203d1,NAUMANN_CAL_T40_SOC0;NAUMANN_CAL_T40_SOC100;NAUMANN_CAL_T40_SOC25;NAUMANN_CAL_T40_SOC50;NAUMANN_CAL_T40_SOC75;NAUMANN_CAL_T40_SOC87.5,NAUMANN_CAL_T25_SOC50;NAUMANN_CAL_T40_SOC12.5;NAUMANN_CAL_T40_SOC37.5;NAUMANN_CAL_T40_SOC62.5,6,4,5,1,3,1
156,partition_156_017130434c47,NAUMANN_CAL_T40_SOC0;NAUMANN_CAL_T40_SOC100;NAUMANN_CAL_T40_SOC25;NAUMANN_CAL_T40_SOC62.5;NAUMANN_CAL_T40_SOC75;NAUMANN_CAL_T40_SOC87.5,NAUMANN_CAL_T25_SOC50;NAUMANN_CAL_T40_SOC12.5;NAUMANN_CAL_T40_SOC37.5;NAUMANN_CAL_T40_SOC50,6,4,5,1,3,1
157,partition_157_2ebf34f35e9b,NAUMANN_CAL_T40_SOC0;NAUMANN_CAL_T40_SOC100;NAUMANN_CAL_T40_SOC37.5;NAUMANN_CAL_T40_SOC50;NAUMANN_CAL_T40_SOC62.5;NAUMANN_CAL_T40_SOC75,NAUMANN_CAL_T25_SOC50;NAUMANN_CAL_T40_SOC12.5;NAUMANN_CAL_T40_SOC25;NAUMANN_CAL_T40_SOC87.5,6,4,5,1,3,1
158,partition_158_26a55b20d371,NAUMANN_CAL_T40_SOC0;NAUMANN_CAL_T40_SOC100;NAUMANN_CAL_T40_SOC37.5;NAUMANN_CAL_T40_SOC50;NAUMANN_CAL_T40_SOC62.5;NAUMANN_CAL_T40_SOC87.5,NAUMANN_CAL_T25_SOC50;NAUMANN_CAL_T40_SOC12.5;NAUMANN_CAL_T40_SOC25;NAUMANN_CAL_T40_SOC75,6,4,5,1,3,1
159,partition_159_934458f4d95a,NAUMANN_CAL_T40_SOC0;NAUMANN_CAL_T40_SOC100;NAUMANN_CAL_T40_SOC37.5;NAUMANN_CAL_T40_SOC50;NAUMANN_CAL_T40_SOC75;NAUMANN_CAL_T40_SOC87.5,NAUMANN_CAL_T25_SOC50;NAUMANN_CAL_T40_SOC12.5;NAUMANN_CAL_T40_SOC25;NAUMANN_CAL_T40_SOC62.5,6,4,5,1,3,1
160,partition_160_527789776c39,NAUMANN_CAL_T40_SOC0;NAUMANN_CAL_T40_SOC100;NAUMANN_CAL_T40_SOC37.5;NAUMANN_CAL_T40_SOC62.5;NAUMANN_CAL_T40_SOC75;NAUMANN_CAL_T40_SOC87.5,NAUMANN_CAL_T25_SOC50;NAUMANN_CAL_T40_SOC12.5;NAUMANN_CAL_T40_SOC25;NAUMANN_CAL_T40_SOC50,6,4,5,1,3,1
161,partition_161_829857529966,NAUMANN_CAL_T40_SOC0;NAUMANN_CAL_T40_SOC100;NAUMANN_CAL_T40_SOC50;NAUMANN_CAL_T40_SOC62.5;NAUMANN_CAL_T40_SOC75;NAUMANN_CAL_T40_SOC87.5,NAUMANN_CAL_T25_SOC50;NAUMANN_CAL_T40_SOC12.5;NAUMANN_CAL_T40_SOC25;NAUMANN_CAL_T40_SOC37.5,6,4,5,1,3,1
162,partition_162_db49055c6d22,NAUMANN_CAL_T40_SOC0;NAUMANN_CAL_T40_SOC12.5;NAUMANN_CAL_T40_SOC25;NAUMANN_CAL_T40_SOC37.5;NAUMANN_CAL_T40_SOC50;NAUMANN_CAL_T40_SOC62.5,NAUMANN_CAL_T25_SOC50;NAUMANN_CAL_T40_SOC100;NAUMANN_CAL_T40_SOC75;NAUMANN_CAL_T40_SOC87.5,6,4,4,2,4,0
163,partition_163_7de3fdf82f1d,NAUMANN_CAL_T40_SOC0;NAUMANN_CAL_T40_SOC12.5;NAUMANN_CAL_T40_SOC25;NAUMANN_CAL_T40_SOC37.5;NAUMANN_CAL_T40_SOC50;NAUMANN_CAL_T40_SOC75,NAUMANN_CAL_T25_SOC50;NAUMANN_CAL_T40_SOC100;NAUMANN_CAL_T40_SOC62.5;NAUMANN_CAL_T40_SOC87.5,6,4,4,2,4,0
164,partition_164_fa369e232166,NAUMANN_CAL_T40_SOC0;NAUMANN_CAL_T40_SOC12.5;NAUMANN_CAL_T40_SOC25;NAUMANN_CAL_T40_SOC37.5;NAUMANN_CAL_T40_SOC50;NAUMANN_CAL_T40_SOC87.5,NAUMANN_CAL_T25_SOC50;NAUMANN_CAL_T40_SOC100;NAUMANN_CAL_T40_SOC62.5;NAUMANN_CAL_T40_SOC75,6,4,4,2,4,0
165,partition_165_8e51fc4be652,NAUMANN_CAL_T40_SOC0;NAUMANN_CAL_T40_SOC12.5;NAUMANN_CAL_T40_SOC25;NAUMANN_CAL_T40_SOC37.5;NAUMANN_CAL_T40_SOC62.5;NAUMANN_CAL_T40_SOC75,NAUMANN_CAL_T25_SOC50;NAUMANN_CAL_T40_SOC100;NAUMANN_CAL_T40_SOC50;NAUMANN_CAL_T40_SOC87.5,6,4,4,2,4,0
166,partition_166_a1a0ab10a063,NAUMANN_CAL_T40_SOC0;NAUMANN_CAL_T40_SOC12.5;NAUMANN_CAL_T40_SOC25;NAUMANN_CAL_T40_SOC37.5;NAUMANN_CAL_T40_SOC62.5;NAUMANN_CAL_T40_SOC87.5,NAUMANN_CAL_T25_SOC50;NAUMANN_CAL_T40_SOC100;NAUMANN_CAL_T40_SOC50;NAUMANN_CAL_T40_SOC75,6,4,4,2,4,0
167,partition_167_fc555aa003d0,NAUMANN_CAL_T40_SOC0;NAUMANN_CAL_T40_SOC12.5;NAUMANN_CAL_T40_SOC25;NAUMANN_CAL_T40_SOC37.5;NAUMANN_CAL_T40_SOC75;NAUMANN_CAL_T40_SOC87.5,NAUMANN_CAL_T25_SOC50;NAUMANN_CAL_T40_SOC100;NAUMANN_CAL_T40_SOC50;NAUMANN_CAL_T40_SOC62.5,6,4,4,2,4,0
168,partition_168_f3b91f265f50,NAUMANN_CAL_T40_SOC0;NAUMANN_CAL_T40_SOC12.5;NAUMANN_CAL_T40_SOC25;NAUMANN_CAL_T40_SOC50;NAUMANN_CAL_T40_SOC62.5;NAUMANN_CAL_T40_SOC75,NAUMANN_CAL_T25_SOC50;NAUMANN_CAL_T40_SOC100;NAUMANN_CAL_T40_SOC37.5;NAUMANN_CAL_T40_SOC87.5,6,4,4,2,4,0
169,partition_169_42d033f06c57,NAUMANN_CAL_T40_SOC0;NAUMANN_CAL_T40_SOC12.5;NAUMANN_CAL_T40_SOC25;NAUMANN_CAL_T40_SOC50;NAUMANN_CAL_T40_SOC62.5;NAUMANN_CAL_T40_SOC87.5,NAUMANN_CAL_T25_SOC50;NAUMANN_CAL_T40_SOC100;NAUMANN_CAL_T40_SOC37.5;NAUMANN_CAL_T40_SOC75,6,4,4,2,4,0
170,partition_170_16454852c20b,NAUMANN_CAL_T40_SOC0;NAUMANN_CAL_T40_SOC12.5;NAUMANN_CAL_T40_SOC25;NAUMANN_CAL_T40_SOC50;NAUMANN_CAL_T40_SOC75;NAUMANN_CAL_T40_SOC87.5,NAUMANN_CAL_T25_SOC50;NAUMANN_CAL_T40_SOC100;NAUMANN_CAL_T40_SOC37.5;NAUMANN_CAL_T40_SOC62.5,6,4,4,2,4,0
171,partition_171_10b388a526bc,NAUMANN_CAL_T40_SOC0;NAUMANN_CAL_T40_SOC12.5;NAUMANN_CAL_T40_SOC25;NAUMANN_CAL_T40_SOC62.5;NAUMANN_CAL_T40_SOC75;NAUMANN_CAL_T40_SOC87.5,NAUMANN_CAL_T25_SOC50;NAUMANN_CAL_T40_SOC100;NAUMANN_CAL_T40_SOC37.5;NAUMANN_CAL_T40_SOC50,6,4,4,2,4,0
172,partition_172_b738ecc8b7fd,NAUMANN_CAL_T40_SOC0;NAUMANN_CAL_T40_SOC12.5;NAUMANN_CAL_T40_SOC37.5;NAUMANN_CAL_T40_SOC50;NAUMANN_CAL_T40_SOC62.5;NAUMANN_CAL_T40_SOC75,NAUMANN_CAL_T25_SOC50;NAUMANN_CAL_T40_SOC100;NAUMANN_CAL_T40_SOC25;NAUMANN_CAL_T40_SOC87.5,6,4,4,2,4,0
173,partition_173_d826be46b6ca,NAUMANN_CAL_T40_SOC0;NAUMANN_CAL_T40_SOC12.5;NAUMANN_CAL_T40_SOC37.5;NAUMANN_CAL_T40_SOC50;NAUMANN_CAL_T40_SOC62.5;NAUMANN_CAL_T40_SOC87.5,NAUMANN_CAL_T25_SOC50;NAUMANN_CAL_T40_SOC100;NAUMANN_CAL_T40_SOC25;NAUMANN_CAL_T40_SOC75,6,4,4,2,4,0
174,partition_174_233fda98d75b,NAUMANN_CAL_T40_SOC0;NAUMANN_CAL_T40_SOC12.5;NAUMANN_CAL_T40_SOC37.5;NAUMANN_CAL_T40_SOC50;NAUMANN_CAL_T40_SOC75;NAUMANN_CAL_T40_SOC87.5,NAUMANN_CAL_T25_SOC50;NAUMANN_CAL_T40_SOC100;NAUMANN_CAL_T40_SOC25;NAUMANN_CAL_T40_SOC62.5,6,4,4,2,4,0
175,partition_175_02cafaa6534a,NAUMANN_CAL_T40_SOC0;NAUMANN_CAL_T40_SOC12.5;NAUMANN_CAL_T40_SOC37.5;NAUMANN_CAL_T40_SOC62.5;NAUMANN_CAL_T40_SOC75;NAUMANN_CAL_T40_SOC87.5,NAUMANN_CAL_T25_SOC50;NAUMANN_CAL_T40_SOC100;NAUMANN_CAL_T40_SOC25;NAUMANN_CAL_T40_SOC50,6,4,4,2,4,0
176,partition_176_7f159a374154,NAUMANN_CAL_T40_SOC0;NAUMANN_CAL_T40_SOC12.5;NAUMANN_CAL_T40_SOC50;NAUMANN_CAL_T40_SOC62.5;NAUMANN_CAL_T40_SOC75;NAUMANN_CAL_T40_SOC87.5,NAUMANN_CAL_T25_SOC50;NAUMANN_CAL_T40_SOC100;NAUMANN_CAL_T40_SOC25;NAUMANN_CAL_T40_SOC37.5,6,4,4,2,4,0
177,partition_177_a3c548d896c9,NAUMANN_CAL_T40_SOC0;NAUMANN_CAL_T40_SOC25;NAUMANN_CAL_T40_SOC37.5;NAUMANN_CAL_T40_SOC50;NAUMANN_CAL_T40_SOC62.5;NAUMANN_CAL_T40_SOC75,NAUMANN_CAL_T25_SOC50;NAUMANN_CAL_T40_SOC100;NAUMANN_CAL_T40_SOC12.5;NAUMANN_CAL_T40_SOC87.5,6,4,5,1,3,1
178,partition_178_eb4a6081f8e9,NAUMANN_CAL_T40_SOC0;NAUMANN_CAL_T40_SOC25;NAUMANN_CAL_T40_SOC37.5;NAUMANN_CAL_T40_SOC50;NAUMANN_CAL_T40_SOC62.5;NAUMANN_CAL_T40_SOC87.5,NAUMANN_CAL_T25_SOC50;NAUMANN_CAL_T40_SOC100;NAUMANN_CAL_T40_SOC12.5;NAUMANN_CAL_T40_SOC75,6,4,5,1,3,1
179,partition_179_0d741e9aef81,NAUMANN_CAL_T40_SOC0;NAUMANN_CAL_T40_SOC25;NAUMANN_CAL_T40_SOC37.5;NAUMANN_CAL_T40_SOC50;NAUMANN_CAL_T40_SOC75;NAUMANN_CAL_T40_SOC87.5,NAUMANN_CAL_T25_SOC50;NAUMANN_CAL_T40_SOC100;NAUMANN_CAL_T40_SOC12.5;NAUMANN_CAL_T40_SOC62.5,6,4,5,1,3,1
180,partition_180_f4cda9fe4706,NAUMANN_CAL_T40_SOC0;NAUMANN_CAL_T40_SOC25;NAUMANN_CAL_T40_SOC37.5;NAUMANN_CAL_T40_SOC62.5;NAUMANN_CAL_T40_SOC75;NAUMANN_CAL_T40_SOC87.5,NAUMANN_CAL_T25_SOC50;NAUMANN_CAL_T40_SOC100;NAUMANN_CAL_T40_SOC12.5;NAUMANN_CAL_T40_SOC50,6,4,5,1,3,1
181,partition_181_fb10874f2ae7,NAUMANN_CAL_T40_SOC0;NAUMANN_CAL_T40_SOC25;NAUMANN_CAL_T40_SOC50;NAUMANN_CAL_T40_SOC62.5;NAUMANN_CAL_T40_SOC75;NAUMANN_CAL_T40_SOC87.5,NAUMANN_CAL_T25_SOC50;NAUMANN_CAL_T40_SOC100;NAUMANN_CAL_T40_SOC12.5;NAUMANN_CAL_T40_SOC37.5,6,4,5,1,3,1
182,partition_182_5d08e1c675b8,NAUMANN_CAL_T40_SOC0;NAUMANN_CAL_T40_SOC37.5;NAUMANN_CAL_T40_SOC50;NAUMANN_CAL_T40_SOC62.5;NAUMANN_CAL_T40_SOC75;NAUMANN_CAL_T40_SOC87.5,NAUMANN_CAL_T25_SOC50;NAUMANN_CAL_T40_SOC100;NAUMANN_CAL_T40_SOC12.5;NAUMANN_CAL_T40_SOC25,6,4,5,1,3,1
183,partition_183_cd1dcd05c242,NAUMANN_CAL_T40_SOC100;NAUMANN_CAL_T40_SOC12.5;NAUMANN_CAL_T40_SOC25;NAUMANN_CAL_T40_SOC37.5;NAUMANN_CAL_T40_SOC50;NAUMANN_CAL_T40_SOC62.5,NAUMANN_CAL_T25_SOC50;NAUMANN_CAL_T40_SOC0;NAUMANN_CAL_T40_SOC75;NAUMANN_CAL_T40_SOC87.5,6,4,5,1,3,1
184,partition_184_8bbf082e4c2b,NAUMANN_CAL_T40_SOC100;NAUMANN_CAL_T40_SOC12.5;NAUMANN_CAL_T40_SOC25;NAUMANN_CAL_T40_SOC37.5;NAUMANN_CAL_T40_SOC50;NAUMANN_CAL_T40_SOC75,NAUMANN_CAL_T25_SOC50;NAUMANN_CAL_T40_SOC0;NAUMANN_CAL_T40_SOC62.5;NAUMANN_CAL_T40_SOC87.5,6,4,5,1,3,1
185,partition_185_cb03661a11e6,NAUMANN_CAL_T40_SOC100;NAUMANN_CAL_T40_SOC12.5;NAUMANN_CAL_T40_SOC25;NAUMANN_CAL_T40_SOC37.5;NAUMANN_CAL_T40_SOC50;NAUMANN_CAL_T40_SOC87.5,NAUMANN_CAL_T25_SOC50;NAUMANN_CAL_T40_SOC0;NAUMANN_CAL_T40_SOC62.5;NAUMANN_CAL_T40_SOC75,6,4,5,1,3,1
186,partition_186_5e44714b7140,NAUMANN_CAL_T40_SOC100;NAUMANN_CAL_T40_SOC12.5;NAUMANN_CAL_T40_SOC25;NAUMANN_CAL_T40_SOC37.5;NAUMANN_CAL_T40_SOC62.5;NAUMANN_CAL_T40_SOC75,NAUMANN_CAL_T25_SOC50;NAUMANN_CAL_T40_SOC0;NAUMANN_CAL_T40_SOC50;NAUMANN_CAL_T40_SOC87.5,6,4,5,1,3,1
187,partition_187_7c866c19c1aa,NAUMANN_CAL_T40_SOC100;NAUMANN_CAL_T40_SOC12.5;NAUMANN_CAL_T40_SOC25;NAUMANN_CAL_T40_SOC37.5;NAUMANN_CAL_T40_SOC62.5;NAUMANN_CAL_T40_SOC87.5,NAUMANN_CAL_T25_SOC50;NAUMANN_CAL_T40_SOC0;NAUMANN_CAL_T40_SOC50;NAUMANN_CAL_T40_SOC75,6,4,5,1,3,1
188,partition_188_fb5e5ca00a15,NAUMANN_CAL_T40_SOC100;NAUMANN_CAL_T40_SOC12.5;NAUMANN_CAL_T40_SOC25;NAUMANN_CAL_T40_SOC37.5;NAUMANN_CAL_T40_SOC75;NAUMANN_CAL_T40_SOC87.5,NAUMANN_CAL_T25_SOC50;NAUMANN_CAL_T40_SOC0;NAUMANN_CAL_T40_SOC50;NAUMANN_CAL_T40_SOC62.5,6,4,5,1,3,1
189,partition_189_1d76a15aa8a7,NAUMANN_CAL_T40_SOC100;NAUMANN_CAL_T40_SOC12.5;NAUMANN_CAL_T40_SOC25;NAUMANN_CAL_T40_SOC50;NAUMANN_CAL_T40_SOC62.5;NAUMANN_CAL_T40_SOC75,NAUMANN_CAL_T25_SOC50;NAUMANN_CAL_T40_SOC0;NAUMANN_CAL_T40_SOC37.5;NAUMANN_CAL_T40_SOC87.5,6,4,5,1,3,1
190,partition_190_f1d7e63de267,NAUMANN_CAL_T40_SOC100;NAUMANN_CAL_T40_SOC12.5;NAUMANN_CAL_T40_SOC25;NAUMANN_CAL_T40_SOC50;NAUMANN_CAL_T40_SOC62.5;NAUMANN_CAL_T40_SOC87.5,NAUMANN_CAL_T25_SOC50;NAUMANN_CAL_T40_SOC0;NAUMANN_CAL_T40_SOC37.5;NAUMANN_CAL_T40_SOC75,6,4,5,1,3,1
191,partition_191_2787f2d37cdb,NAUMANN_CAL_T40_SOC100;NAUMANN_CAL_T40_SOC12.5;NAUMANN_CAL_T40_SOC25;NAUMANN_CAL_T40_SOC50;NAUMANN_CAL_T40_SOC75;NAUMANN_CAL_T40_SOC87.5,NAUMANN_CAL_T25_SOC50;NAUMANN_CAL_T40_SOC0;NAUMANN_CAL_T40_SOC37.5;NAUMANN_CAL_T40_SOC62.5,6,4,5,1,3,1
192,partition_192_c6e86c97af12,NAUMANN_CAL_T40_SOC100;NAUMANN_CAL_T40_SOC12.5;NAUMANN_CAL_T40_SOC25;NAUMANN_CAL_T40_SOC62.5;NAUMANN_CAL_T40_SOC75;NAUMANN_CAL_T40_SOC87.5,NAUMANN_CAL_T25_SOC50;NAUMANN_CAL_T40_SOC0;NAUMANN_CAL_T40_SOC37.5;NAUMANN_CAL_T40_SOC50,6,4,5,1,3,1
193,partition_193_87c26a7f62f3,NAUMANN_CAL_T40_SOC100;NAUMANN_CAL_T40_SOC12.5;NAUMANN_CAL_T40_SOC37.5;NAUMANN_CAL_T40_SOC50;NAUMANN_CAL_T40_SOC62.5;NAUMANN_CAL_T40_SOC75,NAUMANN_CAL_T25_SOC50;NAUMANN_CAL_T40_SOC0;NAUMANN_CAL_T40_SOC25;NAUMANN_CAL_T40_SOC87.5,6,4,5,1,3,1
194,partition_194_6d57fd69c4da,NAUMANN_CAL_T40_SOC100;NAUMANN_CAL_T40_SOC12.5;NAUMANN_CAL_T40_SOC37.5;NAUMANN_CAL_T40_SOC50;NAUMANN_CAL_T40_SOC62.5;NAUMANN_CAL_T40_SOC87.5,NAUMANN_CAL_T25_SOC50;NAUMANN_CAL_T40_SOC0;NAUMANN_CAL_T40_SOC25;NAUMANN_CAL_T40_SOC75,6,4,5,1,3,1
195,partition_195_05741b225256,NAUMANN_CAL_T40_SOC100;NAUMANN_CAL_T40_SOC12.5;NAUMANN_CAL_T40_SOC37.5;NAUMANN_CAL_T40_SOC50;NAUMANN_CAL_T40_SOC75;NAUMANN_CAL_T40_SOC87.5,NAUMANN_CAL_T25_SOC50;NAUMANN_CAL_T40_SOC0;NAUMANN_CAL_T40_SOC25;NAUMANN_CAL_T40_SOC62.5,6,4,5,1,3,1
196,partition_196_cefadf328a46,NAUMANN_CAL_T40_SOC100;NAUMANN_CAL_T40_SOC12.5;NAUMANN_CAL_T40_SOC37.5;NAUMANN_CAL_T40_SOC62.5;NAUMANN_CAL_T40_SOC75;NAUMANN_CAL_T40_SOC87.5,NAUMANN_CAL_T25_SOC50;NAUMANN_CAL_T40_SOC0;NAUMANN_CAL_T40_SOC25;NAUMANN_CAL_T40_SOC50,6,4,5,1,3,1
197,partition_197_5263acf8cdd6,NAUMANN_CAL_T40_SOC100;NAUMANN_CAL_T40_SOC12.5;NAUMANN_CAL_T40_SOC50;NAUMANN_CAL_T40_SOC62.5;NAUMANN_CAL_T40_SOC75;NAUMANN_CAL_T40_SOC87.5,NAUMANN_CAL_T25_SOC50;NAUMANN_CAL_T40_SOC0;NAUMANN_CAL_T40_SOC25;NAUMANN_CAL_T40_SOC37.5,6,4,5,1,3,1
198,partition_198_26be078f4f91,NAUMANN_CAL_T40_SOC100;NAUMANN_CAL_T40_SOC25;NAUMANN_CAL_T40_SOC37.5;NAUMANN_CAL_T40_SOC50;NAUMANN_CAL_T40_SOC62.5;NAUMANN_CAL_T40_SOC75,NAUMANN_CAL_T25_SOC50;NAUMANN_CAL_T40_SOC0;NAUMANN_CAL_T40_SOC12.5;NAUMANN_CAL_T40_SOC87.5,6,4,6,0,2,2
199,partition_199_dc5bf9437a94,NAUMANN_CAL_T40_SOC100;NAUMANN_CAL_T40_SOC25;NAUMANN_CAL_T40_SOC37.5;NAUMANN_CAL_T40_SOC50;NAUMANN_CAL_T40_SOC62.5;NAUMANN_CAL_T40_SOC87.5,NAUMANN_CAL_T25_SOC50;NAUMANN_CAL_T40_SOC0;NAUMANN_CAL_T40_SOC12.5;NAUMANN_CAL_T40_SOC75,6,4,6,0,2,2
200,partition_200_74db66604272,NAUMANN_CAL_T40_SOC100;NAUMANN_CAL_T40_SOC25;NAUMANN_CAL_T40_SOC37.5;NAUMANN_CAL_T40_SOC50;NAUMANN_CAL_T40_SOC75;NAUMANN_CAL_T40_SOC87.5,NAUMANN_CAL_T25_SOC50;NAUMANN_CAL_T40_SOC0;NAUMANN_CAL_T40_SOC12.5;NAUMANN_CAL_T40_SOC62.5,6,4,6,0,2,2
201,partition_201_7aa100c34764,NAUMANN_CAL_T40_SOC100;NAUMANN_CAL_T40_SOC25;NAUMANN_CAL_T40_SOC37.5;NAUMANN_CAL_T40_SOC62.5;NAUMANN_CAL_T40_SOC75;NAUMANN_CAL_T40_SOC87.5,NAUMANN_CAL_T25_SOC50;NAUMANN_CAL_T40_SOC0;NAUMANN_CAL_T40_SOC12.5;NAUMANN_CAL_T40_SOC50,6,4,6,0,2,2
202,partition_202_f2bcaaba9252,NAUMANN_CAL_T40_SOC100;NAUMANN_CAL_T40_SOC25;NAUMANN_CAL_T40_SOC50;NAUMANN_CAL_T40_SOC62.5;NAUMANN_CAL_T40_SOC75;NAUMANN_CAL_T40_SOC87.5,NAUMANN_CAL_T25_SOC50;NAUMANN_CAL_T40_SOC0;NAUMANN_CAL_T40_SOC12.5;NAUMANN_CAL_T40_SOC37.5,6,4,6,0,2,2
203,partition_203_7ad2a1643ddb,NAUMANN_CAL_T40_SOC100;NAUMANN_CAL_T40_SOC37.5;NAUMANN_CAL_T40_SOC50;NAUMANN_CAL_T40_SOC62.5;NAUMANN_CAL_T40_SOC75;NAUMANN_CAL_T40_SOC87.5,NAUMANN_CAL_T25_SOC50;NAUMANN_CAL_T40_SOC0;NAUMANN_CAL_T40_SOC12.5;NAUMANN_CAL_T40_SOC25,6,4,6,0,2,2
204,partition_204_7d030a3dc9e9,NAUMANN_CAL_T40_SOC12.5;NAUMANN_CAL_T40_SOC25;NAUMANN_CAL_T40_SOC37.5;NAUMANN_CAL_T40_SOC50;NAUMANN_CAL_T40_SOC62.5;NAUMANN_CAL_T40_SOC75,NAUMANN_CAL_T25_SOC50;NAUMANN_CAL_T40_SOC0;NAUMANN_CAL_T40_SOC100;NAUMANN_CAL_T40_SOC87.5,6,4,5,1,3,1
205,partition_205_898329cb6a93,NAUMANN_CAL_T40_SOC12.5;NAUMANN_CAL_T40_SOC25;NAUMANN_CAL_T40_SOC37.5;NAUMANN_CAL_T40_SOC50;NAUMANN_CAL_T40_SOC62.5;NAUMANN_CAL_T40_SOC87.5,NAUMANN_CAL_T25_SOC50;NAUMANN_CAL_T40_SOC0;NAUMANN_CAL_T40_SOC100;NAUMANN_CAL_T40_SOC75,6,4,5,1,3,1
206,partition_206_cbe50bfbac52,NAUMANN_CAL_T40_SOC12.5;NAUMANN_CAL_T40_SOC25;NAUMANN_CAL_T40_SOC37.5;NAUMANN_CAL_T40_SOC50;NAUMANN_CAL_T40_SOC75;NAUMANN_CAL_T40_SOC87.5,NAUMANN_CAL_T25_SOC50;NAUMANN_CAL_T40_SOC0;NAUMANN_CAL_T40_SOC100;NAUMANN_CAL_T40_SOC62.5,6,4,5,1,3,1
207,partition_207_03edecf590db,NAUMANN_CAL_T40_SOC12.5;NAUMANN_CAL_T40_SOC25;NAUMANN_CAL_T40_SOC37.5;NAUMANN_CAL_T40_SOC62.5;NAUMANN_CAL_T40_SOC75;NAUMANN_CAL_T40_SOC87.5,NAUMANN_CAL_T25_SOC50;NAUMANN_CAL_T40_SOC0;NAUMANN_CAL_T40_SOC100;NAUMANN_CAL_T40_SOC50,6,4,5,1,3,1
208,partition_208_d24c39bded8b,NAUMANN_CAL_T40_SOC12.5;NAUMANN_CAL_T40_SOC25;NAUMANN_CAL_T40_SOC50;NAUMANN_CAL_T40_SOC62.5;NAUMANN_CAL_T40_SOC75;NAUMANN_CAL_T40_SOC87.5,NAUMANN_CAL_T25_SOC50;NAUMANN_CAL_T40_SOC0;NAUMANN_CAL_T40_SOC100;NAUMANN_CAL_T40_SOC37.5,6,4,5,1,3,1
209,partition_209_862127b8a94a,NAUMANN_CAL_T40_SOC12.5;NAUMANN_CAL_T40_SOC37.5;NAUMANN_CAL_T40_SOC50;NAUMANN_CAL_T40_SOC62.5;NAUMANN_CAL_T40_SOC75;NAUMANN_CAL_T40_SOC87.5,NAUMANN_CAL_T25_SOC50;NAUMANN_CAL_T40_SOC0;NAUMANN_CAL_T40_SOC100;NAUMANN_CAL_T40_SOC25,6,4,5,1,3,1
210,partition_210_ba2b0194b2df,NAUMANN_CAL_T40_SOC25;NAUMANN_CAL_T40_SOC37.5;NAUMANN_CAL_T40_SOC50;NAUMANN_CAL_T40_SOC62.5;NAUMANN_CAL_T40_SOC75;NAUMANN_CAL_T40_SOC87.5,NAUMANN_CAL_T25_SOC50;NAUMANN_CAL_T40_SOC0;NAUMANN_CAL_T40_SOC100;NAUMANN_CAL_T40_SOC12.5,6,4,6,0,2,2
