cell_id,previous_prefix_cycle,current_prefix_cycle,candidate_id,candidate_family,history_row_count,future_row_count,base_trajectory_mae_pp,updated_trajectory_mae_pp,delta_mae_pp,mean_absolute_correction_pp,maximum_absolute_correction_pp,selected_candidate_id,selection_fit_cell_count
MATR_B1C1,20,40,offset_median_all_a0p25,robust_offset,20,260,0.054112707891970153,0.037485468324550852,-0.016627239567419301,0.033458111060976847,0.033458111060976847,offset_median_all_a0p25,40
MATR_B1C11,20,40,offset_median_all_a0p25,robust_offset,20,260,0.023925809845938336,0.02045801325700777,-0.0034677965889305662,0.0081720327104495283,0.0081720327104495283,offset_median_all_a0p25,40
MATR_B1C15,20,40,offset_median_all_a0p25,robust_offset,20,260,0.046576300973382535,0.042149036992140274,-0.0044272639812422618,0.008778984198107409,0.008778984198107409,offset_median_all_a0p25,40
MATR_B1C17,20,40,offset_median_all_a0p25,robust_offset,20,260,0.061634811446641069,0.060547011431354256,-0.0010878000152868134,0.0035586385203991711,0.0035586385203991711,offset_median_all_a0p25,40
MATR_B1C19,20,40,offset_median_all_a0p25,robust_offset,20,260,0.1632143929298982,0.16328986022311948,7.5467293221276321e-05,0.00010219529290367291,0.00010219529290367291,offset_median_all_a0p25,40
MATR_B1C21,20,40,offset_median_all_a0p25,robust_offset,20,260,0.7813178443782981,0.79954741908248284,0.018229574704184737,0.018594912432707389,0.018594912432707389,offset_median_all_a0p25,40
MATR_B1C24,20,40,offset_median_all_a0p25,robust_offset,20,260,0.15115222009104687,0.15270228716606968,0.0015500670750228096,0.0016116509032730875,0.0016116509032730875,offset_median_all_a0p25,40
MATR_B1C26,20,40,offset_median_all_a0p25,robust_offset,20,260,0.037496072690160309,0.03729297705055195,-0.00020309563960835969,0.00042719020707693289,0.00042719020707693289,offset_median_all_a0p25,40
MATR_B1C28,20,40,offset_median_all_a0p25,robust_offset,20,260,0.13012792097045658,0.12798426533623905,-0.0021436556342175339,0.0021942931688858636,0.0021942931688858636,offset_median_all_a0p25,40
MATR_B1C3,20,40,offset_median_all_a0p25,robust_offset,20,260,0.068842839939948205,0.052830961708561941,-0.016011878231386265,0.016180927283720337,0.016180927283720337,offset_median_all_a0p25,40
MATR_B1C30,20,40,offset_median_all_a0p25,robust_offset,20,260,0.0230918077703029,0.022753468174715318,-0.00033833959558758273,0.0017577841453224607,0.0017577841453224607,offset_median_all_a0p25,40
MATR_B1C32,20,40,offset_median_all_a0p25,robust_offset,20,260,0.013889397497037837,0.014146726225806323,0.00025732872876848591,0.0013856714909152856,0.0013856714909152856,offset_median_all_a0p25,40
MATR_B1C34,20,40,offset_median_all_a0p25,robust_offset,20,260,0.1221616770839616,0.12103672075036491,-0.0011249563335966883,0.0013095527959716691,0.0013095527959716691,offset_median_all_a0p25,40
MATR_B1C36,20,40,offset_median_all_a0p25,robust_offset,20,260,0.022724628881940299,0.022702095732152552,-2.253314978774637e-05,8.8766953714625174e-05,8.8766953714625174e-05,offset_median_all_a0p25,40
MATR_B1C38,20,40,offset_median_all_a0p25,robust_offset,20,260,0.090380813098921653,0.08972244892318354,-0.00065836417573811312,0.00083094507617786917,0.00083094507617786917,offset_median_all_a0p25,40
MATR_B1C40,20,40,offset_median_all_a0p25,robust_offset,20,260,0.037844062667159103,0.03932279953288019,0.0014787368657210864,0.0045922890868563826,0.0045922890868563826,offset_median_all_a0p25,40
MATR_B1C42,20,40,offset_median_all_a0p25,robust_offset,20,260,0.036461434999464727,0.036436911133776728,-2.4523865687998969e-05,0.00045544321992530001,0.00045544321992530001,offset_median_all_a0p25,40
MATR_B1C44,20,40,offset_median_all_a0p25,robust_offset,20,260,0.30678699357773653,0.31297646950408453,0.0061894759263479981,0.0072787934806974874,0.0072787934806974874,offset_median_all_a0p25,40
MATR_B1C5,20,40,offset_median_all_a0p25,robust_offset,20,260,0.070616235078299144,0.073074378506718704,0.0024581434284195597,0.0026629887141265129,0.0026629887141265129,offset_median_all_a0p25,40
MATR_B1C7,20,40,offset_median_all_a0p25,robust_offset,20,260,0.025319013214136387,0.022743905958303782,-0.0025751072558326052,0.017053927562258764,0.017053927562258764,offset_median_all_a0p25,40
MATR_B2C0,20,40,offset_median_all_a0p25,robust_offset,20,260,4.3656367308626383,4.3541642899655031,-0.011472440897135172,0.012968846231547815,0.012968846231547815,offset_median_all_a0p25,40
MATR_B2C11,20,40,offset_median_all_a0p25,robust_offset,20,260,0.21402706285380257,0.21190336103545698,-0.0021237018183455914,0.0083918665462316966,0.0083918665462316966,offset_median_all_a0p25,40
MATR_B2C13,20,40,offset_median_all_a0p25,robust_offset,20,260,0.21702834990084788,0.21701324243484979,-1.5107465998087655e-05,0.0052459825860111664,0.0052459825860111664,offset_median_all_a0p25,40
MATR_B2C17,20,40,offset_median_all_a0p25,robust_offset,20,260,0.21095829440674593,0.2876484391466898,0.076690144739943872,0.081586015988442284,0.081586015988442284,offset_median_all_a0p25,40
MATR_B2C19,20,40,offset_median_all_a0p25,robust_offset,20,260,1.6561152402253398,1.6549525859053482,-0.0011626543199916295,0.0011716671441739379,0.0011716671441739379,offset_median_all_a0p25,40
MATR_B2C2,20,40,offset_median_all_a0p25,robust_offset,20,260,0.38809419418078606,0.3937466086703289,0.0056524144895428452,0.0058380017669126261,0.0058380017669126261,offset_median_all_a0p25,40
MATR_B2C21,20,40,offset_median_all_a0p25,robust_offset,20,260,0.065994996701829442,0.056897336587077192,-0.0090976601147522498,0.017980908134656914,0.017980908134656914,offset_median_all_a0p25,40
MATR_B2C23,20,40,offset_median_all_a0p25,robust_offset,20,260,0.80502167128116842,0.78905818798965499,-0.015963483291513425,0.016087231224011234,0.016087231224011234,offset_median_all_a0p25,40
MATR_B2C25,20,40,offset_median_all_a0p25,robust_offset,20,260,0.5091624182711878,0.48644157458995585,-0.02272084368123195,0.022896974252407887,0.022896974252407887,offset_median_all_a0p25,40
MATR_B2C27,20,40,offset_median_all_a0p25,robust_offset,20,260,0.43142363536572642,0.43023273817376606,-0.0011908971919603606,0.0012095049605829189,0.0012095049605829189,offset_median_all_a0p25,40
MATR_B2C29,20,40,offset_median_all_a0p25,robust_offset,20,260,0.36395523521226347,0.34868807974259131,-0.015267155469672167,0.016029881748655939,0.016029881748655939,offset_median_all_a0p25,40
MATR_B2C31,20,40,offset_median_all_a0p25,robust_offset,20,260,0.046996313515771743,0.045152516845711248,-0.0018437966700604949,0.0024451309161026558,0.0024451309161026558,offset_median_all_a0p25,40
MATR_B2C33,20,40,offset_median_all_a0p25,robust_offset,20,260,0.60951557107458387,0.6072359634914789,-0.00227960758310497,0.0023202309167356105,0.0023202309167356105,offset_median_all_a0p25,40
MATR_B2C35,20,40,offset_median_all_a0p25,robust_offset,20,260,0.14573156670469486,0.1431849381304621,-0.0025466285742327677,0.0027284293034650631,0.0027284293034650631,offset_median_all_a0p25,40
MATR_B2C37,20,40,offset_median_all_a0p25,robust_offset,20,260,0.35194107684858483,0.35170913598000186,-0.00023194086858296936,0.00023930407076377946,0.00023930407076377946,offset_median_all_a0p25,40
MATR_B2C39,20,40,offset_median_all_a0p25,robust_offset,20,260,0.053962899749796324,0.046577356327705606,-0.0073855434220907179,0.0091048503572093153,0.0091048503572093153,offset_median_all_a0p25,40
MATR_B2C4,20,40,offset_median_all_a0p25,robust_offset,20,260,0.34542316655869471,0.34872166895108336,0.0032985023923886581,0.0053142987353922422,0.0053142987353922422,offset_median_all_a0p25,40
MATR_B2C41,20,40,offset_median_all_a0p25,robust_offset,20,260,0.38268922618343776,0.3966950694766872,0.014005843293249443,0.01435143707550246,0.01435143707550246,offset_median_all_a0p25,40
MATR_B2C43,20,40,offset_median_all_a0p25,robust_offset,20,260,0.13891055620317658,0.1220369137959836,-0.016873642407192982,0.017532195651886795,0.017532195651886795,offset_median_all_a0p25,40
MATR_B2C45,20,40,offset_median_all_a0p25,robust_offset,20,260,0.047209627534841904,0.050508703252877644,0.0032990757180357405,0.0051960052395738643,0.0051960052395738643,offset_median_all_a0p25,40
MATR_B2C6,20,40,offset_median_all_a0p25,robust_offset,20,260,0.82199421818665785,0.79958542701889479,-0.022408791167763065,0.024123614789870018,0.024123614789870018,offset_median_all_a0p25,40
MATR_B1C1,40,60,no_update,no_update,20,240,0.064164002622795258,0.064164002622795258,0,0,0,no_update,40
MATR_B1C11,40,60,no_update,no_update,20,240,0.027939337513746606,0.027939337513746606,0,0,0,no_update,40
MATR_B1C15,40,60,no_update,no_update,20,240,0.060860867659238357,0.060860867659238357,0,0,0,no_update,40
MATR_B1C17,40,60,no_update,no_update,20,240,0.55089986886203024,0.55089986886203024,0,0,0,no_update,40
MATR_B1C19,40,60,no_update,no_update,20,240,0.054686490606001094,0.054686490606001094,0,0,0,no_update,40
MATR_B1C21,40,60,no_update,no_update,20,240,0.40372996709829129,0.40372996709829129,0,0,0,no_update,40
MATR_B1C24,40,60,no_update,no_update,20,240,0.14124731315217284,0.14124731315217284,0,0,0,no_update,40
MATR_B1C26,40,60,no_update,no_update,20,240,0.056202986154172525,0.056202986154172525,0,0,0,no_update,40
MATR_B1C28,40,60,no_update,no_update,20,240,0.044126399680058687,0.044126399680058687,0,0,0,no_update,40
MATR_B1C3,40,60,no_update,no_update,20,240,0.026482712901649504,0.026482712901649504,0,0,0,no_update,40
MATR_B1C30,40,60,no_update,no_update,20,240,0.032564152066964107,0.032564152066964107,0,0,0,no_update,40
MATR_B1C32,40,60,no_update,no_update,20,240,0.036300744745117026,0.036300744745117026,0,0,0,no_update,40
MATR_B1C34,40,60,no_update,no_update,20,240,0.018557899824262532,0.018557899824262532,0,0,0,no_update,40
MATR_B1C36,40,60,no_update,no_update,20,240,0.064117617927492834,0.064117617927492834,0,0,0,no_update,40
MATR_B1C38,40,60,no_update,no_update,20,240,0.1975987708806444,0.1975987708806444,0,0,0,no_update,40
MATR_B1C40,40,60,no_update,no_update,20,240,0.045845574799864924,0.045845574799864924,0,0,0,no_update,40
MATR_B1C42,40,60,no_update,no_update,20,240,0.12166192864977141,0.12166192864977141,0,0,0,no_update,40
MATR_B1C44,40,60,no_update,no_update,20,240,0.085498741340224463,0.085498741340224463,0,0,0,no_update,40
MATR_B1C5,40,60,no_update,no_update,20,240,0.11648888414237461,0.11648888414237461,0,0,0,no_update,40
MATR_B1C7,40,60,no_update,no_update,20,240,0.067743498554217699,0.067743498554217699,0,0,0,no_update,40
MATR_B2C0,40,60,no_update,no_update,20,240,4.2509818071813079,4.2509818071813079,0,0,0,no_update,40
MATR_B2C11,40,60,no_update,no_update,20,240,0.21348815434559279,0.21348815434559279,0,0,0,no_update,40
MATR_B2C13,40,60,no_update,no_update,20,240,0.24502021881148886,0.24502021881148886,0,0,0,no_update,40
MATR_B2C17,40,60,no_update,no_update,20,240,0.23136943571417562,0.23136943571417562,0,0,0,no_update,40
MATR_B2C19,40,60,no_update,no_update,20,240,1.0992755652189916,1.0992755652189916,0,0,0,no_update,40
MATR_B2C2,40,60,no_update,no_update,20,240,0.26194749043696591,0.26194749043696591,0,0,0,no_update,40
MATR_B2C21,40,60,no_update,no_update,20,240,0.15462082292202772,0.15462082292202772,0,0,0,no_update,40
MATR_B2C23,40,60,no_update,no_update,20,240,0.69106579912190313,0.69106579912190313,0,0,0,no_update,40
MATR_B2C25,40,60,no_update,no_update,20,240,0.50547737231156287,0.50547737231156287,0,0,0,no_update,40
MATR_B2C27,40,60,no_update,no_update,20,240,0.36897066194897038,0.36897066194897038,0,0,0,no_update,40
MATR_B2C29,40,60,no_update,no_update,20,240,0.2234489622420637,0.2234489622420637,0,0,0,no_update,40
MATR_B2C31,40,60,no_update,no_update,20,240,0.22277747652867461,0.22277747652867461,0,0,0,no_update,40
MATR_B2C33,40,60,no_update,no_update,20,240,0.40540734841760229,0.40540734841760229,0,0,0,no_update,40
MATR_B2C35,40,60,no_update,no_update,20,240,0.066319089912165494,0.066319089912165494,0,0,0,no_update,40
MATR_B2C37,40,60,no_update,no_update,20,240,0.085684619855385516,0.085684619855385516,0,0,0,no_update,40
MATR_B2C39,40,60,no_update,no_update,20,240,0.037329948792434092,0.037329948792434092,0,0,0,no_update,40
MATR_B2C4,40,60,no_update,no_update,20,240,0.26570402319791459,0.26570402319791459,0,0,0,no_update,40
MATR_B2C41,40,60,no_update,no_update,20,240,0.10885710849708155,0.10885710849708155,0,0,0,no_update,40
MATR_B2C43,40,60,no_update,no_update,20,240,0.026531201063212547,0.026531201063212547,0,0,0,no_update,40
MATR_B2C45,40,60,no_update,no_update,20,240,0.11205117839226161,0.11205117839226161,0,0,0,no_update,40
MATR_B2C6,40,60,no_update,no_update,20,240,0.73156163482937486,0.73156163482937486,0,0,0,no_update,40
MATR_B1C1,60,100,no_update,no_update,40,200,0.015272746986010546,0.015272746986010546,0,0,0,no_update,40
MATR_B1C11,60,100,no_update,no_update,40,200,0.025372970837373075,0.025372970837373075,0,0,0,no_update,40
MATR_B1C15,60,100,no_update,no_update,40,200,0.066659119260425323,0.066659119260425323,0,0,0,no_update,40
MATR_B1C17,60,100,no_update,no_update,40,200,0.020693679898520115,0.020693679898520115,0,0,0,no_update,40
MATR_B1C19,60,100,no_update,no_update,40,200,0.039933877521312271,0.039933877521312271,0,0,0,no_update,40
MATR_B1C21,60,100,no_update,no_update,40,200,0.33366016873665749,0.33366016873665749,0,0,0,no_update,40
MATR_B1C24,60,100,no_update,no_update,40,200,0.066661887291639771,0.066661887291639771,0,0,0,no_update,40
MATR_B1C26,60,100,no_update,no_update,40,200,0.19725809373011458,0.19725809373011458,0,0,0,no_update,40
MATR_B1C28,60,100,no_update,no_update,40,200,0.048017158345262698,0.048017158345262698,0,0,0,no_update,40
MATR_B1C3,60,100,no_update,no_update,40,200,0.015533999001434253,0.015533999001434253,0,0,0,no_update,40
MATR_B1C30,60,100,no_update,no_update,40,200,0.070532207167319713,0.070532207167319713,0,0,0,no_update,40
MATR_B1C32,60,100,no_update,no_update,40,200,0.011378142384698649,0.011378142384698649,0,0,0,no_update,40
MATR_B1C34,60,100,no_update,no_update,40,200,0.032743669833994744,0.032743669833994744,0,0,0,no_update,40
MATR_B1C36,60,100,no_update,no_update,40,200,0.071403445869863164,0.071403445869863164,0,0,0,no_update,40
MATR_B1C38,60,100,no_update,no_update,40,200,0.046714579981954073,0.046714579981954073,0,0,0,no_update,40
MATR_B1C40,60,100,no_update,no_update,40,200,0.017102463355051327,0.017102463355051327,0,0,0,no_update,40
MATR_B1C42,60,100,no_update,no_update,40,200,0.051546086478376052,0.051546086478376052,0,0,0,no_update,40
MATR_B1C44,60,100,no_update,no_update,40,200,0.08651913830275014,0.08651913830275014,0,0,0,no_update,40
MATR_B1C5,60,100,no_update,no_update,40,200,0.032472741853906015,0.032472741853906015,0,0,0,no_update,40
MATR_B1C7,60,100,no_update,no_update,40,200,0.024558758880006835,0.024558758880006835,0,0,0,no_update,40
MATR_B2C0,60,100,no_update,no_update,40,200,4.0553514012912846,4.0553514012912846,0,0,0,no_update,40
MATR_B2C11,60,100,no_update,no_update,40,200,0.30354209935398885,0.30354209935398885,0,0,0,no_update,40
MATR_B2C13,60,100,no_update,no_update,40,200,0.34565201252327671,0.34565201252327671,0,0,0,no_update,40
MATR_B2C17,60,100,no_update,no_update,40,200,0.16649652706804852,0.16649652706804852,0,0,0,no_update,40
MATR_B2C19,60,100,no_update,no_update,40,200,0.39668591731033848,0.39668591731033848,0,0,0,no_update,40
MATR_B2C2,60,100,no_update,no_update,40,200,0.21375919505575042,0.21375919505575042,0,0,0,no_update,40
MATR_B2C21,60,100,no_update,no_update,40,200,0.2231231775777337,0.2231231775777337,0,0,0,no_update,40
MATR_B2C23,60,100,no_update,no_update,40,200,0.70265171311728947,0.70265171311728947,0,0,0,no_update,40
MATR_B2C25,60,100,no_update,no_update,40,200,0.053068381687329164,0.053068381687329164,0,0,0,no_update,40
MATR_B2C27,60,100,no_update,no_update,40,200,0.10246328014062243,0.10246328014062243,0,0,0,no_update,40
MATR_B2C29,60,100,no_update,no_update,40,200,0.093872113884813618,0.093872113884813618,0,0,0,no_update,40
MATR_B2C31,60,100,no_update,no_update,40,200,0.062003680328381987,0.062003680328381987,0,0,0,no_update,40
MATR_B2C33,60,100,no_update,no_update,40,200,0.2151114502920565,0.2151114502920565,0,0,0,no_update,40
MATR_B2C35,60,100,no_update,no_update,40,200,0.05823630525009605,0.05823630525009605,0,0,0,no_update,40
MATR_B2C37,60,100,no_update,no_update,40,200,0.17656570951255682,0.17656570951255682,0,0,0,no_update,40
MATR_B2C39,60,100,no_update,no_update,40,200,0.05505877288868511,0.05505877288868511,0,0,0,no_update,40
MATR_B2C4,60,100,no_update,no_update,40,200,0.46217325397049469,0.46217325397049469,0,0,0,no_update,40
MATR_B2C41,60,100,no_update,no_update,40,200,0.21319275331089116,0.21319275331089116,0,0,0,no_update,40
MATR_B2C43,60,100,no_update,no_update,40,200,0.1549750344609177,0.1549750344609177,0,0,0,no_update,40
MATR_B2C45,60,100,no_update,no_update,40,200,0.12589729161187777,0.12589729161187777,0,0,0,no_update,40
MATR_B2C6,60,100,no_update,no_update,40,200,0.53364665284187596,0.53364665284187596,0,0,0,no_update,40
