paper_split,cell_id,prefix_cycle,gate_triggered,trajectory_mae_pp,empirical_coverage,mean_interval_width_pp,weighted_interval_score
primary_test,MATR_B1C0,20,True,0.94574835695866533,1,9.9753610713802061,0.64776148803222866
primary_test,MATR_B1C0,40,False,0.29759943120664106,0.98076923076923073,1.70083508400516,0.15657334616472252
primary_test,MATR_B1C0,60,False,0.63167504879305503,0.21249999999999999,1.0340038302882357,0.37707004600958344
primary_test,MATR_B1C0,100,False,0.401509406288235,0.48999999999999999,0.72734716600058502,0.23712039339423815
primary_test,MATR_B1C14,20,False,0.061792077341717801,1,1.4034076306605567,0.067377613469257816
primary_test,MATR_B1C14,40,False,0.03485244985879736,1,0.75799886866574029,0.036884112241790445
primary_test,MATR_B1C14,60,False,0.073709568629562655,0.99583333333333335,0.3563935545009419,0.036461929611099224
primary_test,MATR_B1C14,100,False,0.013499194102152643,1,0.23942600186311636,0.012480598096154759
primary_test,MATR_B1C16,20,False,0.43816696268518857,0.99285714285714288,1.5296329365380923,0.19715334039178145
primary_test,MATR_B1C16,40,False,0.060344688146178965,0.99230769230769234,1.0119274264741505,0.054087634131642408
primary_test,MATR_B1C16,60,False,0.059260080103689522,0.98333333333333328,0.76933666148117341,0.045710948423253739
primary_test,MATR_B1C16,100,False,0.063039958919927988,0.995,0.32537277767692402,0.031878252225443285
primary_test,MATR_B1C2,20,False,0.12884635445907752,1,1.3314772182225945,0.087331358760445663
primary_test,MATR_B1C2,40,False,0.053386783167094186,1,0.78613187038003163,0.043999990068365774
primary_test,MATR_B1C2,60,False,0.032929474379738956,1,0.92614126614887649,0.04184786699820886
primary_test,MATR_B1C2,100,False,0.013978672235441962,1,0.36377947516917658,0.016785539917453206
primary_test,MATR_B1C20,20,False,0.56016177866859396,1,6.7448302723717184,0.41154826863525518
primary_test,MATR_B1C20,40,False,0.74648436931715212,1,6.0685026638004169,0.45111154523239794
primary_test,MATR_B1C20,60,False,0.49936652899983996,1,5.8554107715670645,0.36163586871884873
primary_test,MATR_B1C20,100,False,0.32678567127293995,1,6.2494199648024065,0.31724255591772682
primary_test,MATR_B1C23,20,False,0.069171121452677245,0.98928571428571432,0.35387867474140355,0.035251478585885392
primary_test,MATR_B1C23,40,False,0.11337013688894435,0.95769230769230773,0.35473242971066204,0.049937082438259867
primary_test,MATR_B1C23,60,False,0.15069514652461979,0.29166666666666669,0.26038502896356697,0.080001907893702526
primary_test,MATR_B1C23,100,False,0.01612140436139441,1,0.56572135899725362,0.024231180087039918
primary_test,MATR_B1C25,20,False,0.13445088722945323,0.99642857142857144,1.0922247121835837,0.081368487298527706
primary_test,MATR_B1C25,40,False,0.077619435378765797,1,0.55453874721806506,0.044357770033524091
primary_test,MATR_B1C25,60,False,0.037649387036261514,0.99583333333333335,0.2756315075013035,0.021792762408905441
primary_test,MATR_B1C25,100,False,0.071455542308435802,0.95499999999999996,0.30520111378239123,0.034195028517607716
primary_test,MATR_B1C27,20,False,0.043604203093167065,0.99285714285714288,0.18464653849716187,0.020721794378600663
primary_test,MATR_B1C27,40,False,0.02193561980478374,0.98076923076923073,0.27347695081312728,0.016632905199111567
primary_test,MATR_B1C27,60,False,0.04066599375808598,0.99583333333333335,0.25953787665597911,0.022215606594130594
primary_test,MATR_B1C27,100,False,0.04123104777268452,0.98499999999999999,0.22231097570728026,0.021311360160012675
primary_test,MATR_B1C29,20,False,0.016306252788577575,1,0.25699777705052257,0.014002010164543275
primary_test,MATR_B1C29,40,False,0.02507015436060266,1,0.27486422323984244,0.017518858894862297
primary_test,MATR_B1C29,60,False,0.015174656269953957,1,0.1880384442784962,0.011326166899267857
primary_test,MATR_B1C29,100,False,0.04029715542762375,0.83999999999999997,0.15565641026864852,0.019660586896533251
primary_test,MATR_B1C31,20,False,0.0653634953929704,0.96785714285714286,0.33557468078074165,0.034260194728372134
primary_test,MATR_B1C31,40,False,0.54753877746236235,1,2.7311697482595623,0.27355191742943952
primary_test,MATR_B1C31,60,False,0.11754396254441689,0.9916666666666667,0.70249525079078112,0.062806768701676494
primary_test,MATR_B1C31,100,False,0.030562773161731796,0.94499999999999995,0.20499739029908581,0.019020086525964174
primary_test,MATR_B1C33,20,False,0.097168445012297155,0.58571428571428574,0.2507568279860703,0.051447836915482603
primary_test,MATR_B1C33,40,False,0.049971297158315657,0.99615384615384617,0.79587378497794692,0.043225875677708331
primary_test,MATR_B1C33,60,False,0.023326813876445071,0.99583333333333335,0.39961969774228429,0.021199776821198592
primary_test,MATR_B1C33,100,False,0.042220812217551112,0.995,0.46881018158394072,0.029742320472230153
primary_test,MATR_B1C35,20,False,0.056010532852345307,0.99642857142857144,0.35436713280612803,0.030485891980081663
primary_test,MATR_B1C35,40,False,0.044888836857313937,0.9884615384615385,0.65182758969013921,0.036769429692128486
primary_test,MATR_B1C35,60,False,0.044421780304327523,0.9916666666666667,0.30337114380472807,0.025247283406978904
primary_test,MATR_B1C35,100,False,0.056710535100577032,0.995,0.65592075584952636,0.040952056177562222
primary_test,MATR_B1C37,20,False,0.088708496266275708,0.79642857142857137,0.23226182217016172,0.042884043711117203
primary_test,MATR_B1C37,40,False,0.075350676994090773,0.72307692307692306,0.19342312332511835,0.039569271300079818
primary_test,MATR_B1C37,60,False,0.11459933289195584,0.42083333333333334,0.2203347694090006,0.062291002955578163
primary_test,MATR_B1C37,100,False,0.11537746637036569,0.27500000000000002,0.16083594564580495,0.076620252945774542
primary_test,MATR_B1C39,20,False,0.035302238278954991,1,0.30697457175272325,0.021999898484742434
primary_test,MATR_B1C39,40,False,0.051871288470514212,0.99615384615384617,0.3242829872054746,0.028119192384287152
primary_test,MATR_B1C39,60,False,0.018698716499022616,1,0.2417354122440564,0.014290752574476085
primary_test,MATR_B1C39,100,False,0.043757279729208134,0.93000000000000005,0.14772232810609182,0.019789918573887785
primary_test,MATR_B1C4,20,False,0.076886654179760081,1,1.6012335510416513,0.079003336427975066
primary_test,MATR_B1C4,40,False,0.051966589044992489,1,1.1489977776313849,0.055622122269376982
primary_test,MATR_B1C4,60,False,0.028655694359161821,1,0.90800972884972575,0.03981888908137813
primary_test,MATR_B1C4,100,False,0.043482107159113853,1,0.60483339891056997,0.034655149016723612
primary_test,MATR_B1C41,20,False,0.020923525604935531,1,0.56392978419794748,0.025772168008243425
primary_test,MATR_B1C41,40,False,0.018180669931304131,1,0.38360426695305244,0.018847032208869789
primary_test,MATR_B1C41,60,False,0.028994398866836354,1,0.23396263623417798,0.017463554163418049
primary_test,MATR_B1C41,100,False,0.034383644768789662,0.995,0.26109702269311186,0.020174738561333623
primary_test,MATR_B1C43,20,False,0.17971286020888444,0.42142857142857143,0.36221995820079522,0.089580601719412942
primary_test,MATR_B1C43,40,False,0.023551452666728232,1,0.62312100245275204,0.028621184304001138
primary_test,MATR_B1C43,60,False,0.053866709632632313,1,0.35608760316541699,0.029825156649724668
primary_test,MATR_B1C43,100,False,0.087476422060433379,0.42999999999999999,0.17678402826871634,0.045193639012664787
primary_test,MATR_B1C45,20,False,0.049419192044144619,1,0.38039956084299137,0.029153049376147915
primary_test,MATR_B1C45,40,False,0.071284529695653409,0.99615384615384617,0.38479438365593677,0.036599244027063167
primary_test,MATR_B1C45,60,False,0.11444089061335276,0.65000000000000002,0.27508188463148536,0.05293473900034007
primary_test,MATR_B1C45,100,False,0.02875839604309597,1,0.26891251257674598,0.018549882433590188
primary_test,MATR_B1C6,20,False,0.092162907176495168,1,3.0649711760756264,0.13288667492801928
primary_test,MATR_B1C6,40,False,0.21049924867745187,1,0.88930263246074048,0.099809837307841959
primary_test,MATR_B1C6,60,False,0.12242487621886683,1,0.77680237483032255,0.06670170456729968
primary_test,MATR_B1C6,100,False,0.034288994251424967,1,1.2086839384351855,0.051719129364981152
primary_test,MATR_B1C9,20,False,0.32698148519458847,1,3.0275519006115834,0.20991222508524895
primary_test,MATR_B1C9,40,False,0.15649506053680612,1,1.6734607902705676,0.10794704652128762
primary_test,MATR_B1C9,60,False,0.21090554601081302,1,1.6220618955042052,0.12437057852041115
primary_test,MATR_B1C9,100,False,0.1778527759834872,1,1.2346973411952105,0.10044083670100275
primary_test,MATR_B2C10,20,False,0.48265817630474206,0.72142857142857142,1.6554916132153434,0.25255733548485398
primary_test,MATR_B2C10,40,False,0.1589997038398967,0.99615384615384617,2.4007704769792366,0.16200296020423066
primary_test,MATR_B2C10,60,False,0.12431619777501043,0.99583333333333335,2.2369481238336113,0.1464663756346157
primary_test,MATR_B2C10,100,False,0.29830364334734399,0.995,1.5686262931300572,0.18986665285033111
primary_test,MATR_B2C12,20,False,0.44945045006841466,0.99642857142857144,5.6970462392073502,0.4317710440098641
primary_test,MATR_B2C12,40,False,0.53141324629220654,0.99615384615384617,3.2953555141770483,0.39193707575089209
primary_test,MATR_B2C12,60,False,0.33524310240046601,0.99583333333333335,2.4696377676970798,0.31150662724368383
primary_test,MATR_B2C12,100,False,0.44621912137995379,0.995,2.6803490426203678,0.37852468232893505
primary_test,MATR_B2C14,20,False,0.21738109114061907,1,1.3230529043878285,0.11656212719313394
primary_test,MATR_B2C14,40,False,0.083809735283776984,0.99615384615384617,1.0097233001245722,0.061608943853115779
primary_test,MATR_B2C14,60,False,0.032732226941937684,0.99583333333333335,0.79961727399168159,0.037693666079217057
primary_test,MATR_B2C14,100,False,0.1682770973078079,0.995,1.0922221067025617,0.092504438096459682
primary_test,MATR_B2C18,20,False,0.52960163654641912,0.96785714285714286,2.4242134181864383,0.25807759858524121
primary_test,MATR_B2C18,40,False,0.18369633861266391,0.99615384615384617,2.6733392803665539,0.15038704480116466
primary_test,MATR_B2C18,60,False,0.12597831443639246,0.99583333333333335,1.3355095643831485,0.086524060237963787
primary_test,MATR_B2C18,100,False,0.0816582115064277,1,1.270325544200676,0.069563588642165095
primary_test,MATR_B2C20,20,False,0.60737280630544765,0.99642857142857144,4.4940391549190188,0.36737753697997244
primary_test,MATR_B2C20,40,False,0.15089396474815184,0.92692307692307696,1.2521330336827041,0.11466871738917914
primary_test,MATR_B2C20,60,False,0.087463457411426054,0.98750000000000004,0.94033770246751769,0.084670082190685225
primary_test,MATR_B2C20,100,False,0.14825067527441518,0.83999999999999997,0.51285637732176059,0.10015099923629898
primary_test,MATR_B2C22,20,False,0.14736551267858425,1,1.6852071913280231,0.10529541060379551
primary_test,MATR_B2C22,40,False,0.088587497934417753,1,0.80721644442061791,0.056436380792159846
primary_test,MATR_B2C22,60,False,0.16871976339711955,0.99583333333333335,0.84693964933321098,0.088940143877695957
primary_test,MATR_B2C22,100,False,0.12734202113210585,0.995,1.0430915451323961,0.092411795507330668
primary_test,MATR_B2C24,20,False,0.18787855200293357,0.98571428571428577,1.5131027550288687,0.1132278579592938
primary_test,MATR_B2C24,40,False,0.054829308417408004,0.96923076923076923,1.3013482342915412,0.062010866604279506
primary_test,MATR_B2C24,60,False,0.2243152997208829,0.99583333333333335,1.1506187046382279,0.11318169566043991
primary_test,MATR_B2C24,100,False,0.087085736907368483,0.98499999999999999,0.88748694779113024,0.058656061206796839
primary_test,MATR_B2C26,20,False,0.1918476642618997,1,2.1779727362419052,0.13654831262869674
primary_test,MATR_B2C26,40,False,0.28613145498054793,1,2.1645627497629385,0.16752924331894725
primary_test,MATR_B2C26,60,False,0.064352378323835308,1,1.9588547839460053,0.086745952239478605
primary_test,MATR_B2C26,100,False,0.049792786366828282,0.97999999999999998,1.3305120360319307,0.061078790581234881
primary_test,MATR_B2C28,20,False,0.51067694761989968,0.9642857142857143,1.5723776957813496,0.225259941277309
primary_test,MATR_B2C28,40,False,0.58899081065455339,0.23846153846153847,1.0784350459261904,0.30864409557268291
primary_test,MATR_B2C28,60,False,0.50283698438909596,0.71250000000000002,1.1534475823576993,0.22838724348760492
primary_test,MATR_B2C28,100,False,0.43393683530868793,0.87,1.9332074269840367,0.23353245952683557
primary_test,MATR_B2C3,20,False,2.3908422635417521,1,8.5927080461762912,1.0833710227197937
primary_test,MATR_B2C3,40,False,2.2819383180416737,0.80384615384615388,5.4674516280256569,1.0279987489081261
primary_test,MATR_B2C3,60,False,1.7763025382115762,0.77500000000000002,4.3808934818749288,0.82109776169244386
primary_test,MATR_B2C3,100,False,1.4619726766472967,1,8.2039407649236704,0.7607889177132211
primary_test,MATR_B2C30,20,False,0.089669577341293299,1,2.5117746458894126,0.1136156806434115
primary_test,MATR_B2C30,40,False,0.12352646501481716,0.99615384615384617,0.95881292937966367,0.073261012167404993
primary_test,MATR_B2C30,60,False,0.038047001596136984,0.99583333333333335,0.88574940830041271,0.042354319747338783
primary_test,MATR_B2C30,100,False,0.11430081940326005,0.98999999999999999,0.75014710133196916,0.063227325807822435
primary_test,MATR_B2C32,20,False,0.55546210607291835,0.86785714285714288,1.4531151645967173,0.23833753864178706
primary_test,MATR_B2C32,40,False,0.60779579234836212,0.94615384615384612,2.1926799219175845,0.27679197924984533
primary_test,MATR_B2C32,60,False,0.43679427311519842,0.29166666666666669,0.85708110934737858,0.23477088248661762
primary_test,MATR_B2C32,100,False,0.1246655439851915,0.95999999999999996,0.87562727075710323,0.071996271619288871
primary_test,MATR_B2C34,20,False,0.43390514438474398,0.99642857142857144,6.2635020540785895,0.35342979169488836
primary_test,MATR_B2C34,40,False,0.58855850026924439,0.98461538461538467,2.1630822455655161,0.26852127555048705
primary_test,MATR_B2C34,60,False,0.41820522703663876,0.375,0.963732137947234,0.20268972123480947
primary_test,MATR_B2C34,100,False,0.072770058055613027,0.995,1.4641978628264851,0.073072797494117742
primary_test,MATR_B2C36,20,False,0.32944380754240926,1,4.625489409789215,0.2639975828404435
primary_test,MATR_B2C36,40,False,0.062979022652036379,0.99615384615384617,1.6424445366571083,0.075742673298553595
primary_test,MATR_B2C36,60,False,0.12430023918160107,1,0.99020422956998611,0.074440220712866545
primary_test,MATR_B2C36,100,False,0.067743256095886148,0.95999999999999996,0.81235733395017662,0.05041279896143451
primary_test,MATR_B2C38,20,False,0.052407001411407708,1,2.0575167166648289,0.086052891025963515
primary_test,MATR_B2C38,40,False,0.069026441408383696,1,1.3827418319525324,0.069100208201212293
primary_test,MATR_B2C38,60,False,0.080800835978864838,1,0.79963864433674769,0.053588233470846527
primary_test,MATR_B2C38,100,False,0.033507393741986746,1,0.85906439687545866,0.039804611143177529
primary_test,MATR_B2C40,20,False,0.31127035633124467,0.9821428571428571,1.8095019182708296,0.16539702287043093
primary_test,MATR_B2C40,40,False,0.093548310305255289,0.94615384615384612,1.3914441988042132,0.08341412928010529
primary_test,MATR_B2C40,60,False,0.13850411140361055,0.95416666666666672,1.4603967994613929,0.10066385975595236
primary_test,MATR_B2C40,100,False,0.16860775809639997,0.96499999999999997,1.0936912200862661,0.095572897397540935
primary_test,MATR_B2C42,20,False,0.18649442583020998,1,1.6725145045460779,0.11791529209493921
primary_test,MATR_B2C42,40,False,0.17593621298374537,0.99230769230769234,1.0357477490870832,0.093206852620050004
primary_test,MATR_B2C42,60,False,0.16482570962194362,0.87916666666666665,0.76456006828193701,0.08150143276687026
primary_test,MATR_B2C42,100,False,0.070059049185882641,0.95499999999999996,0.71524163736065982,0.054216433914728759
primary_test,MATR_B2C44,20,False,0.26582419268049895,0.99642857142857144,1.9786981121845324,0.25916445562718504
primary_test,MATR_B2C44,40,False,0.38592920168402484,0.9884615384615385,0.90712485649847119,0.27283231391162099
primary_test,MATR_B2C44,60,False,0.26103115660333054,0.99583333333333335,1.0756067737128667,0.24589969289458838
primary_test,MATR_B2C44,100,False,0.32753754732520307,0.98999999999999999,1.1228788737971431,0.29356412781567065
primary_test,MATR_B2C46,20,False,0.18351885417814995,1,2.3989996097009061,0.14113960504941353
primary_test,MATR_B2C46,40,False,0.12928406620826838,0.99615384615384617,1.0464263835327485,0.077984935772029959
primary_test,MATR_B2C46,60,False,0.073400706831832058,1,1.23435235716014,0.06561198084928202
primary_test,MATR_B2C46,100,False,0.14796329433382369,0.995,1.2838588607349624,0.092147206417346569
primary_test,MATR_B2C47,20,False,0.43609541777800886,1,3.9341736349900258,0.27650426042567045
primary_test,MATR_B2C47,40,False,0.1957364389752265,1,1.6599125166178226,0.1205758968790029
primary_test,MATR_B2C47,60,False,0.41226832757927201,1,1.9871453211329215,0.2036609532308547
primary_test,MATR_B2C47,100,False,0.41827343449574594,0.995,1.2853659441555294,0.18244540475962112
primary_test,MATR_B2C5,20,False,0.12515435480970666,1,1.4472010231035355,0.089958152373353403
primary_test,MATR_B2C5,40,False,0.061960759535225771,1,0.94330992611672204,0.052097250715632648
primary_test,MATR_B2C5,60,False,0.057050254661273968,1,0.72468338060497983,0.043172864240590643
primary_test,MATR_B2C5,100,False,0.032635826101856225,1,0.77008715601974809,0.036548180567943678
secondary_test,MATR_B3C0,20,False,0.17065215574554157,0.98928571428571432,1.5523070020191261,0.10868714746391706
secondary_test,MATR_B3C0,40,False,0.028878094256591862,1,0.60970243499144106,0.029949445918578645
secondary_test,MATR_B3C0,60,False,0.22240121567760335,0.9916666666666667,0.62058084143830572,0.094875281877569009
secondary_test,MATR_B3C0,100,False,0.038147575183904013,0.80000000000000004,0.31436732257528988,0.025539700727414828
secondary_test,MATR_B3C1,20,False,0.23644715196412688,0.99642857142857144,1.100020861763163,0.11549713989182853
secondary_test,MATR_B3C1,40,False,0.14187667162138895,1,0.68294280876868918,0.070056984166085967
secondary_test,MATR_B3C1,60,False,0.43726651838792935,1,1.6430454603974867,0.2005236881425593
secondary_test,MATR_B3C1,100,False,0.024824504591908506,0.84999999999999998,0.29756063618376316,0.019671340156042175
secondary_test,MATR_B3C10,20,False,0.71590009774762409,0.93571428571428572,2.6640167562440573,0.32977016917688906
secondary_test,MATR_B3C10,40,False,0.51471797837211763,0.99615384615384617,1.6275859022882713,0.2258272122316248
secondary_test,MATR_B3C10,60,False,0.31677043569956531,0.92083333333333328,0.78808551008435113,0.13269039955105252
secondary_test,MATR_B3C10,100,False,0.022815464067824677,0.97499999999999998,0.56160030241087744,0.026937309867070981
secondary_test,MATR_B3C11,20,False,0.081319199465967482,0.99642857142857144,0.37833082163410076,0.03972543411892189
secondary_test,MATR_B3C11,40,False,0.03838992460537375,1,0.65674877894788963,0.034688267500054236
secondary_test,MATR_B3C11,60,False,0.059626120273717123,1,0.52168322652397703,0.037264814308704937
secondary_test,MATR_B3C11,100,False,0.016526613855738007,1,0.36686454896482201,0.017737689584073398
secondary_test,MATR_B3C12,20,False,0.19831716162581015,0.39285714285714285,0.37345607472348608,0.10104689311523936
secondary_test,MATR_B3C12,40,False,0.19908246498348567,0.52692307692307694,0.40629398648597681,0.088687885645264225
secondary_test,MATR_B3C12,60,False,0.26161123994510244,0.21666666666666667,0.34436626607050108,0.16281897641648974
secondary_test,MATR_B3C12,100,False,0.13373823210731758,0.34999999999999998,0.272466632822012,0.067386470858590744
secondary_test,MATR_B3C13,20,False,0.4485285481150128,0.9642857142857143,1.8761797352887575,0.21256053302848654
secondary_test,MATR_B3C13,40,False,0.038850021044317194,0.99615384615384617,0.60281404664058602,0.033111964074717004
secondary_test,MATR_B3C13,60,False,0.18689246457691872,1,1.207133808893379,0.10253528182208553
secondary_test,MATR_B3C13,100,False,0.026042359237417115,1,0.5206703463435528,0.026036464623924126
secondary_test,MATR_B3C14,20,False,0.15549993193898629,0.9464285714285714,0.67418377759868897,0.07479477991803811
secondary_test,MATR_B3C14,40,False,0.087000050844723315,0.96153846153846156,0.46490721760782172,0.044771007058947598
secondary_test,MATR_B3C14,60,False,0.092782724880197814,0.92083333333333328,0.31401118261443417,0.042119492604298363
secondary_test,MATR_B3C14,100,False,0.10490643526350489,0.60999999999999999,0.27056297427951959,0.04881969388107793
secondary_test,MATR_B3C15,20,False,0.081586138279774595,1,0.38225846486457993,0.03993732825541086
secondary_test,MATR_B3C15,40,False,0.066924603348537254,0.99615384615384617,0.59563074644116498,0.042167528761764175
secondary_test,MATR_B3C15,60,False,0.10952613350995524,1,0.44459042910672475,0.051328392140209234
secondary_test,MATR_B3C15,100,False,0.13057548132847124,0.96499999999999997,0.50479490621475809,0.060527650878470285
secondary_test,MATR_B3C16,20,False,0.18148552045691935,1,1.6370228078815545,0.11506260041502492
secondary_test,MATR_B3C16,40,False,0.1454338118916059,0.9884615384615385,0.57204785005277903,0.067646878638928695
secondary_test,MATR_B3C16,60,False,0.10514496538821559,0.91249999999999998,0.44879712950993211,0.051225534857262271
secondary_test,MATR_B3C16,100,False,0.021803961666959637,0.93500000000000005,0.61639455077562844,0.028412042766617445
secondary_test,MATR_B3C17,20,False,1.475379099281743,0.9642857142857143,5.4837707231421264,0.67705398416987717
secondary_test,MATR_B3C17,40,False,0.065806480751177079,0.99230769230769234,0.41844345675246419,0.036129538325017432
secondary_test,MATR_B3C17,60,False,0.24399636415175135,0.97916666666666663,0.67328184701273419,0.1040596349526184
secondary_test,MATR_B3C17,100,False,0.13025572681917588,0.98499999999999999,0.87306263887061097,0.072583167659872661
secondary_test,MATR_B3C18,20,False,0.043429114334105484,1,0.57667209507106953,0.033698774613737478
secondary_test,MATR_B3C18,40,False,0.17214303906574654,0.99615384615384617,1.0289238250631423,0.091735100604089556
secondary_test,MATR_B3C18,60,False,0.37637096710108919,1,1.7610049284958649,0.18415715331689189
secondary_test,MATR_B3C18,100,False,0.035523708707321827,0.95499999999999996,0.28046798041023208,0.021476651190148008
secondary_test,MATR_B3C19,20,False,0.11262684820497257,1,0.89574216170376986,0.067400354791783176
secondary_test,MATR_B3C19,40,False,0.17877484688331693,1,0.9827710553476261,0.092350650806026502
secondary_test,MATR_B3C19,60,False,0.20532621949894725,1,0.8960963937592481,0.098311952958290691
secondary_test,MATR_B3C19,100,False,0.020857389918300343,0.96999999999999997,0.24005204499973287,0.015200788407976727
secondary_test,MATR_B3C20,20,False,0.12458160580607595,0.99642857142857144,0.52345505961763639,0.058984437584442558
secondary_test,MATR_B3C20,40,False,0.1299644943834519,0.99230769230769234,0.52339425788538851,0.060802446215271699
secondary_test,MATR_B3C20,60,False,0.14381481330739299,0.96666666666666667,0.39893768832841991,0.061415909014929562
secondary_test,MATR_B3C20,100,False,0.021417132622659665,1,0.33104620910685029,0.018173917844448228
secondary_test,MATR_B3C21,20,False,1.0563079736126058,0.76071428571428568,3.4101195712195187,0.4823039494133935
secondary_test,MATR_B3C21,40,False,0.11267906452977085,1,7.4531521031807326,0.28599809161594797
secondary_test,MATR_B3C21,60,False,0.50992080860515865,1,8.2951113408538522,0.44647731423018122
secondary_test,MATR_B3C21,100,False,0.026364258518889586,1,4.8931253324921249,0.17189226392270066
secondary_test,MATR_B3C22,20,False,0.2713570884771721,1,1.3238770059946461,0.13458159635887892
secondary_test,MATR_B3C22,40,False,0.28338420052535218,1,1.048881748392317,0.12942412512152796
secondary_test,MATR_B3C22,60,False,0.23032391414908993,0.84583333333333333,0.57866526318871181,0.099303658308159612
secondary_test,MATR_B3C22,100,False,0.044788080570675744,0.98999999999999999,0.3165148033503401,0.025499785470943195
secondary_test,MATR_B3C24,20,False,0.094823038148198077,0.88214285714285712,0.7785387888280686,0.05901165708292766
secondary_test,MATR_B3C24,40,False,0.047964945712260162,1,0.67419505254734968,0.038461483655665034
secondary_test,MATR_B3C24,60,False,0.15218922754696482,0.92083333333333328,0.42735442520948286,0.065624642663886207
secondary_test,MATR_B3C24,100,False,0.10808237264287925,0.98499999999999999,0.49213704229483879,0.053074498518300289
secondary_test,MATR_B3C25,20,False,0.25456344183286089,0.99642857142857144,2.3723124669776121,0.16399949944056352
secondary_test,MATR_B3C25,40,False,0.031593341088325663,0.99230769230769234,0.66646708647985187,0.033080301076407033
secondary_test,MATR_B3C25,60,False,0.28033151529491179,0.87083333333333335,0.70427013766131641,0.11866608673799366
secondary_test,MATR_B3C25,100,False,0.050956330293753425,0.98499999999999999,0.68066165644195198,0.039911130268561204
secondary_test,MATR_B3C26,20,False,0.38987626626455668,1,2.8337830080325777,0.22441818902260482
secondary_test,MATR_B3C26,40,False,0.020676388685027983,0.9884615384615385,0.55781555782708248,0.025650688398320586
secondary_test,MATR_B3C26,60,False,0.11796960214533787,0.8833333333333333,0.47106267820318343,0.055702059325169341
secondary_test,MATR_B3C26,100,False,0.066645931968343175,1,0.61401641319738376,0.042682524429360512
secondary_test,MATR_B3C27,20,False,0.047472197701255429,1,0.51832983618422013,0.033101727106559141
secondary_test,MATR_B3C27,40,False,0.022505753858798216,1,0.63205836975533813,0.028570530278110674
secondary_test,MATR_B3C27,60,False,0.11633431675688564,1,0.51843537474603452,0.056059284743829693
secondary_test,MATR_B3C27,100,False,0.038202405598046524,0.94999999999999996,0.25126220361475504,0.021897187116720368
secondary_test,MATR_B3C28,20,False,1.6437162582358875,0.95714285714285718,4.6714357574557868,0.70459735211179275
secondary_test,MATR_B3C28,40,False,0.53550027549929313,1,9.0815399528113812,0.48121809026014378
secondary_test,MATR_B3C28,60,True,2.1713057707066814,1,11.337100044420245,1.1016719250495686
secondary_test,MATR_B3C28,100,False,0.089482240780434166,1,7.8526776280560009,0.29158333452867802
secondary_test,MATR_B3C29,20,False,0.44839089763131218,1,2.7276102265346012,0.2403839734282574
secondary_test,MATR_B3C29,40,False,0.14381001285802739,0.99615384615384617,0.752321851606231,0.073085533684264084
secondary_test,MATR_B3C29,60,False,0.05304574437453103,0.9916666666666667,0.36749334418237634,0.030222735340630035
secondary_test,MATR_B3C29,100,False,0.043880263130323983,0.97999999999999998,0.35552992715670767,0.02665918746704822
secondary_test,MATR_B3C3,20,False,0.20169033302543105,0.99642857142857144,1.6222233687769867,0.12132756083109879
secondary_test,MATR_B3C3,40,False,0.061959762534812821,0.98076923076923073,0.92907006395998981,0.051743195252402834
secondary_test,MATR_B3C3,60,False,0.27889425333649448,1,0.88058423555993726,0.12231755896416274
secondary_test,MATR_B3C3,100,False,0.036187434470756299,0.98499999999999999,0.54573685491096346,0.030395464559901112
secondary_test,MATR_B3C30,20,False,0.070378677933061087,1,0.93129449405460629,0.05450270911284056
secondary_test,MATR_B3C30,40,False,0.038332452025794994,1,0.52033318476882684,0.030121923500892555
secondary_test,MATR_B3C30,60,False,0.13066356416450312,1,0.54807123003091296,0.061823562389198131
secondary_test,MATR_B3C30,100,False,0.11721949960326938,1,0.8819254011916674,0.06847067990747871
secondary_test,MATR_B3C31,20,False,0.06904717333953074,0.99642857142857144,0.76614669857360873,0.048680389809991932
secondary_test,MATR_B3C31,40,False,0.023835763565533834,0.99230769230769234,0.35744393357875048,0.020208673988891548
secondary_test,MATR_B3C31,60,False,0.29651058618275605,1,1.1671051821077469,0.1377403681311769
secondary_test,MATR_B3C31,100,False,0.060259728477791083,0.77000000000000002,0.20952498662759836,0.028853985053369838
secondary_test,MATR_B3C33,20,False,0.026333303889301822,1,0.6080954257287704,0.029047615487392951
secondary_test,MATR_B3C33,40,False,0.060255517190137199,1,0.70796431550977923,0.043683982913705031
secondary_test,MATR_B3C33,60,False,0.12340190965512014,1,0.50176305908293872,0.05785940518780467
secondary_test,MATR_B3C33,100,False,0.025575276104499167,1,0.37691963549646401,0.021089079884715187
secondary_test,MATR_B3C34,20,False,0.071456566711701641,0.99285714285714288,0.43652235909830839,0.03837471976497555
secondary_test,MATR_B3C34,40,False,0.11514856931027675,1,0.73086119609613098,0.062744896306629938
secondary_test,MATR_B3C34,60,False,0.24484455758205984,1,1.2109813708662431,0.12198089822289472
secondary_test,MATR_B3C34,100,False,0.043996877305786629,0.95999999999999996,0.29567405213898423,0.024660362566190232
secondary_test,MATR_B3C35,20,False,0.14743048824394173,1,0.73774387410311071,0.073734958551417595
secondary_test,MATR_B3C35,40,False,0.2240655225445333,1,0.95606538389543283,0.1065573536446922
secondary_test,MATR_B3C35,60,False,0.21431506778244316,1,0.68945757630191751,0.094420275137544959
secondary_test,MATR_B3C35,100,False,0.049068829848565441,1,0.4078181366250348,0.029950214503689638
secondary_test,MATR_B3C36,20,False,0.24452555127558356,0.78928571428571426,0.95437646801340137,0.11752807494292061
secondary_test,MATR_B3C36,40,False,0.16974605248394622,1,1.2524424658723705,0.098330099690394426
secondary_test,MATR_B3C36,60,False,0.18400770840535371,1,1.0417557652177127,0.096061094975708319
secondary_test,MATR_B3C36,100,False,0.058409429693579186,0.88500000000000001,0.22056792801006991,0.028128188349343414
secondary_test,MATR_B3C38,20,False,0.35281116256005945,1,1.0788540493899681,0.15356552249968541
secondary_test,MATR_B3C38,40,False,0.23291165149915494,0.73461538461538467,0.51237729516111596,0.09880050171624101
secondary_test,MATR_B3C38,60,False,0.27310107980125459,0.64166666666666672,0.56916371979923375,0.12341694670723843
secondary_test,MATR_B3C38,100,False,0.046845820117247639,0.95499999999999996,0.46791068276396985,0.031410642328821452
secondary_test,MATR_B3C39,20,False,0.59319077280882737,1,3.4991389001469257,0.31436822094117328
secondary_test,MATR_B3C39,40,False,0.034837250427442422,0.99615384615384617,0.66965405468927131,0.033946724866608241
secondary_test,MATR_B3C39,60,False,0.12905180180919332,1,0.50257151561248359,0.059769651123480545
secondary_test,MATR_B3C39,100,False,0.045733054374938291,0.995,0.38557328682190556,0.028105897549584966
secondary_test,MATR_B3C4,20,False,0.14653173374241379,0.98928571428571432,0.65895570762655842,0.070867729908153668
secondary_test,MATR_B3C4,40,False,0.033756647474990915,1,0.48993716168840096,0.02758345454794367
secondary_test,MATR_B3C4,60,False,0.18084324064161633,0.94999999999999996,0.47576822436890304,0.076711149292855801
secondary_test,MATR_B3C4,100,False,0.024649263166001988,0.90000000000000002,0.34030909965837197,0.020575882809687127
secondary_test,MATR_B3C40,20,False,0.57294624172035502,1,2.9646675577449901,0.28980433249828469
secondary_test,MATR_B3C40,40,False,0.047120731740707918,1,0.53067148496148697,0.033395960078952201
secondary_test,MATR_B3C40,60,False,0.083109833291930002,1,0.5773347632210093,0.046947769871343636
secondary_test,MATR_B3C40,100,False,0.024801677624698825,0.995,0.43234977956245801,0.022688137754317744
secondary_test,MATR_B3C41,20,False,0.10719910344144011,1,0.72980438579813378,0.060059847340417818
secondary_test,MATR_B3C41,40,False,0.054600296812030866,1,0.79263543205071008,0.044621280005700613
secondary_test,MATR_B3C41,60,False,0.138954724581311,0.8208333333333333,0.41635695693417862,0.062193686705287625
secondary_test,MATR_B3C41,100,False,0.048008475006712598,1,0.67352963443555736,0.038453812816756104
secondary_test,MATR_B3C44,20,False,0.019467716377219651,1,1.3207547786028715,0.050514398079168923
secondary_test,MATR_B3C44,40,False,0.15400854102470676,0.99615384615384617,0.48678600997860777,0.067614567417330212
secondary_test,MATR_B3C44,60,False,0.1760521480481462,0.52500000000000002,0.37069478439139419,0.078636395075042539
secondary_test,MATR_B3C44,100,False,0.10650175894070926,0.73999999999999999,0.31565823330001619,0.048070564588348602
secondary_test,MATR_B3C45,20,False,0.27408679558347876,0.29999999999999999,0.4762282926178627,0.14097079709301491
secondary_test,MATR_B3C45,40,False,0.82728224068122225,0.9884615384615385,3.2679167556685038,0.3847527639309144
secondary_test,MATR_B3C45,60,False,0.34810526976438921,0.42916666666666664,0.65059844308971571,0.16652544011330406
secondary_test,MATR_B3C45,100,False,0.096584127456627158,0.77000000000000002,0.46947213369156998,0.051252361053788678
secondary_test,MATR_B3C5,20,False,0.47329138324308268,1,2.7672640528825392,0.25000592951044553
secondary_test,MATR_B3C5,40,False,0.14247465393552528,1,0.95263775957320829,0.079246143297615368
secondary_test,MATR_B3C5,60,False,0.20361977248271318,1,1.1242601734404682,0.10534859660891999
secondary_test,MATR_B3C5,100,False,0.03719990015271122,0.93500000000000005,0.2673727682637434,0.021802422541134184
secondary_test,MATR_B3C6,20,False,1.3212268665422724,1,5.2323274988070816,0.61481987214099343
secondary_test,MATR_B3C6,40,True,2.096739370304388,1,14.531576551438858,1.1832990084827577
secondary_test,MATR_B3C6,60,True,1.8686243112560923,1,10.973952264544641,0.98867317923685205
secondary_test,MATR_B3C6,100,False,0.19987547913245102,1,6.2870468474568737,0.27619338795937937
secondary_test,MATR_B3C7,20,False,0.086323831331251613,0.98571428571428577,0.87847692476738382,0.058960425169341905
secondary_test,MATR_B3C7,40,False,0.18488790283328549,0.90384615384615385,0.54981678897073083,0.081152196342553273
secondary_test,MATR_B3C7,60,False,0.34647959977342141,0.27083333333333331,0.56645996729325543,0.18434477061689075
secondary_test,MATR_B3C7,100,False,0.058992247260824443,0.97999999999999998,0.88332244936979298,0.049511617674248054
secondary_test,MATR_B3C8,20,False,0.057816362684710604,1,0.62264363854167204,0.040026908846292591
secondary_test,MATR_B3C8,40,False,0.052417328685347431,0.9884615384615385,0.54645207312773114,0.035704319304601918
secondary_test,MATR_B3C8,60,False,0.11025521674417019,1,0.41849187798064652,0.050701468180744939
secondary_test,MATR_B3C8,100,False,0.02999199628414722,0.95499999999999996,0.26306277390575489,0.018922697054076506
secondary_test,MATR_B3C9,20,False,0.033752476608813711,1,1.4889075696532381,0.060881077858045834
secondary_test,MATR_B3C9,40,False,0.23167125175771955,0.20384615384615384,0.34761678802746815,0.13162986762887469
secondary_test,MATR_B3C9,60,False,0.28336378154596675,0.10833333333333334,0.3270058647509117,0.18821100021776277
secondary_test,MATR_B3C9,100,False,0.1128546290528611,0.97499999999999998,0.42986679371322267,0.05198277579730317
