cell_id,target_condition_id,source_cell_number,storage_soc_fraction,method,mechanism_gate_ready,activation_component_selected,mean_route,fallback_reason,future_point_count,trajectory_iae_pp,trajectory_signed_bias_pp,point_mae_pp,final_true_retention_pct,final_predicted_retention_pct,final_error_pp,final_absolute_error_pp,prediction_state_sha256
GEISBAUER_LFP_CELL_007,GEISBAUER_LFP_T60_SOC20,7,0.20000000000000001,hierarchical_power_law_prefix_update_v2,False,False,hierarchical_power,not_applicable,2,0.46036774449636653,0.46036774449636653,0.46036774449636653,95.563441010879089,96.297420588935481,0.7339795780563918,0.7339795780563918,ffdcba0fa2728fb3c3e847024b1fabc97f7392260b3c16f98060e2d0c92412ec
GEISBAUER_LFP_CELL_007,GEISBAUER_LFP_T60_SOC20,7,0.20000000000000001,mechanism_gated_hierarchical_activation_offset_hybrid_v1,False,False,hierarchical_power_fallback,specialist_gate_not_ready,2,0.46036774449636653,0.46036774449636653,0.46036774449636653,95.563441010879089,96.297420588935481,0.7339795780563918,0.7339795780563918,67323d236ff8676bfdd4e6c4ac3e588dd99858e5f8d9be5ff834fb9ea153d762
GEISBAUER_LFP_CELL_007,GEISBAUER_LFP_T60_SOC20,7,0.20000000000000001,target_prefix_only_sqrt_time_v1,False,False,target_prefix_sqrt,not_applicable,2,0.85676763676541867,0.85676763676541867,0.85676763676541867,95.563441010879089,96.836428766714732,1.2729877558356435,1.2729877558356435,d9d66a5a9bf0125a89e1c431800541d1777cff6e721d69823a5498e987326266
GEISBAUER_LFP_CELL_007,GEISBAUER_LFP_T60_SOC20,7,0.20000000000000001,target_prefix_persistence_day59_v1,False,False,target_prefix_persistence,not_applicable,2,1.5201562112449949,1.5201562112449949,1.5201562112449949,95.563441010879089,97.758186161845501,2.194745150966412,2.194745150966412,32ae56a29010f26f7e385cd42ffb388e4eec90c14987e20c2fffe5f86cec8486
GEISBAUER_LFP_CELL_008,GEISBAUER_LFP_T60_SOC20,8,0.20000000000000001,hierarchical_power_law_prefix_update_v2,False,False,hierarchical_power,not_applicable,2,1.1126886383381631,1.1126886383381631,1.1126886383381631,93.370093187660657,94.821028342000034,1.4509351543393763,1.4509351543393763,25229129323a87cba5225448a053238f3f436a5cd717a795d40033d39ffe44f8
GEISBAUER_LFP_CELL_008,GEISBAUER_LFP_T60_SOC20,8,0.20000000000000001,mechanism_gated_hierarchical_activation_offset_hybrid_v1,False,False,hierarchical_power_fallback,specialist_gate_not_ready,2,1.1126886383381631,1.1126886383381631,1.1126886383381631,93.370093187660657,94.821028342000034,1.4509351543393763,1.4509351543393763,7f03c2022341d1a9b3948bd616985a0af5937cf4ea8f185920c7515b1d5729ec
GEISBAUER_LFP_CELL_008,GEISBAUER_LFP_T60_SOC20,8,0.20000000000000001,target_prefix_only_sqrt_time_v1,False,False,target_prefix_sqrt,not_applicable,2,1.8796792272661449,1.8796792272661449,1.8796792272661449,93.370093187660657,95.861317000471615,2.4912238128109578,2.4912238128109578,3a830742ad60cb562b7a9b9c0b653113835caf626ffe6b40f26bfa15fecea168
GEISBAUER_LFP_CELL_008,GEISBAUER_LFP_T60_SOC20,8,0.20000000000000001,target_prefix_persistence_day59_v1,False,False,target_prefix_persistence,not_applicable,2,2.4773991002570668,2.4773991002570668,2.4773991002570668,93.370093187660657,96.797043059125954,3.4269498714652968,3.4269498714652968,e5fe1020179a2e0235eaaffdff4c34cd285f48119bb5a047ce3fcd4f950d6019
GEISBAUER_LFP_CELL_025,GEISBAUER_LFP_T60_SOC50,25,0.5,hierarchical_power_law_prefix_update_v2,False,False,hierarchical_power,not_applicable,2,2.5984528709206174,2.5984528709206174,2.5984528709206174,92.33506862264143,96.21315271825766,3.8780840956162308,3.8780840956162308,551b49898d9da4614f6d5da315d0835ada2708384a5d704b1a19229dea963967
GEISBAUER_LFP_CELL_025,GEISBAUER_LFP_T60_SOC50,25,0.5,mechanism_gated_hierarchical_activation_offset_hybrid_v1,False,False,hierarchical_power_fallback,specialist_gate_not_ready,2,2.5984528709206174,2.5984528709206174,2.5984528709206174,92.33506862264143,96.21315271825766,3.8780840956162308,3.8780840956162308,0c371157b506171219467e8952503eaf0ac2cb2fc70417307cfd2afcbbdd9106
GEISBAUER_LFP_CELL_025,GEISBAUER_LFP_T60_SOC50,25,0.5,target_prefix_only_sqrt_time_v1,False,False,target_prefix_sqrt,not_applicable,2,2.910970048328096,2.910970048328096,2.910970048328096,92.33506862264143,96.632676675798905,4.2976080531574752,4.2976080531574752,44a784929910c4a7c096c652aef4afb563b2fc6afb52aa2d5207678c9d4968bb
GEISBAUER_LFP_CELL_025,GEISBAUER_LFP_T60_SOC50,25,0.5,target_prefix_persistence_day59_v1,False,False,target_prefix_persistence,not_applicable,2,3.4126165587339017,3.4126165587339017,3.4126165587339017,92.33506862264143,97.409332437417802,5.0742638147763728,5.0742638147763728,ca1ee24123fc08bbf5950497cbdae97b5ce562c7f2b61d9208826c836f1a4ce5
GEISBAUER_LFP_CELL_026,GEISBAUER_LFP_T60_SOC50,26,0.5,hierarchical_power_law_prefix_update_v2,False,False,hierarchical_power,not_applicable,2,2.2704483537159916,2.2704483537159916,2.2704483537159916,91.737373962266304,95.307888880491106,3.5705149182248022,3.5705149182248022,0ff45fc390782ca55b8804f79c60b0e53be62bc4af64448f82a6dbbf4e5ef5bb
GEISBAUER_LFP_CELL_026,GEISBAUER_LFP_T60_SOC50,26,0.5,mechanism_gated_hierarchical_activation_offset_hybrid_v1,False,False,hierarchical_power_fallback,specialist_gate_not_ready,2,2.2704483537159916,2.2704483537159916,2.2704483537159916,91.737373962266304,95.307888880491106,3.5705149182248022,3.5705149182248022,21a75c488221ddafb86c45e3f08aa1403049cfecf1eaef0a4cc027af470c45a1
GEISBAUER_LFP_CELL_026,GEISBAUER_LFP_T60_SOC50,26,0.5,target_prefix_only_sqrt_time_v1,False,False,target_prefix_sqrt,not_applicable,2,2.619216371627175,2.619216371627175,2.619216371627175,91.737373962266304,95.777787834319994,4.0404138720536906,4.0404138720536906,24908b4ec506e7fb80fcac2cd2ffd6b5800caf0abd5b55f4a50dbcf8ef437e9f
GEISBAUER_LFP_CELL_026,GEISBAUER_LFP_T60_SOC50,26,0.5,target_prefix_persistence_day59_v1,False,False,target_prefix_persistence,not_applicable,2,3.3972958935710409,3.3972958935710409,3.3972958935710409,91.737373962266304,96.900695367818699,5.163321405552395,5.163321405552395,95ceac9caacef8a62a8c6ce82982112e2b1782117187c3765c33cce9e86844c4
GEISBAUER_LFP_CELL_043,GEISBAUER_LFP_T60_SOC100,43,1,hierarchical_power_law_prefix_update_v2,False,False,hierarchical_power,not_applicable,2,8.4585678692360204,8.4585678692360204,8.4585678692360204,80.889204738106969,92.317763791515247,11.428559053408279,11.428559053408279,12147c5a4d8e8052c0b5d75f33f6af752ede712d4d2d54603586ed012ae78337
GEISBAUER_LFP_CELL_043,GEISBAUER_LFP_T60_SOC100,43,1,mechanism_gated_hierarchical_activation_offset_hybrid_v1,False,False,hierarchical_power_fallback,specialist_gate_not_ready,2,8.4585678692360204,8.4585678692360204,8.4585678692360204,80.889204738106969,92.317763791515247,11.428559053408279,11.428559053408279,7005d6ed623ca331e507681bfa1e29d6c193fd252a3697983fd27103364e15db
GEISBAUER_LFP_CELL_043,GEISBAUER_LFP_T60_SOC100,43,1,target_prefix_only_sqrt_time_v1,False,False,target_prefix_sqrt,not_applicable,2,6.996476948995614,6.996476948995614,6.996476948995614,80.889204738106969,90.389062414381115,9.4998576762741465,9.4998576762741465,c204d032e6f22d76452c007259a529d0a61325528b8c898f0f87214a9cdc308b
GEISBAUER_LFP_CELL_043,GEISBAUER_LFP_T60_SOC100,43,1,target_prefix_persistence_day59_v1,False,False,target_prefix_persistence,not_applicable,2,9.7058467776754469,9.7058467776754469,9.7058467776754469,80.889204738106969,93.88335738816977,12.994152650062802,12.994152650062802,6a24e79258493beb705c9b3fef80ea1db1ca5abb0a986f81fc8529c3152d5eef
GEISBAUER_LFP_CELL_044,GEISBAUER_LFP_T60_SOC100,44,1,hierarchical_power_law_prefix_update_v2,False,False,hierarchical_power,not_applicable,2,8.5256604791154942,8.5256604791154942,8.5256604791154942,80.189838666031974,91.701180347003373,11.511341680971398,11.511341680971398,4b65ebb33ef8b72227fb3dd01864d9a706cee28c019daaadff8e36d3ea8e05d0
GEISBAUER_LFP_CELL_044,GEISBAUER_LFP_T60_SOC100,44,1,mechanism_gated_hierarchical_activation_offset_hybrid_v1,False,False,hierarchical_power_fallback,specialist_gate_not_ready,2,8.5256604791154942,8.5256604791154942,8.5256604791154942,80.189838666031974,91.701180347003373,11.511341680971398,11.511341680971398,d9f6428691669f0751c3bdf5b79d334fa167de9c761f37c0e6a42b9dff823f7b
GEISBAUER_LFP_CELL_044,GEISBAUER_LFP_T60_SOC100,44,1,target_prefix_only_sqrt_time_v1,False,False,target_prefix_sqrt,not_applicable,2,7.1330554139960958,7.1330554139960958,7.1330554139960967,80.189838666031974,89.862117288970481,9.6722786229385065,9.6722786229385065,1359913830d5be4af058837f18daaf4d68e36d220e713cd95587f3360f09d01f
GEISBAUER_LFP_CELL_044,GEISBAUER_LFP_T60_SOC100,44,1,target_prefix_persistence_day59_v1,False,False,target_prefix_persistence,not_applicable,2,9.8872113791143477,9.8872113791143477,9.8872113791143477,80.189838666031974,93.44423400059884,13.254395334566865,13.254395334566865,7056e01e9431c7629f8bbae3b3df5e6020f5aa00c612137c68c4219febc2cdd3
GEISBAUER_LFP_CELL_071,GEISBAUER_LFP_T60_SOC20,71,0.20000000000000001,hierarchical_power_law_prefix_update_v2,False,False,hierarchical_power,not_applicable,2,1.0936228213059067,-1.0936228213059067,1.0936228213059067,100.26682524093029,99.969142259186043,-0.29768298174424501,0.29768298174424501,80e128f6fccb953309544af9839673ccd21f501d4572afc808a63f1eb49cc71d
GEISBAUER_LFP_CELL_071,GEISBAUER_LFP_T60_SOC20,71,0.20000000000000001,mechanism_gated_hierarchical_activation_offset_hybrid_v1,False,False,hierarchical_power_fallback,specialist_gate_not_ready,2,1.0936228213059067,-1.0936228213059067,1.0936228213059067,100.26682524093029,99.969142259186043,-0.29768298174424501,0.29768298174424501,61e080a6900b025dc1dbd84e44e40007fbf76afbdde9e56e2504dfbf10d552b7
GEISBAUER_LFP_CELL_071,GEISBAUER_LFP_T60_SOC20,71,0.20000000000000001,target_prefix_only_sqrt_time_v1,False,False,target_prefix_sqrt,not_applicable,2,1.0654632833215061,-1.0654632833215061,1.0654632833215061,100.26682524093029,100,-0.26682524093028803,0.26682524093028803,1f3ac1bc82fbf769723f0b439e5597c75ddda3b01f9b85d42c2bb5eb8b731df2
GEISBAUER_LFP_CELL_071,GEISBAUER_LFP_T60_SOC20,71,0.20000000000000001,target_prefix_persistence_day59_v1,False,False,target_prefix_persistence,not_applicable,2,1.9261180500993902,1.9261180500993902,1.9261180500993902,100.26682524093029,102.9915813334209,2.7247560924906082,2.7247560924906082,d14e6e972c9d277d32f214230d22ea6ae5efc1e72961339aefaeb051974414c8
GEISBAUER_LFP_CELL_072,GEISBAUER_LFP_T60_SOC20,72,0.20000000000000001,hierarchical_power_law_prefix_update_v2,False,False,hierarchical_power,not_applicable,2,1.5578786370354294,-1.5578786370354294,1.5578786370354294,100.62376380505759,99.974504251531286,-0.64925955352630638,0.64925955352630638,3ebf58c7c88b57f3730adbd3a51a3434f732ff6a84d8898df5679b0b98330159
GEISBAUER_LFP_CELL_072,GEISBAUER_LFP_T60_SOC20,72,0.20000000000000001,mechanism_gated_hierarchical_activation_offset_hybrid_v1,False,False,hierarchical_power_fallback,specialist_gate_not_ready,2,1.5578786370354294,-1.5578786370354294,1.5578786370354294,100.62376380505759,99.974504251531286,-0.64925955352630638,0.64925955352630638,c0ebbca8a346762c35b478b02f8e42a5b269d8af1563b410ed0b25524eed0a32
GEISBAUER_LFP_CELL_072,GEISBAUER_LFP_T60_SOC20,72,0.20000000000000001,target_prefix_only_sqrt_time_v1,False,False,target_prefix_sqrt,not_applicable,2,1.5345896815732729,-1.5345896815732729,1.5345896815732729,100.62376380505759,100,-0.62376380505759244,0.62376380505759244,6df660113de8024b1cae82fa7a73222c299428ce0ff9b7edeb40c6d689aad7c3
GEISBAUER_LFP_CELL_072,GEISBAUER_LFP_T60_SOC20,72,0.20000000000000001,target_prefix_persistence_day59_v1,False,False,target_prefix_persistence,not_applicable,2,2.2840618386945195,2.2840618386945195,2.2840618386945195,100.62376380505759,103.81865152026779,3.1948877152102,3.1948877152102,6e6a62540abda9d6dc26ce55d3430a2b10bcb71365165b6f19fd50afe3e59d07
GEISBAUER_LFP_CELL_083,GEISBAUER_LFP_T60_SOC50,83,0.5,hierarchical_power_law_prefix_update_v2,False,False,hierarchical_power,not_applicable,2,1.6993252435235107,1.0603004349711185,1.6993252435235107,97.200786991865073,99.960412670359702,2.7596256784946291,2.7596256784946291,e12dad6e7fc068d865af883dc817d2a105047b12c169ef4de8f4fe8986803330
GEISBAUER_LFP_CELL_083,GEISBAUER_LFP_T60_SOC50,83,0.5,mechanism_gated_hierarchical_activation_offset_hybrid_v1,False,False,hierarchical_power_fallback,specialist_gate_not_ready,2,1.6993252435235107,1.0603004349711185,1.6993252435235107,97.200786991865073,99.960412670359702,2.7596256784946291,2.7596256784946291,a83ec64b4dd45028b566de14001d6b5b05c69eb132f5b8542979258c8fe407d9
GEISBAUER_LFP_CELL_083,GEISBAUER_LFP_T60_SOC50,83,0.5,target_prefix_only_sqrt_time_v1,False,False,target_prefix_sqrt,not_applicable,2,1.702224071350912,1.0969889367840153,1.702224071350912,97.200786991865073,100,2.7992130081349273,2.7992130081349273,4e0aed948f1036b507f690c8ac4ec157e6b46ac0f3d4585c9652f2f4dd5cb582
GEISBAUER_LFP_CELL_083,GEISBAUER_LFP_T60_SOC50,83,0.5,target_prefix_persistence_day59_v1,False,False,target_prefix_persistence,not_applicable,2,3.159524325426915,3.159524325426915,3.159524325426915,97.200786991865073,102.0625353886429,4.861748396777827,4.861748396777827,7c05cb0249616e76721fc7d03b210e0839992965d08c748b5f3076f17ff06ecc
GEISBAUER_LFP_CELL_084,GEISBAUER_LFP_T60_SOC50,84,0.5,hierarchical_power_law_prefix_update_v2,False,False,hierarchical_power,not_applicable,2,1.5293963252736944,0.30996408185347946,1.5293963252736944,98.130181511555804,99.969541918682978,1.8393604071271739,1.8393604071271739,0a6a94d1cd6433847225fc842246e1982c295f0df8b731b228c5440d2c695dbe
GEISBAUER_LFP_CELL_084,GEISBAUER_LFP_T60_SOC50,84,0.5,mechanism_gated_hierarchical_activation_offset_hybrid_v1,False,False,hierarchical_power_fallback,specialist_gate_not_ready,2,1.5293963252736944,0.30996408185347946,1.5293963252736944,98.130181511555804,99.969541918682978,1.8393604071271739,1.8393604071271739,dc541c55330808f0770ac9078928288d08056b133e713b875a5413a2d84a8f79
GEISBAUER_LFP_CELL_084,GEISBAUER_LFP_T60_SOC50,84,0.5,target_prefix_only_sqrt_time_v1,False,False,target_prefix_sqrt,not_applicable,2,1.531585848280713,0.33823264016348276,1.531585848280713,98.130181511555804,100,1.8698184884441957,1.8698184884441957,ecc674e42f7469e3dfbb4e80542e92341d74b6d9757a3447ce8668607afbc26f
GEISBAUER_LFP_CELL_084,GEISBAUER_LFP_T60_SOC50,84,0.5,target_prefix_persistence_day59_v1,False,False,target_prefix_persistence,not_applicable,2,3.3440110982380133,3.3440110982380133,3.3440110982380133,98.130181511555804,103.00577845807453,4.8755969465187263,4.8755969465187263,317a99d0fd4f4fa198b44a64f68fb0b0949a81bdfda7da121a0813b749d083c3
GEISBAUER_LFP_CELL_095,GEISBAUER_LFP_T60_SOC100,95,1,hierarchical_power_law_prefix_update_v2,False,False,hierarchical_power,not_applicable,2,9.0996134365222971,9.0996134365222971,9.0996134365222971,85.025191518249244,97.166017512058261,12.140825993809017,12.140825993809017,f87614670e3d765330034a5534df3dac5cd167c6eff6fd6fd696378e66f7653a
GEISBAUER_LFP_CELL_095,GEISBAUER_LFP_T60_SOC100,95,1,mechanism_gated_hierarchical_activation_offset_hybrid_v1,False,False,hierarchical_power_fallback,specialist_gate_not_ready,2,9.0996134365222971,9.0996134365222971,9.0996134365222971,85.025191518249244,97.166017512058261,12.140825993809017,12.140825993809017,42f410570c53fe0a0d83c93c2b35e913e7e432285601e290371a4efe5cadb14d
GEISBAUER_LFP_CELL_095,GEISBAUER_LFP_T60_SOC100,95,1,target_prefix_only_sqrt_time_v1,False,False,target_prefix_sqrt,not_applicable,2,8.9188969337385799,8.9188969337385799,8.9188969337385799,85.025191518249244,96.923325040549187,11.898133522299943,11.898133522299943,02ba4884b835faa5de347e69455bfc0a2e69bc0f400cc7144b4eef081454c852
GEISBAUER_LFP_CELL_095,GEISBAUER_LFP_T60_SOC100,95,1,target_prefix_persistence_day59_v1,False,False,target_prefix_persistence,not_applicable,2,9.7812619004300174,9.7812619004300174,9.7812619004300174,85.025191518249244,98.036962010360611,13.011770492111367,13.011770492111367,785e7db7304fbe32034abab7460cea0ca072cdf1fee93cd20ec2d6996e6ca258
GEISBAUER_LFP_CELL_096,GEISBAUER_LFP_T60_SOC100,96,1,hierarchical_power_law_prefix_update_v2,False,False,hierarchical_power,not_applicable,2,9.2979943600210078,9.2979943600210078,9.2979943600210078,87.007095527540983,99.630174800527769,12.623079272986786,12.623079272986786,ae8860fcc6de1b87d153084e50e523e724f086c1e1010c6b7d30d93a3f4ed3b5
GEISBAUER_LFP_CELL_096,GEISBAUER_LFP_T60_SOC100,96,1,mechanism_gated_hierarchical_activation_offset_hybrid_v1,False,False,hierarchical_power_fallback,specialist_gate_not_ready,2,9.2979943600210078,9.2979943600210078,9.2979943600210078,87.007095527540983,99.630174800527769,12.623079272986786,12.623079272986786,9c6e37ff97a2c4b631a15226110289903c6994abbefe5973965c0a6999e3f2e7
GEISBAUER_LFP_CELL_096,GEISBAUER_LFP_T60_SOC100,96,1,target_prefix_only_sqrt_time_v1,False,False,target_prefix_sqrt,not_applicable,2,9.4861713608513654,9.4861713608513654,9.4861713608513654,87.007095527540983,99.826773716632374,12.819678189091391,12.819678189091391,404092f302339300c7e5c1cd936325a6b94d59cf4957d0dec1a0a3ac7fd2a714
GEISBAUER_LFP_CELL_096,GEISBAUER_LFP_T60_SOC100,96,1,target_prefix_persistence_day59_v1,False,False,target_prefix_persistence,not_applicable,2,9.7094291046890007,9.7094291046890007,9.7094291046890007,87.007095527540983,100.06417884873444,13.05708332119346,13.05708332119346,b226eb71ce358106bf0d2c5931deb915d5c9db1a4acdbf732d9a97b1e8497ca4
GEISBAUER_LFP_CELL_112,GEISBAUER_LFP_T60_SOC100,112,1,hierarchical_power_law_prefix_update_v2,False,False,hierarchical_power,not_applicable,2,9.2098114051005453,9.2098114051005453,9.2098114051005453,84.517552363652001,96.858865056664015,12.341312693012014,12.341312693012014,2eedf7d5deb65746cfe4d2a6b023a4def539df0015194832ecadf230e08acbfd
GEISBAUER_LFP_CELL_112,GEISBAUER_LFP_T60_SOC100,112,1,mechanism_gated_hierarchical_activation_offset_hybrid_v1,False,False,hierarchical_power_fallback,specialist_gate_not_ready,2,9.2098114051005453,9.2098114051005453,9.2098114051005453,84.517552363652001,96.858865056664015,12.341312693012014,12.341312693012014,621de98662aaf8964ab7e131df84d04d8774645d8d5cdcf474c191027392a8c3
GEISBAUER_LFP_CELL_112,GEISBAUER_LFP_T60_SOC100,112,1,target_prefix_only_sqrt_time_v1,False,False,target_prefix_sqrt,not_applicable,2,8.9851268099955846,8.9851268099955846,8.9851268099955846,84.517552363652001,96.558035875645018,12.040483511993017,12.040483511993017,6caede165e2d1555a2f7279e8fc2ba12b15b45bbb6898cde3ff55216956fa209
GEISBAUER_LFP_CELL_112,GEISBAUER_LFP_T60_SOC100,112,1,target_prefix_persistence_day59_v1,False,False,target_prefix_persistence,not_applicable,2,9.9733667919283278,9.9733667919283278,9.9733667919283278,84.517552363652001,97.827381021949165,13.309828658297164,13.309828658297164,e80e726da096087057cb50978ad96dbb1926d69326e7294de4b97b3b7669959b
GEISBAUER_LFP_CELL_115,GEISBAUER_LFP_T60_SOC50,115,0.5,hierarchical_power_law_prefix_update_v2,False,False,hierarchical_power,not_applicable,2,1.6812111178847644,-0.008634022335989755,1.6812111178847644,98.296803409177286,99.969380504726061,1.6725770955487747,1.6725770955487747,45c3cd104aaad4fd6421048edbc818ced2949e79b51e589d6b4b645d29747810
GEISBAUER_LFP_CELL_115,GEISBAUER_LFP_T60_SOC50,115,0.5,mechanism_gated_hierarchical_activation_offset_hybrid_v1,False,False,hierarchical_power_fallback,specialist_gate_not_ready,2,1.6812111178847644,-0.008634022335989755,1.6812111178847644,98.296803409177286,99.969380504726061,1.6725770955487747,1.6725770955487747,0e048254621df5fb0d3cc10d5f6dc67204eb52b0d705eb7a9d3584a845a1ab0b
GEISBAUER_LFP_CELL_115,GEISBAUER_LFP_T60_SOC50,115,0.5,target_prefix_only_sqrt_time_v1,False,False,target_prefix_sqrt,not_applicable,2,1.683411735038618,0.019784855784095612,1.683411735038618,98.296803409177286,100,1.7031965908227136,1.7031965908227136,7632c11c626baae56b3e3606077127fb5ffdbe2b2b40c27e84e0aeb848893c2b
GEISBAUER_LFP_CELL_115,GEISBAUER_LFP_T60_SOC50,115,0.5,target_prefix_persistence_day59_v1,False,False,target_prefix_persistence,not_applicable,2,3.1447204801267503,3.1447204801267503,3.1447204801267503,98.296803409177286,103.12493562434265,4.8281322151653683,4.8281322151653683,0adf818118fd4236e9b79dced07a42625484e8a8aaf5a6ccb41977d068263219
GEISBAUER_LFP_CELL_118,GEISBAUER_LFP_T60_SOC20,118,0.20000000000000001,hierarchical_power_law_prefix_update_v2,False,False,hierarchical_power,not_applicable,2,1.0067194419871655,-1.0067194419871655,1.0067194419871655,100.2427767436657,99.964761420707191,-0.27801532295850961,0.27801532295850961,06e3b32b2f36a1aa8b15bc3e5553ff1b796d1ff5e8f7c8bf62805d671b1fa30b
GEISBAUER_LFP_CELL_118,GEISBAUER_LFP_T60_SOC20,118,0.20000000000000001,mechanism_gated_hierarchical_activation_offset_hybrid_v1,False,False,hierarchical_power_fallback,specialist_gate_not_ready,2,1.0067194419871655,-1.0067194419871655,1.0067194419871655,100.2427767436657,99.964761420707191,-0.27801532295850961,0.27801532295850961,1cf31e2dbdf423f662177e3dec4ccd32ebe22a8f70e208a87d5b8fb787b09789
GEISBAUER_LFP_CELL_118,GEISBAUER_LFP_T60_SOC20,118,0.20000000000000001,target_prefix_only_sqrt_time_v1,False,False,target_prefix_sqrt,not_applicable,2,0.97458459401655517,-0.97458459401655517,0.97458459401655517,100.2427767436657,100,-0.24277674366570068,0.24277674366570068,e395bcf6587fb6eac618aebe4a0666d97b77d1245add28771c0895d657c218a4
GEISBAUER_LFP_CELL_118,GEISBAUER_LFP_T60_SOC20,118,0.20000000000000001,target_prefix_persistence_day59_v1,False,False,target_prefix_persistence,not_applicable,2,1.5424355787564323,1.5424355787564323,1.5424355787564323,100.2427767436657,102.51702017277299,2.2742434291072868,2.2742434291072868,48374ecc7f922c247959be5526c04c88d3fff0ddb3a2152fd2fbcf3cfb16ea3e
