scenario,prefix_checkups,candidate_method,independent_condition_count,shared_training_fold_count,candidate_trajectory_iae_pp_mean,comparator_trajectory_iae_pp_mean,mean_paired_delta_iae_pp,relative_iae_improvement_fraction,bootstrap_mean_delta_ci_lower_pp,bootstrap_mean_delta_ci_upper_pp,candidate_better_condition_count,candidate_worse_condition_count,candidate_equal_condition_count,mechanism_gate_ready_condition_count,descriptive_strict_superiority_criterion_met,bootstrap_inference_role,shared_fold_dependence_adjusted
v3_soc_interpolation_at_40c,5,hierarchical_activation_offset_power_tau7_v3,4,1,2.2601907184186123,2.5569018752071289,-0.29671115678851678,0.11604323171943415,-0.91152407239161981,0.23247370528032757,3,1,0,0,False,descriptive_resampling_only,False
v3_soc_interpolation_at_40c,5,mechanism_gated_hierarchical_activation_offset_hybrid_v1,4,1,2.5569018752071289,2.5569018752071289,0,0,0,0,0,0,4,0,False,descriptive_resampling_only,False
v3_soc_interpolation_at_40c,5,mechanism_gated_target_activation_offset_hybrid_v1,4,1,2.5569018752071289,2.5569018752071289,0,0,0,0,0,0,4,0,False,descriptive_resampling_only,False
v3_soc_interpolation_at_40c,5,target_prefix_activation_offset_power_tau7_v1,4,1,3.7701118739682329,2.5569018752071289,1.2132099987611045,-0.47448437913278335,-0.02597861570366311,3.5360897636532811,1,3,0,0,False,descriptive_resampling_only,False
v3_soc_interpolation_at_40c,5,target_prefix_only_sqrt_time_v1,4,1,2.2082001233957316,2.5569018752071289,-0.34870175181139706,0.1363766655234471,-1.9501579888054725,1.2527544851826784,2,2,0,0,False,descriptive_resampling_only,False
v3_soc_interpolation_at_40c,8,hierarchical_activation_offset_power_tau7_v3,4,1,0.40780965442153783,1.7358562322247035,-1.3280465778031656,0.76506714850521818,-3.4236451866648094,-0.056697197403603697,3,1,0,1,True,descriptive_resampling_only,False
v3_soc_interpolation_at_40c,8,mechanism_gated_hierarchical_activation_offset_hybrid_v1,4,1,0.62822041264612816,1.7358562322247035,-1.1076358195785754,0.6380919105028704,-3.3229074587357261,0,1,0,3,1,False,descriptive_resampling_only,False
v3_soc_interpolation_at_40c,8,mechanism_gated_target_activation_offset_hybrid_v1,4,1,0.76191683985431646,1.7358562322247035,-0.97393939237038718,0.56107146104039352,-2.9218181771111613,0,1,0,3,1,False,descriptive_resampling_only,False
v3_soc_interpolation_at_40c,8,target_prefix_activation_offset_power_tau7_v1,4,1,0.71052463831162904,1.7358562322247035,-1.0253315939130745,0.59067771563028104,-2.9326042089129429,-0.034519546757730141,4,0,0,1,True,descriptive_resampling_only,False
v3_soc_interpolation_at_40c,8,target_prefix_only_sqrt_time_v1,4,1,1.5631398295057672,1.7358562322247035,-0.17271640271893651,0.099499255475541282,-1.616219619894973,1.4401767175566391,3,1,0,1,False,descriptive_resampling_only,False
v3_soc_interpolation_at_40c,10,hierarchical_activation_offset_power_tau7_v3,4,1,0.18290026160901335,0.69068429920705832,-0.50778403759804491,0.73518977944193542,-1.3530497866670561,-0.019178976161895962,3,1,0,1,True,descriptive_resampling_only,False
v3_soc_interpolation_at_40c,10,mechanism_gated_hierarchical_activation_offset_hybrid_v1,4,1,0.24487282370543798,0.69068429920705832,-0.44581147550162026,0.64546345705763875,-1.3374344265048608,0,1,0,3,1,False,descriptive_resampling_only,False
v3_soc_interpolation_at_40c,10,mechanism_gated_target_activation_offset_hybrid_v1,4,1,0.20968832280689345,0.69068429920705832,-0.48099597640016473,0.69640496671543484,-1.4429879292004941,0,1,0,3,1,False,descriptive_resampling_only,False
v3_soc_interpolation_at_40c,10,target_prefix_activation_offset_power_tau7_v1,4,1,0.11897239169466151,0.69068429920705832,-0.57171190751239676,0.82774707369018241,-1.4690259578396287,-0.04980264219233338,3,1,0,1,True,descriptive_resampling_only,False
v3_soc_interpolation_at_40c,10,target_prefix_only_sqrt_time_v1,4,1,1.2863585998493539,0.69068429920705832,0.59567430064229554,-0.86244077261660756,-0.00029565517909808936,1.4726945634282971,1,3,0,1,False,descriptive_resampling_only,False
v3_soc_interpolation_at_40c,14,hierarchical_activation_offset_power_tau7_v3,4,1,0.30276080068110406,0.23362220407775128,0.069138596603352781,-0.29594188992559511,-0.097116899145985314,0.23539409235269088,1,3,0,1,False,descriptive_resampling_only,False
v3_soc_interpolation_at_40c,14,mechanism_gated_hierarchical_activation_offset_hybrid_v1,4,1,0.18460430841821954,0.23362220407775128,-0.049017895659531768,0.20981693864688566,-0.1470536869785953,0,1,0,3,1,False,descriptive_resampling_only,False
v3_soc_interpolation_at_40c,14,mechanism_gated_target_activation_offset_hybrid_v1,4,1,0.17874518798274322,0.23362220407775128,-0.054877016095008085,0.23489640598007783,-0.16463104828502426,0,1,0,3,1,False,descriptive_resampling_only,False
v3_soc_interpolation_at_40c,14,target_prefix_activation_offset_power_tau7_v1,4,1,0.27006347461379776,0.23362220407775128,0.036441270536046413,-0.15598376310120995,-0.12650420282465263,0.17849376228949371,1,3,0,1,False,descriptive_resampling_only,False
v3_soc_interpolation_at_40c,14,target_prefix_only_sqrt_time_v1,4,1,0.99746996344910022,0.23362220407775128,0.76384775937134886,-3.2695854505213662,0.44463307032962079,1.0881858751690401,0,4,0,1,False,descriptive_resampling_only,False
v3_unseen_temperature_level,5,hierarchical_activation_offset_power_tau7_v3,17,5,2.652159755866148,3.4213618948990652,-0.76920213903291701,0.2248233781348084,-1.7787688044346295,0.024192272257318705,9,8,0,0,False,descriptive_resampling_only,False
v3_unseen_temperature_level,5,mechanism_gated_hierarchical_activation_offset_hybrid_v1,17,5,3.4213618948990652,3.4213618948990652,0,0,0,0,0,0,17,0,False,descriptive_resampling_only,False
v3_unseen_temperature_level,5,mechanism_gated_target_activation_offset_hybrid_v1,17,5,3.4213618948990652,3.4213618948990652,0,0,0,0,0,0,17,0,False,descriptive_resampling_only,False
v3_unseen_temperature_level,5,target_prefix_activation_offset_power_tau7_v1,17,5,3.6354900265954164,3.4213618948990652,0.21412813169635111,-0.062585642289287355,-0.75848249362676545,1.1110012935296578,9,8,0,0,False,descriptive_resampling_only,False
v3_unseen_temperature_level,5,target_prefix_only_sqrt_time_v1,17,5,1.8257947590296058,3.4213618948990652,-1.5955671358694596,0.46635438894912074,-3.4377693104945553,-0.11562685198972616,9,8,0,0,True,descriptive_resampling_only,False
v3_unseen_temperature_level,8,hierarchical_activation_offset_power_tau7_v3,17,5,0.62615241276394507,1.2600138173919362,-0.63386140462799101,0.5030590902090275,-1.2125359739455481,-0.17509337355488508,10,7,0,3,True,descriptive_resampling_only,False
v3_unseen_temperature_level,8,mechanism_gated_hierarchical_activation_offset_hybrid_v1,17,5,1.0205810326642504,1.2600138173919362,-0.23943278472768595,0.1900239357876887,-0.74346270317028074,0.025164348987222834,2,1,14,3,False,descriptive_resampling_only,False
v3_unseen_temperature_level,8,mechanism_gated_target_activation_offset_hybrid_v1,17,5,1.0887392636517008,1.2600138173919362,-0.1712745537402352,0.13593069486710177,-0.63032502458376316,0.096857262149437809,1,2,14,3,False,descriptive_resampling_only,False
v3_unseen_temperature_level,8,target_prefix_activation_offset_power_tau7_v1,17,5,0.74704207282293666,1.2600138173919362,-0.51297174456899941,0.40711596768897657,-1.0217835728126996,-0.11076059952873379,13,4,0,3,True,descriptive_resampling_only,False
v3_unseen_temperature_level,8,target_prefix_only_sqrt_time_v1,17,5,1.3717902834733298,1.2600138173919362,0.11177646608139379,-0.088710508201216592,-0.47324456018141531,0.71629118208632137,10,7,0,3,False,descriptive_resampling_only,False
v3_unseen_temperature_level,10,hierarchical_activation_offset_power_tau7_v3,17,5,0.35075651206967356,0.48012720519772029,-0.12937069312804669,0.26945086995178874,-0.34055724490009065,0.052409434849171981,8,9,0,3,False,descriptive_resampling_only,False
v3_unseen_temperature_level,10,mechanism_gated_hierarchical_activation_offset_hybrid_v1,17,5,0.39130612246326785,0.48012720519772029,-0.088821082734452439,0.18499489671258099,-0.25629424355382135,0.0020131561173305956,2,1,14,3,False,descriptive_resampling_only,False
v3_unseen_temperature_level,10,mechanism_gated_target_activation_offset_hybrid_v1,17,5,0.36622558367548513,0.48012720519772029,-0.11390162152223517,0.23723217574252961,-0.3147702885068363,0,3,0,14,3,False,descriptive_resampling_only,False
v3_unseen_temperature_level,10,target_prefix_activation_offset_power_tau7_v1,17,5,0.32239324277857523,0.48012720519772029,-0.15773396241914509,0.32852535892897161,-0.39293708633723307,0.048940436710334767,12,5,0,3,False,descriptive_resampling_only,False
v3_unseen_temperature_level,10,target_prefix_only_sqrt_time_v1,17,5,1.1287176361871776,0.48012720519772029,0.64859043098945746,-1.3508720688350964,0.24047062934448082,1.1038170947955488,3,14,0,3,False,descriptive_resampling_only,False
v3_unseen_temperature_level,14,hierarchical_activation_offset_power_tau7_v3,17,5,0.43840525998282803,0.33809614341407179,0.10030911656875627,-0.29668814188722065,0.030313931888997663,0.17869171274969384,4,13,0,3,False,descriptive_resampling_only,False
v3_unseen_temperature_level,14,mechanism_gated_hierarchical_activation_offset_hybrid_v1,17,5,0.35013657447050894,0.33809614341407179,0.012040431056437173,-0.035612447201715164,-0.0011694342956139003,0.037231021382123225,1,2,14,3,False,descriptive_resampling_only,False
v3_unseen_temperature_level,14,mechanism_gated_target_activation_offset_hybrid_v1,17,5,0.33516468428134444,0.33809614341407179,-0.0029314591327273534,0.0086704897107836836,-0.016236373590273849,0.0079809798428966249,2,1,14,3,False,descriptive_resampling_only,False
v3_unseen_temperature_level,14,target_prefix_activation_offset_power_tau7_v1,17,5,0.44310438234413718,0.33809614341407179,0.1050082389300654,-0.31058691728837651,0.031839080150808143,0.19052100523703031,4,13,0,3,False,descriptive_resampling_only,False
v3_unseen_temperature_level,14,target_prefix_only_sqrt_time_v1,17,5,0.86532843369447676,0.33809614341407179,0.52723229028040486,-1.5594152744732586,0.24756529066764635,0.80806392241410196,3,14,0,3,False,descriptive_resampling_only,False
