scenario,fold_id,target_condition_id,prefix_checkups,prefix_end_days,future_checkup_count,activation_gate_ready,negative_loss_evidence,positive_time_observation_count,minimum_prefix_capacity_loss_pct,sqrt_rate,base_prior_log_amplitude,base_prior_time_exponent,base_posterior_log_amplitude,base_posterior_time_exponent,activation_target_log_amplitude,activation_target_time_exponent,activation_target_offset_pp,activation_prior_log_amplitude,activation_prior_time_exponent,activation_prior_offset_pp,activation_posterior_log_amplitude,activation_posterior_time_exponent,activation_posterior_offset_pp,activation_timescale_days,training_condition_count,training_observation_count,training_max_checkup_index,training_state_sha256,prediction_state_sha256
v3_soc_interpolation_at_40c,40c_intermediate_soc_v3_activation_development,NAUMANN_CAL_T40_SOC12.5,5,29.504583333333333,30,False,True,4,-0.22097775775797851,0.010757112593936606,-5.4227398896081107,0.5816423566241371,-4.9857652664856724,0.79579365932038471,-3.1115241821078046,0.91486743079741817,0.68256262029503023,-2.5877282846538003,0.75072049244216987,0.2542773935445915,-3.134662839779415,0.80609220397707471,0.44417146897624582,7,13,65,4,9d8e87fde58b293ad61db7045349e5be46f77d6828a0b279523db6822d9c8939,beeb05fcc2bafc80aeca9dc5157f5492401ed3f11b2425b99989c4f028151d99
v3_soc_interpolation_at_40c,40c_intermediate_soc_v3_activation_development,NAUMANN_CAL_T40_SOC12.5,8,81.041666666666671,27,True,True,7,-0.22097775775797851,0.071739995181839947,-3.7935249492654086,0.90581101063313596,-5.2596964471747958,1.1900107598058471,-2.2560440591925754,0.63976617918353473,0.7107355365307001,-2.007923652101713,0.58170804187349212,0.30257894867451463,-2.3334792963867921,0.63102205310062964,0.58097572313197732,7,13,104,7,e63b05bb9101dac67f669ec68a880adad40b8f0044a300f4e9bbc77604226818,f2ad505c5eaa6526c4f52736b7838e2801894b9625ac3c1459229899676a6132
v3_soc_interpolation_at_40c,40c_intermediate_soc_v3_activation_development,NAUMANN_CAL_T40_SOC12.5,10,136.94583333333333,25,True,True,9,-0.22097775775797851,0.097486712264905989,-3.5755258889880701,0.83727774175017899,-4.774542226575857,1.059193735316007,-1.8893455332821125,0.55485508051329924,0.78289980775448031,-1.7129002264208475,0.5089565146873487,0.34508831064927986,-2.0264071594947652,0.5665033411277659,0.64836430022888558,7,13,130,9,10edf119c51f9f8e00f9320d0fe23fcb6e4edd82ee52998c739de2f54cf728ed,60b85a591b791d79067926f7f523ed504b20fe835cd55bf3f18859268ee4fcbe
v3_soc_interpolation_at_40c,40c_intermediate_soc_v3_activation_development,NAUMANN_CAL_T40_SOC12.5,14,239.71250000000001,21,True,True,13,-0.22097775775797851,0.12595578552755052,-3.0492887466883927,0.71724720865656322,-4.1277096058916714,0.9122258923521388,-1.7679602368293763,0.53158698590150477,0.82402530837356935,-1.5714322586014198,0.48017358729198845,0.42122844268075615,-1.85878727611408,0.54249670072998735,0.7426456963603939,7,13,182,13,1685eb3ff040b97e556e59290236427bd01fa6693e35f25b6b5e068dfcb33837,8548e4193185bf2b1a7929c7faa4d122ff6f6dd446dc5aebe4f7aed50d3f572c
v3_soc_interpolation_at_40c,40c_intermediate_soc_v3_activation_development,NAUMANN_CAL_T40_SOC37.5,5,29.504583333333333,30,False,False,4,0.4276714502725838,0.23140719730948203,-3.8667248984723863,0.59503268919050722,-2.0942286860869821,0.71401930864276697,-2.1114891173080919,0.7199730960505154,7.4106685151696118e-16,-2.0586735659162119,0.672151659624039,0.19515551378719523,-1.8297209033218633,0.67243293663582715,0.17036660028585587,7,13,65,4,9d8e87fde58b293ad61db7045349e5be46f77d6828a0b279523db6822d9c8939,8a929267e241fba754ad2e0181c3b44f72919457e9c89e088f1e092188da912d
v3_soc_interpolation_at_40c,40c_intermediate_soc_v3_activation_development,NAUMANN_CAL_T40_SOC37.5,8,81.041666666666671,27,False,False,7,0.4276714502725838,0.25839999683748843,-2.8295524429014534,0.76255816488086414,-1.8501919028414964,0.63003268552977265,-1.818876613945698,0.62212530850823611,9.4208116951547168e-23,-1.6214617505711491,0.54473819008721447,0.23593076237722338,-1.4559222191821046,0.55849249851615723,0.21960715258085345,7,13,104,7,e63b05bb9101dac67f669ec68a880adad40b8f0044a300f4e9bbc77604226818,e2b1038c9fa14d3aab4339b646e8b09b4093150632019d0ea14c6881692257c3
v3_soc_interpolation_at_40c,40c_intermediate_soc_v3_activation_development,NAUMANN_CAL_T40_SOC37.5,10,136.94583333333333,25,False,False,9,0.4276714502725838,0.26632267323697073,-2.6395435373239753,0.70471178310016236,-1.6957731227391732,0.58612951804710622,-1.4404747739020187,0.54298727993514939,0.15577178685301835,-1.3993537532095877,0.48833496622890754,0.26695537292924559,-1.2600994016837621,0.51322572754582085,0.28304699441135101,7,13,130,9,10edf119c51f9f8e00f9320d0fe23fcb6e4edd82ee52998c739de2f54cf728ed,c98173587f33387d19d02ec5642ebe7b0f788e48c9fdb00820b96adb8e2404e9
v3_soc_interpolation_at_40c,40c_intermediate_soc_v3_activation_development,NAUMANN_CAL_T40_SOC37.5,14,239.71250000000001,21,False,False,13,0.4276714502725838,0.27541406074100794,-2.2988192486329346,0.62623797395621528,-1.6183611789775068,0.56649314401318906,-1.2444097927731312,0.50834907882214087,0.27787455999418686,-1.292444290580441,0.46609797781969137,0.33994441189220803,-1.1447538476762418,0.49314472486596239,0.36249230378582364,7,13,182,13,1685eb3ff040b97e556e59290236427bd01fa6693e35f25b6b5e068dfcb33837,fbf25ce9ab4afd95414eb9d4a49e4225d4e19699091f63ba9a0f82fbe662cb7d
v3_soc_interpolation_at_40c,40c_intermediate_soc_v3_activation_development,NAUMANN_CAL_T40_SOC62.5,5,29.504583333333333,30,False,False,4,0.59361047524483013,0.27660699406305533,-2.5307732235543923,0.59070287868259974,-1.7194217740383779,0.64778262105333617,-1.7259196820314513,0.65002969036170577,1e-10,-1.5570649946038631,0.60216254823021365,0.13767769292437718,-1.5189254615353074,0.61227775689734731,0.13364680684046087,7,13,65,4,9d8e87fde58b293ad61db7045349e5be46f77d6828a0b279523db6822d9c8939,8370a57fa0b59b93fe39f348698315455f22a49a5b69f888be4be4e2d0a52189
v3_soc_interpolation_at_40c,40c_intermediate_soc_v3_activation_development,NAUMANN_CAL_T40_SOC62.5,8,81.041666666666671,27,False,False,7,0.59361047524483013,0.29516830198327276,-1.9652693455411196,0.63944398582493411,-1.5135060235292119,0.57698574718208229,-1.5037737888720024,0.57451958939078163,3.6362342739948251e-22,-1.2454126793191429,0.51104200027185309,0.16956796421211123,-1.2429360022498295,0.52873051479654321,0.1773661988856248,7,13,104,7,e63b05bb9101dac67f669ec68a880adad40b8f0044a300f4e9bbc77604226818,7d5d20c6a2234846c839f77036bc13bf85b8553d617078188b94f3e66c46b8d8
v3_soc_interpolation_at_40c,40c_intermediate_soc_v3_activation_development,NAUMANN_CAL_T40_SOC62.5,10,136.94583333333333,25,False,False,9,0.59361047524483013,0.29861268581579864,-1.8070964562977163,0.59270416545609916,-1.4004478755793102,0.54443456089037812,-1.2952700852929848,0.5270205413637804,0.07515170805596931,-1.0877897279777673,0.46933443345857867,0.18967408968739696,-1.1028768599280621,0.49524523548596777,0.2214462128677108,7,13,130,9,10edf119c51f9f8e00f9320d0fe23fcb6e4edd82ee52998c739de2f54cf728ed,44c6c96ba10f11c88fb8c95baffc96bdfd9971e6346d6edee015c7f39c5d4cd4
v3_soc_interpolation_at_40c,40c_intermediate_soc_v3_activation_development,NAUMANN_CAL_T40_SOC62.5,14,239.71250000000001,21,False,False,13,0.59361047524483013,0.30205349325741804,-1.6172323010366219,0.54817370702744783,-1.3409288378621769,0.52911597698803803,-1.0837616528205956,0.48988972946860243,0.22209045245905465,-1.0124537940902318,0.45315497660270626,0.25339255888244028,-1.0095610838086848,0.47853282814552095,0.28888331410683932,7,13,182,13,1685eb3ff040b97e556e59290236427bd01fa6693e35f25b6b5e068dfcb33837,ddf1b2fd12297749e59bf026c734e7858415d11877b544b38620ca12de057022
v3_soc_interpolation_at_40c,40c_intermediate_soc_v3_activation_development,NAUMANN_CAL_T40_SOC87.5,5,29.504583333333333,30,False,False,4,1.6000446252988638,0.59946084010301859,-1.4148848648541301,0.56865292510041487,-0.36566926966808083,0.44985873842411228,-0.35720653998107432,0.44694854543436624,3.655104331718691e-23,-1.0829025707167526,0.54075315826069403,0.081843930956137262,-0.37228785973823081,0.45798617309734463,0.050724587083736582,7,13,65,4,9d8e87fde58b293ad61db7045349e5be46f77d6828a0b279523db6822d9c8939,e5c26885e9c3e6632e56d7b58c9bcef6a9eddd3e438321386003f1705264a53d
v3_soc_interpolation_at_40c,40c_intermediate_soc_v3_activation_development,NAUMANN_CAL_T40_SOC87.5,8,81.041666666666671,27,False,False,7,1.6000446252988638,0.559689721189223,-1.2006756571844066,0.53646847346534543,-0.29134848593314472,0.42348557459032232,-0.28708714593041734,0.42238091213269507,4.5606086085228335e-22,-0.87977643834569486,0.48061947242740799,0.10349055417917812,-0.30392477064555229,0.42773005545796511,0.012810141860737621,7,13,104,7,e63b05bb9101dac67f669ec68a880adad40b8f0044a300f4e9bbc77604226818,bc7c6a130cd3bc66dc8899cfd2011abf737f8b5414fe03cba4abfbc3079c4705
v3_soc_interpolation_at_40c,40c_intermediate_soc_v3_activation_development,NAUMANN_CAL_T40_SOC87.5,10,136.94583333333333,25,False,False,9,1.6000446252988638,0.53182221532536322,-1.0781846459092939,0.50125488881798919,-0.24893758307746014,0.4107326610912061,-0.24582464896174866,0.41001197132772588,8.7460951643587941e-16,-0.7782081507253864,0.45195491637636198,0.11324446092373383,-0.25042310250195432,0.4120473284893692,0.01827988946430107,7,13,130,9,10edf119c51f9f8e00f9320d0fe23fcb6e4edd82ee52998c739de2f54cf728ed,7c953d16e08fc8734a741b4de155571f66f93c5655d1db2b68af4ca1a4219737
v3_soc_interpolation_at_40c,40c_intermediate_soc_v3_activation_development,NAUMANN_CAL_T40_SOC87.5,14,239.71250000000001,21,False,False,13,1.6000446252988638,0.50006260164520477,-1.0045279038994539,0.48305440787026077,-0.23390980805002387,0.4065089668903496,-0.23102111110533535,0.40591937616248119,4.4578572668072621e-22,-0.73146076913079328,0.44134458364103313,0.16157288365145284,-0.2116802972383941,0.40371447596098176,0.048178507553139391,7,13,182,13,1685eb3ff040b97e556e59290236427bd01fa6693e35f25b6b5e068dfcb33837,5aa5768e6f12994a6213b8e1f609092db676a03f3ad642742e3613aba32a3f96
v3_unseen_temperature_level,temperature_c=0,NAUMANN_CAL_T0_SOC50,5,29.504583333333333,30,False,False,4,0.15718212355885439,0.059770787504329605,-3.6104457774813414,0.55712872639674527,-3.0733043698564688,0.58585373086934078,-2.1440178360975599,0.45050112811379117,0.20066261704905064,-1.9816925553443943,0.61364143606902155,0.19723362846734424,-2.3671938992678934,0.54537938067049163,0.22179301869702589,7,16,80,4,8a0c641e7e4a72cc292662cf07cf1f5b52525dbf67965b49737ff451f761d98f,df98960e96e89f710f82cb4186c4ec036641821c834b30f28a46bb4ba3907adc
v3_unseen_temperature_level,temperature_c=0,NAUMANN_CAL_T0_SOC50,8,81.041666666666671,27,False,False,7,0.15718212355885439,0.068809811356741149,-2.8646039245049959,0.74139940338131793,-3.2181963788887096,0.64181941971239242,-2.1521797613567331,0.45494242134016688,0.1945746470654422,-1.6917197745713204,0.52756720108245325,0.21931415263960444,-2.2072139306805778,0.48397019549102704,0.22557889635219941,7,16,128,7,ca1200ecd28d8391efc41da692715174010e553b24eb0af91899e7bdfa23cf88,929e5f3edd44a24b6125fec024d70c31ab586a4c129a2103499e2cf79341cc82
v3_unseen_temperature_level,temperature_c=0,NAUMANN_CAL_T0_SOC50,10,136.94583333333333,25,False,False,9,0.15718212355885439,0.068495906841222781,-2.6656017735087878,0.68343118179584494,-2.9393960800107357,0.55984110051510538,-2.171129313896043,0.43463031801756402,0.14723855718124587,-1.5039745289156208,0.48124729879557876,0.24855084389919238,-2.0470688536546779,0.43111012887037992,0.22389882263681049,7,16,160,9,53823bfd02ee0a62ee743a4a0633056a2a58404768a4efdb3c800bf4b10f8b21,912f83efcce7b716268d7e67d7d9d708532c486b81904ccc5171d02dc3ac9b00
v3_unseen_temperature_level,temperature_c=0,NAUMANN_CAL_T0_SOC50,14,239.71250000000001,21,False,False,13,0.15718212355885439,0.069070746406724365,-2.3815678232194033,0.6188125978936847,-2.8456825015964911,0.53514752506604513,-2.2176004756239234,0.43938025980259443,0.13164142170743715,-1.4768279036171656,0.47446690889488358,0.27125370814852645,-2.0582950806940747,0.42264849890938222,0.20134943277276224,7,16,224,13,8cbbe1d67e60772c4b6d9aafc62441b1fcb3fcf6e52ddb115f6f6bee225b2133,252aab7a04092bf0a41459515f7f387bc3041f44345ef04a211ba28192780bcc
v3_unseen_temperature_level,temperature_c=10,NAUMANN_CAL_T10_SOC50,5,29.504583333333333,30,False,False,4,0.2740902474090916,0.099315090246062082,-3.533392721259986,0.6046445619977473,-2.4145893996902976,0.53461565898888264,-1.8339931027329166,0.41981186043193341,0.13101784506121672,-1.9730847862577339,0.62670541242549471,0.19640359207038416,-2.164183284712712,0.55258857420914576,0.16535735973727569,7,16,80,4,bb823340c571578743e948413083fd86aac31f08c4073adf5bd82d9c7ccc1be7,7f2b2dc62f04b6a5df3e1eee6f161ad71ea2a89e8bc8a99202c7bd70d49ac554
v3_unseen_temperature_level,temperature_c=10,NAUMANN_CAL_T10_SOC50,8,81.041666666666671,27,False,False,7,0.2740902474090916,0.097844542311270502,-2.833618465003386,0.74825429848565839,-2.4341948299363221,0.52853906913238602,-1.8915849368138664,0.42423514727045653,0.10291346200365756,-1.6559057304198725,0.53423438061543105,0.22351488728234359,-2.0820012941890953,0.4847659275383866,0.12787176680332929,7,16,128,7,9a64fea4d212a51066dbf354b84a7f9aceb6dff4ce6145c0f0dd3e375dde93e0,056666e13f01086dbd47bf3a47f631737edf50f49f8121dafab4c13e1752f196
v3_unseen_temperature_level,temperature_c=10,NAUMANN_CAL_T10_SOC50,10,136.94583333333333,25,False,False,9,0.2740902474090916,0.09596082261263271,-2.5965323061237915,0.67974600754014769,-2.2950489479032172,0.48861702852033678,-1.8618531524726447,0.41597978675375802,0.1036005723454711,-1.4723171829211785,0.48512423082634459,0.2481713528494274,-1.8730078630913924,0.43243988595980204,0.15442982943748113,7,16,160,9,4a68d0b79787e0afae393b2852abe68ec950d731715f42f3124aca4929a0c292,6c6b47ab8f4e25fab360fd4d0a988b77a169ca1c3da7e4e66096b8a65a400fc0
v3_unseen_temperature_level,temperature_c=10,NAUMANN_CAL_T10_SOC50,14,239.71250000000001,21,False,False,13,0.2740902474090916,0.09503192363267679,-2.3147825513854814,0.61477306353300021,-2.3070620978593581,0.49057997079237198,-2.2446830998510672,0.47790765345045016,1e-10,-1.373696750556304,0.4658589679602515,0.2991226558093944,-1.7564125513716806,0.41216045396266288,0.18987715240496625,7,16,224,13,6dd0a4e8e352802ee1916b35a2a62d3053924cfdbee0f2ec487b0d62a5a97b53,674b6216e49b0185d5fac93fe2f33af25052c58316a6a67ee1b2bfeec8faa0f0
v3_unseen_temperature_level,temperature_c=25,NAUMANN_CAL_T25_SOC0,5,29.504583333333333,30,False,True,4,-0.20067206229330731,0,-5.2716880102959305,0.77776367351219133,-6.5445826437937704,0.7075276696191678,-4.167011804850639,0.9348516819838768,0.34450746551934336,-2.7639917867356432,0.77459670987629503,0.29827169344195481,-3.31339744637024,0.72524000120629761,0.39873510404944346,7,14,70,4,9c059b45f0b27159f44a5cdab306ae87fe834cd914d03bc88d4949d6bf4120e6,0f4808753923c2739a17c566820becc9cfb01baf5047575c619c19d1bae29002
v3_unseen_temperature_level,temperature_c=25,NAUMANN_CAL_T25_SOC0,8,81.041666666666671,27,True,True,7,-0.20067206229330731,0.017144914811983786,-4.0044460098444201,0.93511448274616471,-5.6215786670534422,0.97442750203698403,-3.3747007827892714,0.69107864896511273,0.35890938392028887,-2.153448798608018,0.59282594934233257,0.34152377027730185,-2.7071223607666193,0.5681713037874867,0.4544783976003286,7,14,112,7,fe4515a641d2885ff41e589b42b35a21b3f032f2fc3b414809ef52db6faffb5c,46aabe9fa1745ed78e97333182e04a6ca3f31e653615459c47cba3f8325ca8fc
v3_unseen_temperature_level,temperature_c=25,NAUMANN_CAL_T25_SOC0,10,136.94583333333333,25,True,True,9,-0.20067206229330731,0.028988045987961626,-3.6891886955326116,0.84518671560111813,-5.3833856430585341,0.94265327932298248,-2.8345902148143347,0.55982283343305983,0.39163933753706831,-1.8485375292710347,0.52075768871724915,0.40979968913412212,-2.4012371516293318,0.49335072470349267,0.48706328690922368,7,14,140,9,5019f59b4703c41fcdc34645348a6be83d19b071cd01bd864413b5a7347388ef,d0270a8fcebacc0e1f6d7df930f3a8dbd93923e27ed2629e9c16097369c9ef65
v3_unseen_temperature_level,temperature_c=25,NAUMANN_CAL_T25_SOC0,14,239.71250000000001,21,True,True,13,-0.20067206229330731,0.04096402105263814,-3.215408145940529,0.73755288715049194,-4.8646598559185374,0.8411115540851527,-2.4939609350019096,0.49308873312707313,0.43536701606308065,-1.7628811330808667,0.50310497026173362,0.46846593781832419,-2.3378135676523164,0.47250611789818597,0.48390769532405409,7,14,196,13,907c0fbed236b41893ebd46d03b2bd97c0e03012da22e2b0375aa5ee6b817c8b,821c841995bee6baf3df5c32dbc803df28a122167a9047027058191c80bd2abc
v3_unseen_temperature_level,temperature_c=25,NAUMANN_CAL_T25_SOC100,5,29.504583333333333,30,False,False,4,1.0674144559505976,0.4059317079283668,-0.93941585008695105,0.5283638925752745,-0.76202423454367318,0.45210880596177883,-0.75345223267654116,0.44912400966499388,6.4261593837713337e-23,-0.92826648086828467,0.50690745306388563,0.024180348185334714,-0.79121519159711107,0.46242273466950184,0.0019338843272781439,7,14,70,4,9c059b45f0b27159f44a5cdab306ae87fe834cd914d03bc88d4949d6bf4120e6,db1eebe294efacd39c8e61367c1620a0909d27a5d441e7f3d6d0c62bd390f6aa
v3_unseen_temperature_level,temperature_c=25,NAUMANN_CAL_T25_SOC100,8,81.041666666666671,27,False,False,7,1.0674144559505976,0.39633559279263209,-0.88916406182419427,0.47805167783955632,-0.74465433881981902,0.45220119513084023,-0.74489008720342142,0.45221079362664246,2.7574841201279446e-22,-0.80355144979178994,0.46525528606229744,0.030003811352167498,-0.7508217887746399,0.45395981031910743,0.0012412098864792247,7,14,112,7,fe4515a641d2885ff41e589b42b35a21b3f032f2fc3b414809ef52db6faffb5c,55af964a153adc893c43e2fa76196cc148c691dd59ac864d980080463e78cf97
v3_unseen_temperature_level,temperature_c=25,NAUMANN_CAL_T25_SOC100,10,136.94583333333333,25,False,False,9,1.0674144559505976,0.3847360637442554,-0.79948132006201533,0.45243015256237124,-0.72977519220098386,0.44750015030760931,-0.73153851545334403,0.44782603492322171,2.382490145243686e-17,-0.71955863913811913,0.44151021170511873,0.044839349314661284,-0.70625056767395378,0.44388697875814576,0.02597196114568549,7,14,140,9,5019f59b4703c41fcdc34645348a6be83d19b071cd01bd864413b5a7347388ef,071c7e179eca23e2d4ff94f4b28be31380c4fba88728bc7e06125ccb490f719f
v3_unseen_temperature_level,temperature_c=25,NAUMANN_CAL_T25_SOC100,14,239.71250000000001,21,False,False,13,1.0674144559505976,0.38120025349810038,-0.77720850492089177,0.44579430609102672,-0.81858160859587747,0.47038504940998782,-0.81783248193897939,0.47018539738253701,1.5715161244183009e-16,-0.69422775289050642,0.43390226977683377,0.070247822462874907,-0.7821994076141453,0.46459455738611755,0.033986433576032295,7,14,196,13,907c0fbed236b41893ebd46d03b2bd97c0e03012da22e2b0375aa5ee6b817c8b,8034b43661284f110f402b9748e0a72c4bea6b1890f70a034b4c27449c1aa2a6
v3_unseen_temperature_level,temperature_c=25,NAUMANN_CAL_T25_SOC50,5,29.504583333333333,30,False,False,4,0.24557434168329451,0.10312237932722129,-2.80544311287181,0.66321322090881418,-2.8264858410459852,0.68870065851960593,-1.4155293859577496,0.46868592488025412,0.57051741792727406,-1.8433449195244112,0.63196968970293232,0.14027553678219959,-2.2245904342654352,0.58827310148557344,0.17294577345463366,7,14,70,4,9c059b45f0b27159f44a5cdab306ae87fe834cd914d03bc88d4949d6bf4120e6,e7c243fd89456d60242252d2daa42743422dacfbb54c6f7e7c3d2f6042264f37
v3_unseen_temperature_level,temperature_c=25,NAUMANN_CAL_T25_SOC50,8,81.041666666666671,27,False,False,7,0.24557434168329451,0.13907029340417534,-2.3053369951646703,0.67500361230342876,-2.8160363876097323,0.72037948875702118,-1.3313498491572742,0.4672103394612781,0.62827061251198468,-1.5078887075241618,0.52941330218884974,0.16441545598192606,-1.857196282559582,0.54204486805111318,0.29105829577333164,7,14,112,7,fe4515a641d2885ff41e589b42b35a21b3f032f2fc3b414809ef52db6faffb5c,84285c0f3e8ec9672d6312325d5946072a2b0da3e1c31aca24d56ad2782e81f2
v3_unseen_temperature_level,temperature_c=25,NAUMANN_CAL_T25_SOC50,10,136.94583333333333,25,False,False,9,0.24557434168329451,0.14310577766228033,-2.1059230951435097,0.61880345104397161,-2.4552156915670849,0.61807446761165852,-1.3358895827371733,0.44136309303173854,0.51335523926136795,-1.316682562783078,0.4825241131211504,0.21060340103198999,-1.6352682378618988,0.4834272631532629,0.3184982932208919,7,14,140,9,5019f59b4703c41fcdc34645348a6be83d19b071cd01bd864413b5a7347388ef,89821b6441d7f46c9aab9ebbb20e11a17ec4b986f5481141e982e79a2d748987
v3_unseen_temperature_level,temperature_c=25,NAUMANN_CAL_T25_SOC50,14,239.71250000000001,21,False,False,13,0.24557434168329451,0.14594884357065957,-1.9127342219174879,0.57387382206098481,-2.2443881256485243,0.56473097658279092,-1.1760250343530154,0.40758936787186822,0.5624696580183326,-1.2601246822206726,0.4700034185223706,0.26704329020891288,-1.5340446042289269,0.4582040230286033,0.33154356675293944,7,14,196,13,907c0fbed236b41893ebd46d03b2bd97c0e03012da22e2b0375aa5ee6b817c8b,42e978e3eae28fbbcd09c8923b4334f9ca7000934ade897439cd945d60f6e750
v3_unseen_temperature_level,temperature_c=40,NAUMANN_CAL_T40_SOC0,5,29.504583333333333,30,False,True,4,-0.21036463202885611,0,-5.1716428863666319,0.62891307485987036,-6.8095798422805602,0.58162045077453761,-3.8643916211986649,0.91751658013469606,0.46203431120483379,-2.5235753805924221,0.73367351224833788,0.26451321098085684,-3.2603969277149969,0.70364823209664862,0.43318867548769785,7,8,40,4,59d91b2c5dcd256aad85838ee07a89953fa32a84c5f2d26263dfa8b83f47b86a,28e9d05cdca9a46714c9745a68ccca93be8a863fcd1ee61a2a26c1298d4a7553
v3_unseen_temperature_level,temperature_c=40,NAUMANN_CAL_T40_SOC0,8,81.041666666666671,27,True,True,7,-0.21036463202885611,0.01986913080927754,-3.670886489079586,0.87778669864614667,-5.7623182027753108,1.0540688695400344,-2.8712448438460405,0.64671073987272354,0.52809140715616687,-1.9947080437779832,0.57358149367577516,0.29787327884440029,-2.5957279405104372,0.57805583733827437,0.53167247358492176,7,8,64,7,5809a786cfdeb07ae820ac053b67e6c87bb18fa8ba193ebcdca5f7833d70c58b,638207505b1bf4c168a20cec212b048794bf9f52946b1b678dd2e6498d359cb2
v3_unseen_temperature_level,temperature_c=40,NAUMANN_CAL_T40_SOC0,10,136.94583333333333,25,True,True,9,-0.21036463202885611,0.038380860617469544,-3.3518572741468549,0.78344105209954407,-5.4822391238596264,1.0291482351894423,-2.4775883302354353,0.55696529622382762,0.57465805760653943,-1.716367543311468,0.49929629739060721,0.31277907651543269,-2.3088292150414937,0.51313332881375184,0.55310937759997902,7,8,80,9,f0bbe83a962f811a29973cea1ca6f02b8aeac42e09ab22fe838ddb462b77388a,0d8f72dc5aee3d18d55bf6758646fd03a03f033aef1083bc61e94397ece5bf8d
v3_unseen_temperature_level,temperature_c=40,NAUMANN_CAL_T40_SOC0,14,239.71250000000001,21,True,True,13,-0.21036463202885611,0.059356301707661964,-2.8735614694268028,0.67265409123783904,-4.9159791289417081,0.92510962568915012,-2.4450366439906364,0.54995016115553996,0.57912607325248955,-1.5251016167677427,0.4599204167672889,0.40982557244359585,-2.0632725465434127,0.48499514599172899,0.65651694696915763,7,8,112,13,5622b0538562daf326d0182fb7fe879753549f76700aa73275afc775cae932d1,693af3338b1aaa6c7406f450c73e97eb3c0ec611704954e00494c524d3058dc7
v3_unseen_temperature_level,temperature_c=40,NAUMANN_CAL_T40_SOC100,5,29.504583333333333,30,False,False,4,1.4221685948664202,0.56247152050966032,-1.3152291959264937,0.54417360897456279,-0.55649380890409861,0.49350176297745596,-0.55139047787146056,0.49175210106854927,4.4076227161614177e-17,-0.92537104389658342,0.50617467419150952,0.10353075971741314,-0.52310070854521384,0.49124441027279087,0.074265965477065557,7,8,40,4,59d91b2c5dcd256aad85838ee07a89953fa32a84c5f2d26263dfa8b83f47b86a,f00409dbfa49e2aabab11e582ead01398dd8fbd724c9100502ff3e777e5e08af
v3_unseen_temperature_level,temperature_c=40,NAUMANN_CAL_T40_SOC100,8,81.041666666666671,27,False,False,7,1.4221685948664202,0.54129024822784189,-1.1512340112897614,0.52662638658038685,-0.45454631504565191,0.45791537601042226,-0.4508638716993093,0.45699926287435949,5.4463380988081302e-22,-0.79455705691247625,0.46553069483427933,0.10883967955318012,-0.43867629848901768,0.45596676574259692,0.031015364709301302,7,8,64,7,5809a786cfdeb07ae820ac053b67e6c87bb18fa8ba193ebcdca5f7833d70c58b,861ff7b888e926cab83bebd898127137680398612ecbb7496cd29ddab41ca18b
v3_unseen_temperature_level,temperature_c=40,NAUMANN_CAL_T40_SOC100,10,136.94583333333333,25,False,False,9,1.4221685948664202,0.52055083683923076,-1.0224783945602842,0.48969309856995835,-0.39126806612100473,0.43904608360718811,-0.38686344797363337,0.43804162166433419,9.4475658180919787e-22,-0.73362228532522578,0.44331054315966767,0.094475181119307,-0.37231029574014785,0.43652735732657738,0.035801311188052048,7,8,80,9,f0bbe83a962f811a29973cea1ca6f02b8aeac42e09ab22fe838ddb462b77388a,908e0360aa4ab73a7b72559f66e97e1754ad30f3104b1a67f30820d4c321b2fe
v3_unseen_temperature_level,temperature_c=40,NAUMANN_CAL_T40_SOC100,14,239.71250000000001,21,False,False,13,1.4221685948664202,0.49324662709182876,-0.96078289532247463,0.47430844690224955,-0.34146261610014195,0.42568347290705155,-0.33568111182749183,0.4245098538162812,1.4473188976570163e-15,-0.70747751123412872,0.43634996842702434,0.14619219809103146,-0.29633886705151535,0.41947053435071563,0.08188166748516125,7,8,112,13,5622b0538562daf326d0182fb7fe879753549f76700aa73275afc775cae932d1,78f600d5e35bef96f075c4c7cda0b50b80210e9a85a20866d85f7e5fd1f674a7
v3_unseen_temperature_level,temperature_c=40,NAUMANN_CAL_T40_SOC12.5,5,29.504583333333333,30,False,True,4,-0.22097775775797851,0.010757112593936606,-4.5816557035074199,0.62180278171349701,-4.9537754359845385,0.8105336543178332,-3.1115241821078046,0.91486743079741817,0.68256262029503023,-2.2990386168494168,0.69606935070669718,0.24698468186359274,-2.9320858466758777,0.7627609275250069,0.4861603529973586,7,8,40,4,59d91b2c5dcd256aad85838ee07a89953fa32a84c5f2d26263dfa8b83f47b86a,827693189eaebffcc8da072ae5ddbef197d9d89db170f98584402af4df5999a9
v3_unseen_temperature_level,temperature_c=40,NAUMANN_CAL_T40_SOC12.5,8,81.041666666666671,27,True,True,7,-0.22097775775797851,0.071739995181839947,-3.3148022704762394,0.82338419956620312,-5.2038938872354841,1.1764085839380218,-2.2560440591925754,0.63976617918353473,0.7107355365307001,-1.8380125795979985,0.55640996168842682,0.27600970634144129,-2.2212365182674376,0.61289233138163413,0.62877501345542541,7,8,64,7,5809a786cfdeb07ae820ac053b67e6c87bb18fa8ba193ebcdca5f7833d70c58b,36a1245322b07bee33831299e2f4c51e40a8e7e96de95eff91132508b4c64daa
v3_unseen_temperature_level,temperature_c=40,NAUMANN_CAL_T40_SOC12.5,10,136.94583333333333,25,True,True,9,-0.22097775775797851,0.097486712264905989,-3.0207824047118415,0.73677214537610947,-4.6207009206646301,1.0258995263344675,-1.8893455332821125,0.55485508051329924,0.78289980775448031,-1.5969414751123896,0.49050807853704459,0.2842067534801862,-1.979934289732882,0.55524742767210866,0.64495032247157114,7,8,80,9,f0bbe83a962f811a29973cea1ca6f02b8aeac42e09ab22fe838ddb462b77388a,ee4aed9e06637b40a6ee560df3c00eb80d4118154faf1e97f4c7026547ff50db
v3_unseen_temperature_level,temperature_c=40,NAUMANN_CAL_T40_SOC12.5,14,239.71250000000001,21,True,True,13,-0.22097775775797851,0.12595578552755052,-2.6104071578118662,0.64140602860294349,-4.0242613902941411,0.89214579004315819,-1.7679602368293763,0.53158698590150477,0.82402530837356935,-1.4315903447406211,0.45602519313523399,0.37910070972925858,-1.7944858870593519,0.53058937126232175,0.75421008803302236,7,8,112,13,5622b0538562daf326d0182fb7fe879753549f76700aa73275afc775cae932d1,994ea8b04fd507db5fa76a1807bdff302b893e701e4d4f7ece9fa34dfce5ec94
v3_unseen_temperature_level,temperature_c=40,NAUMANN_CAL_T40_SOC25,5,29.504583333333333,30,False,False,4,0.28356383602312002,0.1536674723193541,-4.0225072268065496,0.61369759139875502,-2.7388140181489722,0.79365759770371436,-2.2678786864712324,0.71408963179203444,0.19664623851352972,-2.0815764878652758,0.66108427681778137,0.22871493066328111,-2.1065095405852543,0.67587410744721454,0.24191361432412661,7,8,40,4,59d91b2c5dcd256aad85838ee07a89953fa32a84c5f2d26263dfa8b83f47b86a,20ad22e9f5d84e724f42103bf3e4129665e12c048c29c4a0a5db35282b6777d4
v3_unseen_temperature_level,temperature_c=40,NAUMANN_CAL_T40_SOC25,8,81.041666666666671,27,False,False,7,0.28356383602312002,0.18393166412406431,-2.9704688115527835,0.77198383193532338,-2.4685484121658785,0.70227453723305,-1.9166473708882625,0.60061810295934159,0.21269501382908129,-1.6832247127956697,0.54028562459598195,0.25364166886464118,-1.696746019734904,0.55910419128982314,0.30313283604488572,7,8,64,7,5809a786cfdeb07ae820ac053b67e6c87bb18fa8ba193ebcdca5f7833d70c58b,6dd7c942a33d27f367b98c267885d15eb2c97bd3d37399bded6ee5e940dc464a
v3_unseen_temperature_level,temperature_c=40,NAUMANN_CAL_T40_SOC25,10,136.94583333333333,25,False,False,9,0.28356383602312002,0.19574602020590617,-2.7011082522730252,0.69294621366188514,-2.279049495664879,0.64933994848715459,-1.5709201419702139,0.53032581508255194,0.34282766803071757,-1.4765390957563964,0.48223128813339489,0.2560013836194342,-1.5000573827489259,0.5150689544799647,0.35257432962042773,7,8,80,9,f0bbe83a962f811a29973cea1ca6f02b8aeac42e09ab22fe838ddb462b77388a,e532224a3a85818886827aa0ebe0140de25cf7aa61ee754682360e68523afac8
v3_unseen_temperature_level,temperature_c=40,NAUMANN_CAL_T40_SOC25,14,239.71250000000001,21,False,False,13,0.28356383602312002,0.20961110633568564,-2.3541262718688993,0.612002210851747,-2.1714763637054921,0.62288306573087837,-1.5274942446888493,0.52187488163780271,0.36127708231181105,-1.3355957180950475,0.45240108881447105,0.34773890156356896,-1.3553528133602051,0.49407055457385651,0.4577532842916458,7,8,112,13,5622b0538562daf326d0182fb7fe879753549f76700aa73275afc775cae932d1,ec8cd75972e35ca4d48f710fe0e0f041196af0c6694158580b239dd8473f23a0
v3_unseen_temperature_level,temperature_c=40,NAUMANN_CAL_T40_SOC37.5,5,29.504583333333333,30,False,False,4,0.4276714502725838,0.23140719730948203,-3.4941974562640201,0.60459750391564449,-2.0881730695461909,0.71208451603473866,-2.1114891173080919,0.7199730960505154,7.4106685151696118e-16,-1.8711889936399992,0.62871829058159034,0.20970395737992198,-1.735455828180551,0.6477756623446026,0.19655666346366302,7,8,40,4,59d91b2c5dcd256aad85838ee07a89953fa32a84c5f2d26263dfa8b83f47b86a,6e3581f2ac979e3149438c1a615e26d2fcbd524d2f5ac48b35e5743126765468
v3_unseen_temperature_level,temperature_c=40,NAUMANN_CAL_T40_SOC37.5,8,81.041666666666671,27,False,False,7,0.4276714502725838,0.25839999683748843,-2.6378861123092188,0.72358559575350756,-1.8405316449680784,0.62756954769949636,-1.818876613945698,0.62212530850823611,9.4208116951547168e-23,-1.5303444433709974,0.52520848239843998,0.23076916641400017,-1.409415142462795,0.54917366721877514,0.24058923109187774,7,8,64,7,5809a786cfdeb07ae820ac053b67e6c87bb18fa8ba193ebcdca5f7833d70c58b,60117e7c35dd514b5b9eb98fd2a9bd27e3700bb1917048b27c36d46e1fd2fd2a
v3_unseen_temperature_level,temperature_c=40,NAUMANN_CAL_T40_SOC37.5,10,136.94583333333333,25,False,False,9,0.4276714502725838,0.26632267323697073,-2.3928348168304074,0.6519632569568713,-1.6931185486257703,0.58552759701445189,-1.4404747739020187,0.54298727993514939,0.15577178685301835,-1.3551604052434882,0.4744659261796581,0.2281629669331767,-1.2431893809280397,0.50929951580746802,0.28285273729318661,7,8,80,9,f0bbe83a962f811a29973cea1ca6f02b8aeac42e09ab22fe838ddb462b77388a,c8ab6cdd51bedf141627a2b1ae89c6d6d154f78a566a5c48201128a6b8acab3b
v3_unseen_temperature_level,temperature_c=40,NAUMANN_CAL_T40_SOC37.5,14,239.71250000000001,21,False,False,13,0.4276714502725838,0.27541406074100794,-2.1047188115979028,0.58444263798424967,-1.6156223138727366,0.56594556033086196,-1.2444097927731312,0.50834907882214087,0.27787455999418686,-1.2371177368310233,0.44904810380499999,0.31574014794652699,-1.1153768016388839,0.48819391411642149,0.37974289955749935,7,8,112,13,5622b0538562daf326d0182fb7fe879753549f76700aa73275afc775cae932d1,8c8a47e75332559ebf635b44fb8e87343c7059c30dc617bc563bce208841c578
v3_unseen_temperature_level,temperature_c=40,NAUMANN_CAL_T40_SOC50,5,29.504583333333333,30,False,False,4,0.2398898831728217,0.1888887048877578,-2.9967263918798324,0.59450251926416531,-2.7821894513261354,0.8783822919313985,-2.8712724848070383,0.91893845091252013,0.035741687327366135,-1.6678761341735873,0.59897139199812433,0.18995176201351527,-1.9869668892229495,0.69971581076092493,0.27259863641075066,7,8,40,4,59d91b2c5dcd256aad85838ee07a89953fa32a84c5f2d26263dfa8b83f47b86a,a6c528ca49e845f1b4488f4a27e01104dc4ce8217f6416c1f2163cc76ad89bde
v3_unseen_temperature_level,temperature_c=40,NAUMANN_CAL_T40_SOC50,8,81.041666666666671,27,False,False,7,0.2398898831728217,0.23531910859120536,-2.3170541727455456,0.67818949102075576,-2.3341602095754967,0.73149603490688164,-1.8120992648299086,0.63570419955047142,0.25690407464229686,-1.3793717713239808,0.51117853509580147,0.20739219898951816,-1.5358508428242983,0.57975687515376573,0.37362632092413045,7,8,64,7,5809a786cfdeb07ae820ac053b67e6c87bb18fa8ba193ebcdca5f7833d70c58b,94004d693ccc3b89243c5e75493895c893d102a740a8705ce68d07e38a70b163
v3_unseen_temperature_level,temperature_c=40,NAUMANN_CAL_T40_SOC50,10,136.94583333333333,25,False,False,9,0.2398898831728217,0.25040517144814961,-2.0959620983839868,0.61382327526106795,-2.0746759735517655,0.65903139819678358,-1.3695920215244315,0.54042327825676606,0.43378940616008582,-1.2328054035736655,0.46721199267583419,0.20069150342141373,-1.3713090046295726,0.53623284488617684,0.38482058615378739,7,8,80,9,f0bbe83a962f811a29973cea1ca6f02b8aeac42e09ab22fe838ddb462b77388a,d258bff48c8984cff1abbd86db5e38013af98a312839ed47c8354d58735a9268
v3_unseen_temperature_level,temperature_c=40,NAUMANN_CAL_T40_SOC50,14,239.71250000000001,21,False,False,13,0.2398898831728217,0.2652521285842166,-1.8621847769988769,0.55872731000045139,-1.8976362616315625,0.61519336921867462,-1.0957771554352815,0.49081227291784058,0.60700216294095277,-1.1361564009485472,0.44596623810682096,0.28310444887813263,-1.2269532537790671,0.50947832634711643,0.47045251298672691,7,8,112,13,5622b0538562daf326d0182fb7fe879753549f76700aa73275afc775cae932d1,9fbc8b8eb9a477bc4c58a0d7f5944c039c9355f08ec499d1c23eff92606562f3
v3_unseen_temperature_level,temperature_c=40,NAUMANN_CAL_T40_SOC62.5,5,29.504583333333333,30,False,False,4,0.59361047524483013,0.27660699406305533,-2.5300940336539854,0.58341263744431748,-1.7160210042275985,0.6466531406143029,-1.7259196820314513,0.65002969036170577,1e-10,-1.4716379094660397,0.57184358106738331,0.169458344564061,-1.4488925305054012,0.59700360042077494,0.17050684127341356,7,8,40,4,59d91b2c5dcd256aad85838ee07a89953fa32a84c5f2d26263dfa8b83f47b86a,d5dd7d4ba517af57626fca07e51bd9f69601a51960bed6d6e33d58aff653116c
v3_unseen_temperature_level,temperature_c=40,NAUMANN_CAL_T40_SOC62.5,8,81.041666666666671,27,False,False,7,0.59361047524483013,0.29516830198327276,-2.0079729928617631,0.63579551773706777,-1.5122046194164205,0.57665000310373749,-1.5037737888720024,0.57451958939078163,3.6362342739948251e-22,-1.2303066966546206,0.49819578268806602,0.18351076659119517,-1.2095045299214406,0.522796980841433,0.20082294924710428,7,8,64,7,5809a786cfdeb07ae820ac053b67e6c87bb18fa8ba193ebcdca5f7833d70c58b,37ccf2089250902a1177230afbe340e270d93df18f46c62ad5fa13cd543bb9ef
v3_unseen_temperature_level,temperature_c=40,NAUMANN_CAL_T40_SOC62.5,10,136.94583333333333,25,False,False,9,0.59361047524483013,0.29861268581579864,-1.8104900969337645,0.57852626857447487,-1.4005643245775281,0.54445987947314112,-1.2952700852929848,0.5270205413637804,0.07515170805596931,-1.1094740907469278,0.46046948762192319,0.1735869930841453,-1.0916574901394984,0.49281618160754648,0.22361787908464201,7,8,80,9,f0bbe83a962f811a29973cea1ca6f02b8aeac42e09ab22fe838ddb462b77388a,79c1d2583a54762a812af3ef0813f2cbd61b014659b45b79051404455ea37eae
v3_unseen_temperature_level,temperature_c=40,NAUMANN_CAL_T40_SOC62.5,14,239.71250000000001,21,False,False,13,0.59361047524483013,0.30205349325741804,-1.626524168071821,0.53485622690035239,-1.3406120756473712,0.52905143502324803,-1.0837616528205956,0.48988972946860243,0.22209045245905465,-1.0327117104476198,0.4431554917199339,0.24983180435838587,-0.99035369917969851,0.47537920663445193,0.30254602981147422,7,8,112,13,5622b0538562daf326d0182fb7fe879753549f76700aa73275afc775cae932d1,db551c001f4efa32add9f8265ad10b86c1581b8ce6f473ec8f01977dcbd4849e
v3_unseen_temperature_level,temperature_c=40,NAUMANN_CAL_T40_SOC75,5,29.504583333333333,30,False,False,4,1.1821038542727678,0.45408455322004959,-2.0943003815864802,0.57132785845610123,-0.66061089053623601,0.45575429118878658,-0.64449383292168061,0.45024777428444279,8.0740582603418186e-23,-1.2824743195173562,0.54733485778936708,0.14822370503155927,-0.6412123064318983,0.4640459291525299,0.098278644372792753,7,8,40,4,59d91b2c5dcd256aad85838ee07a89953fa32a84c5f2d26263dfa8b83f47b86a,5395ea0d3ea22ff93de150e8e4a9d17d4281d53bc1ddb1d70b18eefe779e131f
v3_unseen_temperature_level,temperature_c=40,NAUMANN_CAL_T40_SOC75,8,81.041666666666671,27,False,False,7,1.1821038542727678,0.4281118772503375,-1.7106425726578713,0.59640367590244359,-0.59735712398952268,0.43358067325872635,-0.58879029197665445,0.43133831841676856,3.8497502696100754e-22,-1.0831492193629164,0.48626022517523393,0.15912486921903113,-0.59421383463867472,0.43597004779837129,0.03476031282407737,7,8,64,7,5809a786cfdeb07ae820ac053b67e6c87bb18fa8ba193ebcdca5f7833d70c58b,619a1db3d2b287374033e4439d42b5ecf0ef1ae1fdca821eaf57c3ca0e42c060
v3_unseen_temperature_level,temperature_c=40,NAUMANN_CAL_T40_SOC75,10,136.94583333333333,25,False,False,9,1.1821038542727678,0.40891630586712002,-1.53641881247974,0.54607223689709228,-0.55620632460704067,0.42115540968447007,-0.54964616715736914,0.41963223648993775,3.3151847987476812e-22,-0.98516646676327524,0.45423841101792517,0.14684943592137134,-0.5345987300661611,0.41953535191866503,0.050230153824281712,7,8,80,9,f0bbe83a962f811a29973cea1ca6f02b8aeac42e09ab22fe838ddb462b77388a,4ae26553bf92c46d0771cdaf4c2b7e8cf1382903f9df4474a90efe0292336714
v3_unseen_temperature_level,temperature_c=40,NAUMANN_CAL_T40_SOC75,14,239.71250000000001,21,False,False,13,1.1821038542727678,0.3886800431487788,-1.3977369848167354,0.51282938868395223,-0.55707755142498783,0.42105781392475794,-0.55169528461294237,0.41996085034165209,7.2352454204247639e-23,-0.92678366532824086,0.44061586464433877,0.21592221438728679,-0.48282263161920941,0.41096139661864528,0.10951453774063769,7,8,112,13,5622b0538562daf326d0182fb7fe879753549f76700aa73275afc775cae932d1,86980336ab37e847df56083f7073df25e354627a73d0d21402ae59d8632e8957
v3_unseen_temperature_level,temperature_c=40,NAUMANN_CAL_T40_SOC87.5,5,29.504583333333333,30,False,False,4,1.6000446252988638,0.59946084010301859,-1.6893454356773163,0.55824818229951623,-0.36559774994500865,0.44983114488050158,-0.35720653998107432,0.44694854543436624,3.655104331718691e-23,-1.1003853643275379,0.52544522216407585,0.12624784341600995,-0.34891001384592879,0.45418653321994529,0.086917553640219705,7,8,40,4,59d91b2c5dcd256aad85838ee07a89953fa32a84c5f2d26263dfa8b83f47b86a,3347d5aa197aacce0aad3d7e2832fbdf5fd3de7f3ff17815340ace8c77cfe0a9
v3_unseen_temperature_level,temperature_c=40,NAUMANN_CAL_T40_SOC87.5,8,81.041666666666671,27,False,False,7,1.6000446252988638,0.559689721189223,-1.4250629121338707,0.56001396551688332,-0.29149286188066031,0.42352386808906078,-0.28708714593041734,0.42238091213269507,4.5606086085228335e-22,-0.93789933944886827,0.47537186255730501,0.13423450687302613,-0.29534218509251092,0.42595725476506058,0.019822211333531441,7,8,64,7,5809a786cfdeb07ae820ac053b67e6c87bb18fa8ba193ebcdca5f7833d70c58b,3d3a5d9e1681ec27a167887cc3774b833fc78e760060b951cf500bb6274f0cc3
v3_unseen_temperature_level,temperature_c=40,NAUMANN_CAL_T40_SOC87.5,10,136.94583333333333,25,False,False,9,1.6000446252988638,0.53182221532536322,-1.2737482450219131,0.51646118022892018,-0.24976281261069672,0.41092582730710808,-0.24582464896174866,0.41001197132772588,8.7460951643587941e-16,-0.859882531622708,0.44851876286383996,0.12047883193309192,-0.24632220601318208,0.41152821364085129,0.026569409556626903,7,8,80,9,f0bbe83a962f811a29973cea1ca6f02b8aeac42e09ab22fe838ddb462b77388a,7ebed8bb7ba3dae04edc31db59fadc0a5b393de7e9dcce4cf1482f26d94d6cb1
v3_unseen_temperature_level,temperature_c=40,NAUMANN_CAL_T40_SOC87.5,14,239.71250000000001,21,False,False,13,1.6000446252988638,0.50006260164520477,-1.17582322723362,0.49264679535125133,-0.23475861454137337,0.40668284984063785,-0.23102111110533535,0.40591937616248119,4.4578572668072621e-22,-0.81837226559041054,0.43834735688003562,0.18137567896483531,-0.19764616572571822,0.40186538107213415,0.07643311990686065,7,8,112,13,5622b0538562daf326d0182fb7fe879753549f76700aa73275afc775cae932d1,b2fde494b39dd47011af6b93b7bcb9838cf7796c4b542de0d5ed59d110e43736
v3_unseen_temperature_level,temperature_c=60,NAUMANN_CAL_T60_SOC0,5,29.504583333333333,30,False,False,4,0.034173372207249003,0.13748163866431304,-6.9181965675146468,0.62400694288092817,-3.8334509014319131,1.1226994875456604,-2.8829928692365074,0.92649938696614309,0.29289660821699087,-3.0184000666426662,0.8331469923124144,0.33416942889493517,-2.737623531584148,0.89005706164269394,0.32861700272422534,7,14,70,4,957e0261b211e480c9e8d5dcc2985d22f5db9cb1f5cc0c1d10373c9974c62d20,a4db9c7a2b6a6cc38c8c56d6fd657c617d61b58c34a82d5d6c0b505965664298
v3_unseen_temperature_level,temperature_c=60,NAUMANN_CAL_T60_SOC0,8,81.041666666666671,27,False,False,7,0.034173372207249003,0.18915280058184625,-4.954852612324081,1.1175560925053047,-3.0052738685438896,0.84683605980785193,-1.8909812766130421,0.63030595042310578,0.38741135876230581,-2.3300932580064955,0.62895309824589674,0.37835070781516394,-2.0044651965848015,0.65233815798289518,0.34783812131008512,7,14,112,7,2b960612b3e792e59d66d3bf5aa2a89c520e3db4ed92e2534aced21646f544f2,218e4ec1c65c0a40b14b9bf749370db02f6d8fbc6c05c3e8b06ec86f92aeea39
v3_unseen_temperature_level,temperature_c=60,NAUMANN_CAL_T60_SOC0,10,136.94583333333333,25,False,False,9,0.034173372207249003,0.20076190470709171,-4.6205239843416992,1.0186876052415177,-2.4784089971190051,0.70041469698114855,-1.4726039516301259,0.52682040475933911,0.46916620361712874,-1.9481514322482119,0.54189713162445829,0.45614360527538045,-1.6177502632051992,0.55340048376308626,0.40987791922333811,7,14,140,9,90a95533a01afda1e0312a3928f3e72f895f7205aab1c5a3ba79979a84f3963c,2cc481727fa68da26348e2f3684047f8a369e4152c90c7952776e0634a6c596f
v3_unseen_temperature_level,temperature_c=60,NAUMANN_CAL_T60_SOC0,14,239.71250000000001,21,False,False,13,0.034173372207249003,0.21015420128456511,-3.8736211685063608,0.85014105679756691,-2.1805795127624128,0.62512284105984828,-1.1648751604873675,0.46612265471492026,0.60240748536936883,-1.792619674610382,0.51209917964230234,0.51120703006542012,-1.4182737818822224,0.50638251755578079,0.44614445684807374,7,14,196,13,ad76a831e54466c623e1ce6a8d28704e739a28e00306110fda505254b2ec3816,1b4d66a78be15d74f275e97dbcec18f54dcc28d8e452202bddbac03121e7ea65
v3_unseen_temperature_level,temperature_c=60,NAUMANN_CAL_T60_SOC100,5,29.504583333333333,30,False,False,4,2.5641136998922605,1.0665944145132997,-0.89831714463256618,0.57905962284388057,0.021372843983148287,0.51474352665240408,0.031165288611938284,0.51150692830792066,1.1932957276773701e-17,-0.96979417525084732,0.53472831707525781,0.03141764221186575,0.0098822881458337404,0.51856126091806354,2.4103333328829656e-16,7,14,70,4,957e0261b211e480c9e8d5dcc2985d22f5db9cb1f5cc0c1d10373c9974c62d20,c78ae41f125a58eedbd48b47141283e660ca50c5f31d400e879716f7f16eea69
v3_unseen_temperature_level,temperature_c=60,NAUMANN_CAL_T60_SOC100,8,81.041666666666671,27,False,False,7,2.5641136998922605,1.0093413209179263,-0.8456638750768668,0.49264162239181031,0.20830858689701515,0.44738410250652233,0.23405817766967782,0.44099072344438212,1.4492529382890505e-16,-0.7964847680175241,0.48354617399576771,0.051894029563646922,0.20021505749461138,0.44949665246194692,4.3006222264798136e-17,7,14,112,7,2b960612b3e792e59d66d3bf5aa2a89c520e3db4ed92e2534aced21646f544f2,12b4a93c5b0a4595b5f0eefaff027e9f8b269be3489cae59a20e3be195b09f1b
v3_unseen_temperature_level,temperature_c=60,NAUMANN_CAL_T60_SOC100,10,136.94583333333333,25,False,False,9,2.5641136998922605,0.96051595833261849,-0.75151287976752668,0.46652439900953557,0.29054358250812734,0.42285128751268763,0.31548538791796904,0.41751203124849057,8.5299123260409637e-21,-0.68667339925566229,0.4570034792635696,0.082495726040769934,0.28463778738936429,0.42422016802042856,7.543862952676604e-22,7,14,140,9,90a95533a01afda1e0312a3928f3e72f895f7205aab1c5a3ba79979a84f3963c,b5e4c9d3fb710d2171ff79e26eb35fec6ecdd2d2f8bd9d7e88bfae4e36fe8653
v3_unseen_temperature_level,temperature_c=60,NAUMANN_CAL_T60_SOC100,14,239.71250000000001,21,False,False,13,2.5641136998922605,0.89292609776518339,-0.74190976483131188,0.46341218617482505,0.36519601005083435,0.4025620549350723,0.3928789264203903,0.39699775441670448,4.3615256221269265e-20,-0.63252165686950579,0.44724360301321209,0.120571587672425,0.36230211292416642,0.40315210616712371,1.422405682879826e-15,7,14,196,13,ad76a831e54466c623e1ce6a8d28704e739a28e00306110fda505254b2ec3816,172af490fed21a3d38f9c89d51e86d00613181f57b03985573e2bb5e738044e1
v3_unseen_temperature_level,temperature_c=60,NAUMANN_CAL_T60_SOC50,5,29.504583333333333,30,False,False,4,1.4598327124386259,0.69165239489332531,-3.3902932045991703,0.65065181427604568,-0.7713922202571466,0.63708741485772979,-0.76119875428968031,0.63375864985396346,3.8193311703282248e-16,-1.9482313720751092,0.67123209886800506,0.17358877170165096,-0.7584612488975897,0.64037104560537106,0.080144532131297491,7,14,70,4,957e0261b211e480c9e8d5dcc2985d22f5db9cb1f5cc0c1d10373c9974c62d20,6ef2e804e93da06fbabb86c64417d956cd748001c1e11ac0ffe1284567133a79
v3_unseen_temperature_level,temperature_c=60,NAUMANN_CAL_T60_SOC50,8,81.041666666666671,27,False,False,7,1.4598327124386259,0.71054091013114518,-2.6397077195084679,0.7551804523430069,-0.49619410786833529,0.54060868600287604,-0.47460518257604856,0.53532328915846161,3.2243241783375596e-22,-1.5455954228526478,0.55209127092933263,0.20901958930405251,-0.49960764752394848,0.54212030675719558,0.012820121182185481,7,14,112,7,2b960612b3e792e59d66d3bf5aa2a89c520e3db4ed92e2534aced21646f544f2,8165f0720c85a8f7e7a7064b31a4e14f33134d9f3e082c8351f4ccf0d1ac8a5b
v3_unseen_temperature_level,temperature_c=60,NAUMANN_CAL_T60_SOC50,10,136.94583333333333,25,False,False,9,1.4598327124386259,0.69974931924031059,-2.4192572390679845,0.69234778750914283,-0.35370491571527424,0.49921589941180594,-0.33330536508135999,0.49512909859008664,4.5308818052592091e-22,-1.3094958918716024,0.49724030879920184,0.26666708081635654,-0.30014330988471888,0.49134555772013977,0.11702649050798639,7,14,140,9,90a95533a01afda1e0312a3928f3e72f895f7205aab1c5a3ba79979a84f3963c,2bda9f4920a3c3cef433eb7ef50fa591adc7d918fcb79b542210fb45305b748b
v3_unseen_temperature_level,temperature_c=60,NAUMANN_CAL_T60_SOC50,14,239.71250000000001,21,False,False,13,1.4598327124386259,0.67521618459056287,-2.1251907584101764,0.62498507767059241,-0.23946572207269246,0.46887669673773175,-0.016615568368353557,0.43488564323778284,0.42913605970636448,-1.2069507703550506,0.47772012098264072,0.31954391607310428,-0.14799947187077647,0.45569403397655622,0.20496998214921308,7,14,196,13,ad76a831e54466c623e1ce6a8d28704e739a28e00306110fda505254b2ec3816,fac0d9cab3274e028044baa29f6a862274f6152ca5953223fcc9334ef003e7b7
