scenario,fold_id,target_condition_id,prefix_checkups,candidate_trajectory_iae_pp,candidate_future_point_mae_pp,final_true_retention_pct,candidate_final_predicted_retention_pct,candidate_final_error_pp,activation_gate_ready,comparator_trajectory_iae_pp,comparator_future_point_mae_pp,comparator_final_predicted_retention_pct,comparator_final_error_pp,ungated_target_trajectory_iae_pp,gated_hierarchical_trajectory_iae_pp,temperature_c,storage_soc_fraction,activation_component_selected,negative_loss_evidence,positive_time_observation_count,minimum_prefix_capacity_loss_pct,prefix_end_days,validation_horizon_days,training_support_days,time_extrapolation_ratio,future_checkup_count,fallback_reason,target_activation_fit_status,target_activation_fit_error,primary_vs_v2_delta_iae_pp,primary_vs_v2_relative_improvement_fraction,ungated_target_vs_v2_delta_iae_pp,gated_hierarchical_vs_v2_delta_iae_pp,candidate_final_absolute_error_pp,comparator_final_absolute_error_pp,horizon_to_prefix_time_ratio,is_primary_prefix,statistical_unit,independent_evidence_key,scenario_occurrence_count,duplicated_across_scenarios,candidate_error_rank_desc,candidate_error_top_quartile,temperature_outside_training_hull,selected_branch,gate_evidence_gap,risk_flags,trust_status,outcome_class,recommended_action,deployment_trusted,claim_allowed,claim_boundary
v3_unseen_temperature_level,temperature_c=40,NAUMANN_CAL_T40_SOC50,10,0.9866102264246418,0.91428877169439426,90.755118875206321,89.006871818222038,-1.7482470569842832,False,0.9866102264246418,0.91428877169439426,89.006871818222038,-1.7482470569842832,0.25537849549587771,0.9866102264246418,40,0.5,False,False,9,0.2398898831728217,136.94583333333333,885.04166666666652,136.94583333333333,6.462713359905071,25,gate_not_ready,fitted,none,0,0,-0.73123173092876415,0,1.7482470569842832,1.7482470569842832,6.462713359905071,True,temperature_soc_condition_mean_trajectory,NAUMANN_CAL_T40_SOC50,1,False,1,True,False,hierarchical_v2_fallback,negative_loss_evidence_absent,retrospective_post_hoc;condition_mean_not_cell_level;specialist_not_activated;fallback_same_as_v2;long_horizon_from_short_prefix;top_quartile_absolute_error_within_scenario_landmark,fallback_only_no_v3_evidence,exact_v2_fallback,Retain the V2 fallback and collect denser early condition-level data.,False,False,public retrospective condition-mean development only
v3_unseen_temperature_level,temperature_c=25,NAUMANN_CAL_T25_SOC100,10,0.84132398159370292,0.80083413187989438,89.008126104746694,89.95778841782834,0.94966231308164595,False,0.84132398159370292,0.80083413187989438,89.95778841782834,0.94966231308164595,0.83919324860012035,0.84132398159370292,25,1,False,False,9,1.0674144559505976,136.94583333333333,885.04166666666652,136.94583333333333,6.462713359905071,25,gate_not_ready,fitted,none,0,0,-0.0021307329935825736,0,0.94966231308164595,0.94966231308164595,6.462713359905071,True,temperature_soc_condition_mean_trajectory,NAUMANN_CAL_T25_SOC100,1,False,2,True,False,hierarchical_v2_fallback,negative_loss_evidence_absent,retrospective_post_hoc;condition_mean_not_cell_level;specialist_not_activated;fallback_same_as_v2;long_horizon_from_short_prefix;top_quartile_absolute_error_within_scenario_landmark,fallback_only_no_v3_evidence,exact_v2_fallback,Retain the V2 fallback and collect denser early condition-level data.,False,False,public retrospective condition-mean development only
v3_unseen_temperature_level,temperature_c=60,NAUMANN_CAL_T60_SOC0,10,0.59889360089214128,0.5451263453591082,88.497035210498524,90.278408957939163,1.7813737474406395,False,0.59889360089214128,0.5451263453591082,90.278408957939163,1.7813737474406395,1.397076844908389,0.59889360089214128,60,0,False,False,9,0.034173372207249003,136.94583333333333,885.04166666666652,136.94583333333333,6.462713359905071,25,gate_not_ready,fitted,none,0,0,0.79818324401624774,0,1.7813737474406395,1.7813737474406395,6.462713359905071,True,temperature_soc_condition_mean_trajectory,NAUMANN_CAL_T60_SOC0,1,False,3,True,True,hierarchical_v2_fallback,negative_loss_evidence_absent,retrospective_post_hoc;condition_mean_not_cell_level;specialist_not_activated;fallback_same_as_v2;long_horizon_from_short_prefix;top_quartile_absolute_error_within_scenario_landmark;temperature_outside_training_convex_hull;ungated_specialist_would_regress,fallback_only_no_v3_evidence,exact_v2_fallback,Retain the V2 fallback and collect denser early condition-level data.,False,False,public retrospective condition-mean development only
v3_unseen_temperature_level,temperature_c=25,NAUMANN_CAL_T25_SOC50,10,0.58652095070435395,0.54719247721007658,95.271963011453764,94.30942169431259,-0.96254131714117364,False,0.58652095070435395,0.54719247721007658,94.30942169431259,-0.96254131714117364,0.12061187990394616,0.58652095070435395,25,0.5,False,False,9,0.24557434168329451,136.94583333333333,885.04166666666652,136.94583333333333,6.462713359905071,25,gate_not_ready,fitted,none,0,0,-0.46590907080040778,0,0.96254131714117364,0.96254131714117364,6.462713359905071,True,temperature_soc_condition_mean_trajectory,NAUMANN_CAL_T25_SOC50,1,False,4,True,False,hierarchical_v2_fallback,negative_loss_evidence_absent,retrospective_post_hoc;condition_mean_not_cell_level;specialist_not_activated;fallback_same_as_v2;long_horizon_from_short_prefix;top_quartile_absolute_error_within_scenario_landmark,fallback_only_no_v3_evidence,exact_v2_fallback,Retain the V2 fallback and collect denser early condition-level data.,False,False,public retrospective condition-mean development only
v3_unseen_temperature_level,temperature_c=60,NAUMANN_CAL_T60_SOC100,10,0.5616763071176506,0.53738134560241801,77.437244974309522,76.432751741368449,-1.0044932329410727,False,0.5616763071176506,0.53738134560241801,76.432751741368449,-1.0044932329410727,0.40695397526137755,0.5616763071176506,60,1,False,False,9,2.5641136998922605,136.94583333333333,885.04166666666652,136.94583333333333,6.462713359905071,25,gate_not_ready,fitted,none,0,0,-0.15472233185627304,0,1.0044932329410727,1.0044932329410727,6.462713359905071,True,temperature_soc_condition_mean_trajectory,NAUMANN_CAL_T60_SOC100,1,False,5,True,True,hierarchical_v2_fallback,negative_loss_evidence_absent,retrospective_post_hoc;condition_mean_not_cell_level;specialist_not_activated;fallback_same_as_v2;long_horizon_from_short_prefix;top_quartile_absolute_error_within_scenario_landmark;temperature_outside_training_convex_hull,fallback_only_no_v3_evidence,exact_v2_fallback,Retain the V2 fallback and collect denser early condition-level data.,False,False,public retrospective condition-mean development only
v3_unseen_temperature_level,temperature_c=60,NAUMANN_CAL_T60_SOC50,10,0.47365402744667312,0.45662086345017372,79.95367388993796,79.224138114551579,-0.72953577538638115,False,0.47365402744667312,0.45662086345017372,79.224138114551579,-0.72953577538638115,0.39272814135810402,0.47365402744667312,60,0.5,False,False,9,1.4598327124386259,136.94583333333333,885.04166666666652,136.94583333333333,6.462713359905071,25,gate_not_ready,fitted,none,0,0,-0.080925886088569099,0,0.72953577538638115,0.72953577538638115,6.462713359905071,True,temperature_soc_condition_mean_trajectory,NAUMANN_CAL_T60_SOC50,1,False,6,False,True,hierarchical_v2_fallback,negative_loss_evidence_absent,retrospective_post_hoc;condition_mean_not_cell_level;specialist_not_activated;fallback_same_as_v2;long_horizon_from_short_prefix;temperature_outside_training_convex_hull,fallback_only_no_v3_evidence,exact_v2_fallback,Retain the V2 fallback and collect denser early condition-level data.,False,False,public retrospective condition-mean development only
v3_unseen_temperature_level,temperature_c=40,NAUMANN_CAL_T40_SOC100,10,0.37459341588328132,0.3625522399697354,86.390020867730897,86.697682281077576,0.30766141334667907,False,0.37459341588328132,0.3625522399697354,86.697682281077576,0.30766141334667907,0.3713287148989674,0.37459341588328132,40,1,False,False,9,1.4221685948664202,136.94583333333333,885.04166666666652,136.94583333333333,6.462713359905071,25,gate_not_ready,fitted,none,0,0,-0.0032647009843139174,0,0.30766141334667907,0.30766141334667907,6.462713359905071,True,temperature_soc_condition_mean_trajectory,NAUMANN_CAL_T40_SOC100,1,False,7,False,False,hierarchical_v2_fallback,negative_loss_evidence_absent,retrospective_post_hoc;condition_mean_not_cell_level;specialist_not_activated;fallback_same_as_v2;long_horizon_from_short_prefix,fallback_only_no_v3_evidence,exact_v2_fallback,Retain the V2 fallback and collect denser early condition-level data.,False,False,public retrospective condition-mean development only
v3_soc_interpolation_at_40c,40c_intermediate_soc_v3_activation_development,NAUMANN_CAL_T40_SOC37.5,10,0.33411719983258897,0.31483708727168053,90.735839071610982,90.208764114091224,-0.52707495751975841,False,0.33411719983258897,0.31483708727168053,90.208764114091224,-0.52707495751975841,0.070858759768327839,0.33411719983258897,40,0.375,False,False,9,0.4276714502725838,136.94583333333333,885.04166666666652,136.94583333333333,6.462713359905071,25,gate_not_ready,fitted,none,0,0,-0.26325844006426113,0,0.52707495751975841,0.52707495751975841,6.462713359905071,True,temperature_soc_condition_mean_trajectory,NAUMANN_CAL_T40_SOC37.5,2,True,1,True,False,hierarchical_v2_fallback,negative_loss_evidence_absent,retrospective_post_hoc;condition_mean_not_cell_level;specialist_not_activated;fallback_same_as_v2;long_horizon_from_short_prefix;top_quartile_absolute_error_within_scenario_landmark;scenario_duplicate_not_independent_evidence,fallback_only_no_v3_evidence,exact_v2_fallback,Retain the V2 fallback and collect denser early condition-level data.,False,False,public retrospective condition-mean development only
v3_unseen_temperature_level,temperature_c=40,NAUMANN_CAL_T40_SOC37.5,10,0.32620577180219357,0.30749278925377782,90.735839071610982,90.222754031765703,-0.51308503984527931,False,0.32620577180219357,0.30749278925377782,90.222754031765703,-0.51308503984527931,0.070858759768327839,0.32620577180219357,40,0.375,False,False,9,0.4276714502725838,136.94583333333333,885.04166666666652,136.94583333333333,6.462713359905071,25,gate_not_ready,fitted,none,0,0,-0.25534701203386573,0,0.51308503984527931,0.51308503984527931,6.462713359905071,True,temperature_soc_condition_mean_trajectory,NAUMANN_CAL_T40_SOC37.5,2,True,8,False,False,hierarchical_v2_fallback,negative_loss_evidence_absent,retrospective_post_hoc;condition_mean_not_cell_level;specialist_not_activated;fallback_same_as_v2;long_horizon_from_short_prefix;scenario_duplicate_not_independent_evidence,fallback_only_no_v3_evidence,exact_v2_fallback,Retain the V2 fallback and collect denser early condition-level data.,False,False,public retrospective condition-mean development only
v3_unseen_temperature_level,temperature_c=40,NAUMANN_CAL_T40_SOC25,10,0.31256238618240628,0.29287124474617315,92.05528336328554,91.609213932927261,-0.4460694303582784,False,0.31256238618240628,0.29287124474617315,91.609213932927261,-0.4460694303582784,0.26185608760614248,0.31256238618240628,40,0.25,False,False,9,0.28356383602312002,136.94583333333333,885.04166666666652,136.94583333333333,6.462713359905071,25,gate_not_ready,fitted,none,0,0,-0.050706298576263797,0,0.4460694303582784,0.4460694303582784,6.462713359905071,True,temperature_soc_condition_mean_trajectory,NAUMANN_CAL_T40_SOC25,1,False,9,False,False,hierarchical_v2_fallback,negative_loss_evidence_absent,retrospective_post_hoc;condition_mean_not_cell_level;specialist_not_activated;fallback_same_as_v2;long_horizon_from_short_prefix,fallback_only_no_v3_evidence,exact_v2_fallback,Retain the V2 fallback and collect denser early condition-level data.,False,False,public retrospective condition-mean development only
v3_soc_interpolation_at_40c,40c_intermediate_soc_v3_activation_development,NAUMANN_CAL_T40_SOC12.5,10,0.27137163795374231,0.23913534789318588,93.492343457609309,94.257525163369692,0.76518170576038358,True,2.1953555435544012,1.9862502803570221,88.835271542152839,-4.6570719154564699,0.27137163795374231,0.41210964154792029,40,0.125,True,True,9,-0.22097775775797851,136.94583333333333,885.04166666666652,136.94583333333333,6.462713359905071,25,none,fitted,none,-1.9239839056006589,0.87638829676109009,-1.9239839056006589,-1.783245902006481,0.76518170576038358,4.6570719154564699,6.462713359905071,True,temperature_soc_condition_mean_trajectory,NAUMANN_CAL_T40_SOC12.5,2,True,2,False,False,target_activation_specialist,none,retrospective_post_hoc;condition_mean_not_cell_level;retrospective_improvement_signal;long_horizon_from_short_prefix;scenario_duplicate_not_independent_evidence,development_signal_requires_external_validation,retrospective_improvement,Freeze the rule and test an independent cell-level cohort before use.,False,False,public retrospective condition-mean development only
v3_unseen_temperature_level,temperature_c=40,NAUMANN_CAL_T40_SOC12.5,10,0.27137163795374231,0.23913534789318588,93.492343457609309,94.257525163369692,0.76518170576038358,True,1.8353504867449639,1.6604172090121814,89.611717072039539,-3.8806263855697694,0.27137163795374231,0.51537698629869444,40,0.125,True,True,9,-0.22097775775797851,136.94583333333333,885.04166666666652,136.94583333333333,6.462713359905071,25,none,fitted,none,-1.5639788487912216,0.8521417898577911,-1.5639788487912216,-1.3199735004462694,0.76518170576038358,3.8806263855697694,6.462713359905071,True,temperature_soc_condition_mean_trajectory,NAUMANN_CAL_T40_SOC12.5,2,True,10,False,False,target_activation_specialist,none,retrospective_post_hoc;condition_mean_not_cell_level;retrospective_improvement_signal;long_horizon_from_short_prefix;scenario_duplicate_not_independent_evidence,development_signal_requires_external_validation,retrospective_improvement,Freeze the rule and test an independent cell-level cohort before use.,False,False,public retrospective condition-mean development only
v3_unseen_temperature_level,temperature_c=40,NAUMANN_CAL_T40_SOC75,10,0.21463838661132714,0.18529302860542146,89.421395176595354,90.009841604716357,0.5884464281210029,False,0.21463838661132714,0.18529302860542146,90.009841604716357,0.5884464281210029,0.2352200218435147,0.21463838661132714,40,0.75,False,False,9,1.1821038542727678,136.94583333333333,885.04166666666652,136.94583333333333,6.462713359905071,25,gate_not_ready,fitted,none,0,0,0.020581635232187562,0,0.5884464281210029,0.5884464281210029,6.462713359905071,True,temperature_soc_condition_mean_trajectory,NAUMANN_CAL_T40_SOC75,1,False,11,False,False,hierarchical_v2_fallback,negative_loss_evidence_absent,retrospective_post_hoc;condition_mean_not_cell_level;specialist_not_activated;fallback_same_as_v2;long_horizon_from_short_prefix;ungated_specialist_would_regress,fallback_only_no_v3_evidence,exact_v2_fallback,Retain the V2 fallback and collect denser early condition-level data.,False,False,public retrospective condition-mean development only
v3_unseen_temperature_level,temperature_c=40,NAUMANN_CAL_T40_SOC62.5,10,0.19616442976935508,0.19132642498099472,90.289459200236124,90.086063050059252,-0.20339615017687152,False,0.19616442976935508,0.19132642498099472,90.086063050059252,-0.20339615017687152,0.091704147999414259,0.19616442976935508,40,0.625,False,False,9,0.59361047524483013,136.94583333333333,885.04166666666652,136.94583333333333,6.462713359905071,25,gate_not_ready,fitted,none,0,0,-0.10446028176994082,0,0.20339615017687152,0.20339615017687152,6.462713359905071,True,temperature_soc_condition_mean_trajectory,NAUMANN_CAL_T40_SOC62.5,2,True,12,False,False,hierarchical_v2_fallback,negative_loss_evidence_absent,retrospective_post_hoc;condition_mean_not_cell_level;specialist_not_activated;fallback_same_as_v2;long_horizon_from_short_prefix;scenario_duplicate_not_independent_evidence,fallback_only_no_v3_evidence,exact_v2_fallback,Retain the V2 fallback and collect denser early condition-level data.,False,False,public retrospective condition-mean development only
v3_soc_interpolation_at_40c,40c_intermediate_soc_v3_activation_development,NAUMANN_CAL_T40_SOC62.5,10,0.19585626255595193,0.19104090014972427,90.289459200236124,90.086611807528385,-0.20284739270773855,False,0.19585626255595193,0.19104090014972427,90.086611807528385,-0.20284739270773855,0.091704147999414259,0.19585626255595193,40,0.625,False,False,9,0.59361047524483013,136.94583333333333,885.04166666666652,136.94583333333333,6.462713359905071,25,gate_not_ready,fitted,none,0,0,-0.10415211455653767,0,0.20284739270773855,0.20284739270773855,6.462713359905071,True,temperature_soc_condition_mean_trajectory,NAUMANN_CAL_T40_SOC62.5,2,True,3,False,False,hierarchical_v2_fallback,negative_loss_evidence_absent,retrospective_post_hoc;condition_mean_not_cell_level;specialist_not_activated;fallback_same_as_v2;long_horizon_from_short_prefix;scenario_duplicate_not_independent_evidence,fallback_only_no_v3_evidence,exact_v2_fallback,Retain the V2 fallback and collect denser early condition-level data.,False,False,public retrospective condition-mean development only
v3_unseen_temperature_level,temperature_c=40,NAUMANN_CAL_T40_SOC0,10,0.15594961641822838,0.14179418586440193,96.450765189228321,96.898843617844022,0.4480784286157018,True,0.37566906916574588,0.32703149655544339,95.512997528129489,-0.9377676610988317,0.15594961641822838,0.39278089616305595,40,0,True,True,9,-0.21036463202885611,136.94583333333333,885.04166666666652,136.94583333333333,6.462713359905071,25,none,fitted,none,-0.2197194527475175,0.58487501575642598,-0.2197194527475175,0.017111826997310065,0.4480784286157018,0.9377676610988317,6.462713359905071,True,temperature_soc_condition_mean_trajectory,NAUMANN_CAL_T40_SOC0,1,False,13,False,False,target_activation_specialist,none,retrospective_post_hoc;condition_mean_not_cell_level;retrospective_improvement_signal;long_horizon_from_short_prefix;alternative_hierarchical_gate_regresses,development_signal_requires_external_validation,retrospective_improvement,Freeze the rule and test an independent cell-level cohort before use.,False,False,public retrospective condition-mean development only
v3_unseen_temperature_level,temperature_c=25,NAUMANN_CAL_T25_SOC0,10,0.12376108583993173,0.11762587966875855,97.872716565331487,97.769047595058254,-0.10366897027323319,True,0.2763903501791905,0.24346206717235191,97.24583260037565,-0.62688396495583731,0.12376108583993173,0.069293617142458311,25,0,True,True,9,-0.20067206229330731,136.94583333333333,885.04166666666652,136.94583333333333,6.462713359905071,25,none,fitted,none,-0.15262926433925877,0.55222356439110687,-0.15262926433925877,-0.20709673303673221,0.10366897027323319,0.62688396495583731,6.462713359905071,True,temperature_soc_condition_mean_trajectory,NAUMANN_CAL_T25_SOC0,1,False,14,False,False,target_activation_specialist,none,retrospective_post_hoc;condition_mean_not_cell_level;retrospective_improvement_signal;long_horizon_from_short_prefix,development_signal_requires_external_validation,retrospective_improvement,Freeze the rule and test an independent cell-level cohort before use.,False,False,public retrospective condition-mean development only
v3_unseen_temperature_level,temperature_c=10,NAUMANN_CAL_T10_SOC50,10,0.098195992736316795,0.090726834609431539,96.961247700532525,97.225341357301843,0.26409365676931884,False,0.098195992736316795,0.090726834609431539,97.225341357301843,0.26409365676931884,0.24306693173176602,0.098195992736316795,10,0.5,False,False,9,0.2740902474090916,136.94583333333333,885.04166666666652,136.94583333333333,6.462713359905071,25,gate_not_ready,fitted,none,0,0,0.14487093899544923,0,0.26409365676931884,0.26409365676931884,6.462713359905071,True,temperature_soc_condition_mean_trajectory,NAUMANN_CAL_T10_SOC50,1,False,15,False,False,hierarchical_v2_fallback,negative_loss_evidence_absent,retrospective_post_hoc;condition_mean_not_cell_level;specialist_not_activated;fallback_same_as_v2;long_horizon_from_short_prefix;ungated_specialist_would_regress,fallback_only_no_v3_evidence,exact_v2_fallback,Retain the V2 fallback and collect denser early condition-level data.,False,False,public retrospective condition-mean development only
v3_unseen_temperature_level,temperature_c=0,NAUMANN_CAL_T0_SOC50,10,0.067448158900130964,0.066947734861303163,97.235264460257468,97.638065156562888,0.40280069630541959,False,0.067448158900130964,0.066947734861303163,97.638065156562888,0.40280069630541959,0.2016705165907676,0.067448158900130964,0,0.5,False,False,9,0.15718212355885439,136.94583333333333,885.04166666666652,136.94583333333333,6.462713359905071,25,gate_not_ready,fitted,none,0,0,0.13422235769063662,0,0.40280069630541959,0.40280069630541959,6.462713359905071,True,temperature_soc_condition_mean_trajectory,NAUMANN_CAL_T0_SOC50,1,False,16,False,True,hierarchical_v2_fallback,negative_loss_evidence_absent,retrospective_post_hoc;condition_mean_not_cell_level;specialist_not_activated;fallback_same_as_v2;long_horizon_from_short_prefix;temperature_outside_training_convex_hull;ungated_specialist_would_regress,fallback_only_no_v3_evidence,exact_v2_fallback,Retain the V2 fallback and collect denser early condition-level data.,False,False,public retrospective condition-mean development only
v3_soc_interpolation_at_40c,40c_intermediate_soc_v3_activation_development,NAUMANN_CAL_T40_SOC87.5,10,0.037408190885290724,0.038904406630039148,87.381149771030991,87.343837829537435,-0.037311941493555878,False,0.037408190885290724,0.038904406630039148,87.343837829537435,-0.037311941493555878,0.041955021057161632,0.037408190885290724,40,0.875,False,False,9,1.6000446252988638,136.94583333333333,885.04166666666652,136.94583333333333,6.462713359905071,25,gate_not_ready,fitted,none,0,0,0.0045468301718709081,0,0.037311941493555878,0.037311941493555878,6.462713359905071,True,temperature_soc_condition_mean_trajectory,NAUMANN_CAL_T40_SOC87.5,2,True,4,False,False,hierarchical_v2_fallback,negative_loss_evidence_absent,retrospective_post_hoc;condition_mean_not_cell_level;specialist_not_activated;fallback_same_as_v2;long_horizon_from_short_prefix;scenario_duplicate_not_independent_evidence;ungated_specialist_would_regress,fallback_only_no_v3_evidence,exact_v2_fallback,Retain the V2 fallback and collect denser early condition-level data.,False,False,public retrospective condition-mean development only
v3_unseen_temperature_level,temperature_c=40,NAUMANN_CAL_T40_SOC87.5,10,0.036264946207170058,0.038368451254898447,87.381149771030991,87.337691443659892,-0.043458327371098449,False,0.036264946207170058,0.038368451254898447,87.337691443659892,-0.043458327371098449,0.041955021057161632,0.036264946207170058,40,0.875,False,False,9,1.6000446252988638,136.94583333333333,885.04166666666652,136.94583333333333,6.462713359905071,25,gate_not_ready,fitted,none,0,0,0.0056900748499915735,0,0.043458327371098449,0.043458327371098449,6.462713359905071,True,temperature_soc_condition_mean_trajectory,NAUMANN_CAL_T40_SOC87.5,2,True,17,False,False,hierarchical_v2_fallback,negative_loss_evidence_absent,retrospective_post_hoc;condition_mean_not_cell_level;specialist_not_activated;fallback_same_as_v2;long_horizon_from_short_prefix;scenario_duplicate_not_independent_evidence;ungated_specialist_would_regress,fallback_only_no_v3_evidence,exact_v2_fallback,Retain the V2 fallback and collect denser early condition-level data.,False,False,public retrospective condition-mean development only
v3_unseen_temperature_level,temperature_c=60,NAUMANN_CAL_T60_SOC0,5,15.527730796752881,13.948041043469718,88.497035210498524,55.974116300223642,-32.522918910274882,False,15.527730796752881,13.948041043469718,55.974116300223642,-32.522918910274882,9.8384441330413352,15.527730796752881,60,0,False,False,4,0.034173372207249003,29.504583333333333,885.04166666666652,29.504583333333333,29.996751917075027,30,gate_not_ready,fitted,none,0,0,-5.6892866637115453,0,32.522918910274882,32.522918910274882,29.996751917075027,False,temperature_soc_condition_mean_trajectory,NAUMANN_CAL_T60_SOC0,1,False,1,True,True,hierarchical_v2_fallback,insufficient_positive_time_observations,retrospective_post_hoc;condition_mean_not_cell_level;specialist_not_activated;fallback_same_as_v2;long_horizon_from_short_prefix;top_quartile_absolute_error_within_scenario_landmark;temperature_outside_training_convex_hull,fallback_only_no_v3_evidence,exact_v2_fallback,Retain the V2 fallback and collect denser early condition-level data.,False,False,public retrospective condition-mean development only
v3_unseen_temperature_level,temperature_c=60,NAUMANN_CAL_T60_SOC50,5,8.2219726247297569,7.5269978667612119,79.95367388993796,65.129183889578428,-14.824490000359532,False,8.2219726247297569,7.5269978667612119,65.129183889578428,-14.824490000359532,7.9915586427322269,8.2219726247297569,60,0.5,False,False,4,1.4598327124386259,29.504583333333333,885.04166666666652,29.504583333333333,29.996751917075027,30,gate_not_ready,fitted,none,0,0,-0.23041398199752994,0,14.824490000359532,14.824490000359532,29.996751917075027,False,temperature_soc_condition_mean_trajectory,NAUMANN_CAL_T60_SOC50,1,False,2,True,True,hierarchical_v2_fallback,insufficient_positive_time_observations,retrospective_post_hoc;condition_mean_not_cell_level;specialist_not_activated;fallback_same_as_v2;long_horizon_from_short_prefix;top_quartile_absolute_error_within_scenario_landmark;temperature_outside_training_convex_hull,fallback_only_no_v3_evidence,exact_v2_fallback,Retain the V2 fallback and collect denser early condition-level data.,False,False,public retrospective condition-mean development only
v3_unseen_temperature_level,temperature_c=40,NAUMANN_CAL_T40_SOC50,5,7.3075243187454602,6.5928105159754846,90.755118875206321,75.996685366944774,-14.758433508261547,False,7.3075243187454602,6.5928105159754846,75.996685366944774,-14.758433508261547,9.6729831631025291,7.3075243187454602,40,0.5,False,False,4,0.2398898831728217,29.504583333333333,885.04166666666652,29.504583333333333,29.996751917075027,30,gate_not_ready,fitted,none,0,0,2.365458844357069,0,14.758433508261547,14.758433508261547,29.996751917075027,False,temperature_soc_condition_mean_trajectory,NAUMANN_CAL_T40_SOC50,1,False,3,True,False,hierarchical_v2_fallback,insufficient_positive_time_observations,retrospective_post_hoc;condition_mean_not_cell_level;specialist_not_activated;fallback_same_as_v2;long_horizon_from_short_prefix;top_quartile_absolute_error_within_scenario_landmark;ungated_specialist_would_regress,fallback_only_no_v3_evidence,exact_v2_fallback,Retain the V2 fallback and collect denser early condition-level data.,False,False,public retrospective condition-mean development only
v3_unseen_temperature_level,temperature_c=60,NAUMANN_CAL_T60_SOC100,5,6.3757678722553868,5.8746403862528256,77.437244974309522,66.409798821559974,-11.027446152749548,False,6.3757678722553868,5.8746403862528256,66.409798821559974,-11.027446152749548,6.1434694303834689,6.3757678722553868,60,1,False,False,4,2.5641136998922605,29.504583333333333,885.04166666666652,29.504583333333333,29.996751917075027,30,gate_not_ready,fitted,none,0,0,-0.23229844187191784,0,11.027446152749548,11.027446152749548,29.996751917075027,False,temperature_soc_condition_mean_trajectory,NAUMANN_CAL_T60_SOC100,1,False,4,True,True,hierarchical_v2_fallback,insufficient_positive_time_observations,retrospective_post_hoc;condition_mean_not_cell_level;specialist_not_activated;fallback_same_as_v2;long_horizon_from_short_prefix;top_quartile_absolute_error_within_scenario_landmark;temperature_outside_training_convex_hull,fallback_only_no_v3_evidence,exact_v2_fallback,Retain the V2 fallback and collect denser early condition-level data.,False,False,public retrospective condition-mean development only
v3_soc_interpolation_at_40c,40c_intermediate_soc_v3_activation_development,NAUMANN_CAL_T40_SOC37.5,5,3.3956604438771274,3.0900732622525298,90.735839071610982,84.344136225713044,-6.3917028458979388,False,3.3956604438771274,3.0900732622525298,84.344136225713044,-6.3917028458979388,3.5860951171357147,3.3956604438771274,40,0.375,False,False,4,0.4276714502725838,29.504583333333333,885.04166666666652,29.504583333333333,29.996751917075027,30,gate_not_ready,fitted,none,0,0,0.19043467325858732,0,6.3917028458979388,6.3917028458979388,29.996751917075027,False,temperature_soc_condition_mean_trajectory,NAUMANN_CAL_T40_SOC37.5,2,True,1,True,False,hierarchical_v2_fallback,insufficient_positive_time_observations,retrospective_post_hoc;condition_mean_not_cell_level;specialist_not_activated;fallback_same_as_v2;long_horizon_from_short_prefix;top_quartile_absolute_error_within_scenario_landmark;scenario_duplicate_not_independent_evidence;ungated_specialist_would_regress,fallback_only_no_v3_evidence,exact_v2_fallback,Retain the V2 fallback and collect denser early condition-level data.,False,False,public retrospective condition-mean development only
v3_unseen_temperature_level,temperature_c=40,NAUMANN_CAL_T40_SOC37.5,5,3.33883436388723,3.0385061890592913,90.735839071610982,84.454482249654149,-6.2813568219568339,False,3.33883436388723,3.0385061890592913,84.454482249654149,-6.2813568219568339,3.5860951171357147,3.33883436388723,40,0.375,False,False,4,0.4276714502725838,29.504583333333333,885.04166666666652,29.504583333333333,29.996751917075027,30,gate_not_ready,fitted,none,0,0,0.24726075324848473,0,6.2813568219568339,6.2813568219568339,29.996751917075027,False,temperature_soc_condition_mean_trajectory,NAUMANN_CAL_T40_SOC37.5,2,True,5,True,False,hierarchical_v2_fallback,insufficient_positive_time_observations,retrospective_post_hoc;condition_mean_not_cell_level;specialist_not_activated;fallback_same_as_v2;long_horizon_from_short_prefix;top_quartile_absolute_error_within_scenario_landmark;scenario_duplicate_not_independent_evidence;ungated_specialist_would_regress,fallback_only_no_v3_evidence,exact_v2_fallback,Retain the V2 fallback and collect denser early condition-level data.,False,False,public retrospective condition-mean development only
v3_unseen_temperature_level,temperature_c=40,NAUMANN_CAL_T40_SOC25,5,3.184927591293099,2.8844555395976483,92.05528336328554,85.893205842185509,-6.1620775211000307,False,3.184927591293099,2.8844555395976483,85.893205842185509,-6.1620775211000307,2.7868276978590041,3.184927591293099,40,0.25,False,False,4,0.28356383602312002,29.504583333333333,885.04166666666652,29.504583333333333,29.996751917075027,30,gate_not_ready,fitted,none,0,0,-0.39809989343409491,0,6.1620775211000307,6.1620775211000307,29.996751917075027,False,temperature_soc_condition_mean_trajectory,NAUMANN_CAL_T40_SOC25,1,False,6,False,False,hierarchical_v2_fallback,insufficient_positive_time_observations,retrospective_post_hoc;condition_mean_not_cell_level;specialist_not_activated;fallback_same_as_v2;long_horizon_from_short_prefix,fallback_only_no_v3_evidence,exact_v2_fallback,Retain the V2 fallback and collect denser early condition-level data.,False,False,public retrospective condition-mean development only
v3_soc_interpolation_at_40c,40c_intermediate_soc_v3_activation_development,NAUMANN_CAL_T40_SOC12.5,5,2.9179843692049814,2.6982740727235379,93.492343457609309,98.486840540717168,4.9944970831078592,False,2.9179843692049814,2.6982740727235379,98.486840540717168,4.9944970831078592,7.6099030462730886,2.9179843692049814,40,0.125,False,True,4,-0.22097775775797851,29.504583333333333,885.04166666666652,29.504583333333333,29.996751917075027,30,gate_not_ready,fitted,none,0,0,4.6919186770681076,0,4.9944970831078592,4.9944970831078592,29.996751917075027,False,temperature_soc_condition_mean_trajectory,NAUMANN_CAL_T40_SOC12.5,2,True,2,False,False,hierarchical_v2_fallback,insufficient_positive_time_observations,retrospective_post_hoc;condition_mean_not_cell_level;specialist_not_activated;fallback_same_as_v2;long_horizon_from_short_prefix;scenario_duplicate_not_independent_evidence;ungated_specialist_would_regress,fallback_only_no_v3_evidence,exact_v2_fallback,Retain the V2 fallback and collect denser early condition-level data.,False,False,public retrospective condition-mean development only
v3_unseen_temperature_level,temperature_c=40,NAUMANN_CAL_T40_SOC12.5,5,2.8016730562194931,2.5917009152792909,93.492343457609309,98.273303795280142,4.7809603376708338,False,2.8016730562194931,2.5917009152792909,98.273303795280142,4.7809603376708338,7.6099030462730886,2.8016730562194931,40,0.125,False,True,4,-0.22097775775797851,29.504583333333333,885.04166666666652,29.504583333333333,29.996751917075027,30,gate_not_ready,fitted,none,0,0,4.8082299900535954,0,4.7809603376708338,4.7809603376708338,29.996751917075027,False,temperature_soc_condition_mean_trajectory,NAUMANN_CAL_T40_SOC12.5,2,True,7,False,False,hierarchical_v2_fallback,insufficient_positive_time_observations,retrospective_post_hoc;condition_mean_not_cell_level;specialist_not_activated;fallback_same_as_v2;long_horizon_from_short_prefix;scenario_duplicate_not_independent_evidence;ungated_specialist_would_regress,fallback_only_no_v3_evidence,exact_v2_fallback,Retain the V2 fallback and collect denser early condition-level data.,False,False,public retrospective condition-mean development only
v3_unseen_temperature_level,temperature_c=60,NAUMANN_CAL_T60_SOC0,8,2.7735374335035639,2.6230465535987615,88.497035210498524,84.496802310937426,-4.0002328995610981,False,2.7735374335035639,2.6230465535987615,84.496802310937426,-4.0002328995610981,0.60489088603025476,2.7735374335035639,60,0,False,False,7,0.034173372207249003,81.041666666666671,885.04166666666652,81.041666666666671,10.920822622107966,27,gate_not_ready,fitted,none,0,0,-2.1686465474733092,0,4.0002328995610981,4.0002328995610981,10.920822622107966,False,temperature_soc_condition_mean_trajectory,NAUMANN_CAL_T60_SOC0,1,False,1,True,True,hierarchical_v2_fallback,negative_loss_evidence_absent,retrospective_post_hoc;condition_mean_not_cell_level;specialist_not_activated;fallback_same_as_v2;long_horizon_from_short_prefix;top_quartile_absolute_error_within_scenario_landmark;temperature_outside_training_convex_hull,fallback_only_no_v3_evidence,exact_v2_fallback,Retain the V2 fallback and collect denser early condition-level data.,False,False,public retrospective condition-mean development only
v3_soc_interpolation_at_40c,40c_intermediate_soc_v3_activation_development,NAUMANN_CAL_T40_SOC62.5,5,2.6870612426018186,2.4579013559673357,90.289459200236124,85.470305185321138,-4.8191540149149859,False,2.6870612426018186,2.4579013559673357,85.470305185321138,-4.8191540149149859,2.755664266010621,2.6870612426018186,40,0.625,False,False,4,0.59361047524483013,29.504583333333333,885.04166666666652,29.504583333333333,29.996751917075027,30,gate_not_ready,fitted,none,0,0,0.068603023408802422,0,4.8191540149149859,4.8191540149149859,29.996751917075027,False,temperature_soc_condition_mean_trajectory,NAUMANN_CAL_T40_SOC62.5,2,True,3,False,False,hierarchical_v2_fallback,insufficient_positive_time_observations,retrospective_post_hoc;condition_mean_not_cell_level;specialist_not_activated;fallback_same_as_v2;long_horizon_from_short_prefix;scenario_duplicate_not_independent_evidence;ungated_specialist_would_regress,fallback_only_no_v3_evidence,exact_v2_fallback,Retain the V2 fallback and collect denser early condition-level data.,False,False,public retrospective condition-mean development only
v3_unseen_temperature_level,temperature_c=40,NAUMANN_CAL_T40_SOC62.5,5,2.6540089807921921,2.4277647990247773,90.289459200236124,85.532120263491635,-4.7573389367444889,False,2.6540089807921921,2.4277647990247773,85.532120263491635,-4.7573389367444889,2.755664266010621,2.6540089807921921,40,0.625,False,False,4,0.59361047524483013,29.504583333333333,885.04166666666652,29.504583333333333,29.996751917075027,30,gate_not_ready,fitted,none,0,0,0.10165528521842893,0,4.7573389367444889,4.7573389367444889,29.996751917075027,False,temperature_soc_condition_mean_trajectory,NAUMANN_CAL_T40_SOC62.5,2,True,8,False,False,hierarchical_v2_fallback,insufficient_positive_time_observations,retrospective_post_hoc;condition_mean_not_cell_level;specialist_not_activated;fallback_same_as_v2;long_horizon_from_short_prefix;scenario_duplicate_not_independent_evidence;ungated_specialist_would_regress,fallback_only_no_v3_evidence,exact_v2_fallback,Retain the V2 fallback and collect denser early condition-level data.,False,False,public retrospective condition-mean development only
v3_unseen_temperature_level,temperature_c=40,NAUMANN_CAL_T40_SOC50,8,2.4888577850885021,2.3023955577125492,90.755118875206321,86.133100268750468,-4.6220186064558533,False,2.4888577850885021,2.3023955577125492,86.133100268750468,-4.6220186064558533,1.5736631500022875,2.4888577850885021,40,0.5,False,False,7,0.2398898831728217,81.041666666666671,885.04166666666652,81.041666666666671,10.920822622107966,27,gate_not_ready,fitted,none,0,0,-0.91519463508621457,0,4.6220186064558533,4.6220186064558533,10.920822622107966,False,temperature_soc_condition_mean_trajectory,NAUMANN_CAL_T40_SOC50,1,False,2,True,False,hierarchical_v2_fallback,negative_loss_evidence_absent,retrospective_post_hoc;condition_mean_not_cell_level;specialist_not_activated;fallback_same_as_v2;long_horizon_from_short_prefix;top_quartile_absolute_error_within_scenario_landmark,fallback_only_no_v3_evidence,exact_v2_fallback,Retain the V2 fallback and collect denser early condition-level data.,False,False,public retrospective condition-mean development only
v3_unseen_temperature_level,temperature_c=60,NAUMANN_CAL_T60_SOC50,8,2.2925183070938684,2.155376502002472,79.95367388993796,76.140583422974913,-3.8130904669630468,False,2.2925183070938684,2.155376502002472,76.140583422974913,-3.8130904669630468,2.1022886665910971,2.2925183070938684,60,0.5,False,False,7,1.4598327124386259,81.041666666666671,885.04166666666652,81.041666666666671,10.920822622107966,27,gate_not_ready,fitted,none,0,0,-0.19022964050277125,0,3.8130904669630468,3.8130904669630468,10.920822622107966,False,temperature_soc_condition_mean_trajectory,NAUMANN_CAL_T60_SOC50,1,False,3,True,True,hierarchical_v2_fallback,negative_loss_evidence_absent,retrospective_post_hoc;condition_mean_not_cell_level;specialist_not_activated;fallback_same_as_v2;long_horizon_from_short_prefix;top_quartile_absolute_error_within_scenario_landmark;temperature_outside_training_convex_hull,fallback_only_no_v3_evidence,exact_v2_fallback,Retain the V2 fallback and collect denser early condition-level data.,False,False,public retrospective condition-mean development only
v3_unseen_temperature_level,temperature_c=40,NAUMANN_CAL_T40_SOC0,5,1.9685321222568108,1.8130190596741211,96.450765189228321,99.94289798733142,3.4921327981030998,False,1.9685321222568108,1.8130190596741211,99.94289798733142,3.4921327981030998,3.3224455312912631,1.9685321222568108,40,0,False,True,4,-0.21036463202885611,29.504583333333333,885.04166666666652,29.504583333333333,29.996751917075027,30,gate_not_ready,fitted,none,0,0,1.3539134090344522,0,3.4921327981030998,3.4921327981030998,29.996751917075027,False,temperature_soc_condition_mean_trajectory,NAUMANN_CAL_T40_SOC0,1,False,9,False,False,hierarchical_v2_fallback,insufficient_positive_time_observations,retrospective_post_hoc;condition_mean_not_cell_level;specialist_not_activated;fallback_same_as_v2;long_horizon_from_short_prefix;ungated_specialist_would_regress,fallback_only_no_v3_evidence,exact_v2_fallback,Retain the V2 fallback and collect denser early condition-level data.,False,False,public retrospective condition-mean development only
v3_unseen_temperature_level,temperature_c=40,NAUMANN_CAL_T40_SOC100,5,1.8906651179431373,1.7926592437478941,86.390020867730897,83.682651112119274,-2.707369755611623,False,1.8906651179431373,1.7926592437478941,83.682651112119274,-2.707369755611623,1.8266852327527876,1.8906651179431373,40,1,False,False,4,1.4221685948664202,29.504583333333333,885.04166666666652,29.504583333333333,29.996751917075027,30,gate_not_ready,fitted,none,0,0,-0.063979885190349695,0,2.707369755611623,2.707369755611623,29.996751917075027,False,temperature_soc_condition_mean_trajectory,NAUMANN_CAL_T40_SOC100,1,False,10,False,False,hierarchical_v2_fallback,insufficient_positive_time_observations,retrospective_post_hoc;condition_mean_not_cell_level;specialist_not_activated;fallback_same_as_v2;long_horizon_from_short_prefix,fallback_only_no_v3_evidence,exact_v2_fallback,Retain the V2 fallback and collect denser early condition-level data.,False,False,public retrospective condition-mean development only
v3_unseen_temperature_level,temperature_c=60,NAUMANN_CAL_T60_SOC100,8,1.8305659562365151,1.7271458364750432,77.437244974309522,74.361536913695403,-3.0757080606141187,False,1.8305659562365151,1.7271458364750432,74.361536913695403,-3.0757080606141187,1.5658213606542328,1.8305659562365151,60,1,False,False,7,2.5641136998922605,81.041666666666671,885.04166666666652,81.041666666666671,10.920822622107966,27,gate_not_ready,fitted,none,0,0,-0.26474459558228225,0,3.0757080606141187,3.0757080606141187,10.920822622107966,False,temperature_soc_condition_mean_trajectory,NAUMANN_CAL_T60_SOC100,1,False,4,True,True,hierarchical_v2_fallback,negative_loss_evidence_absent,retrospective_post_hoc;condition_mean_not_cell_level;specialist_not_activated;fallback_same_as_v2;long_horizon_from_short_prefix;top_quartile_absolute_error_within_scenario_landmark;temperature_outside_training_convex_hull,fallback_only_no_v3_evidence,exact_v2_fallback,Retain the V2 fallback and collect denser early condition-level data.,False,False,public retrospective condition-mean development only
v3_unseen_temperature_level,temperature_c=25,NAUMANN_CAL_T25_SOC50,8,1.7947398250772524,1.6665989357997946,95.271963011453764,92.057757338955341,-3.2142056724984229,False,1.7947398250772524,1.6665989357997946,92.057757338955341,-3.2142056724984229,0.70977212717248928,1.7947398250772524,25,0.5,False,False,7,0.24557434168329451,81.041666666666671,885.04166666666652,81.041666666666671,10.920822622107966,27,gate_not_ready,fitted,none,0,0,-1.0849676979047631,0,3.2142056724984229,3.2142056724984229,10.920822622107966,False,temperature_soc_condition_mean_trajectory,NAUMANN_CAL_T25_SOC50,1,False,5,True,False,hierarchical_v2_fallback,negative_loss_evidence_absent,retrospective_post_hoc;condition_mean_not_cell_level;specialist_not_activated;fallback_same_as_v2;long_horizon_from_short_prefix;top_quartile_absolute_error_within_scenario_landmark,fallback_only_no_v3_evidence,exact_v2_fallback,Retain the V2 fallback and collect denser early condition-level data.,False,False,public retrospective condition-mean development only
v3_unseen_temperature_level,temperature_c=60,NAUMANN_CAL_T60_SOC0,14,1.611787881761795,1.4569193148193929,88.497035210498524,92.144014346644681,3.6469791361461574,False,1.611787881761795,1.4569193148193929,92.144014346644681,3.6469791361461574,2.1844014497289859,1.611787881761795,60,0,False,False,13,0.034173372207249003,239.71250000000001,885.04166666666652,239.71250000000001,3.6920964349654963,21,gate_not_ready,fitted,none,0,0,0.57261356796719087,0,3.6469791361461574,3.6469791361461574,3.6920964349654963,False,temperature_soc_condition_mean_trajectory,NAUMANN_CAL_T60_SOC0,1,False,1,True,True,hierarchical_v2_fallback,negative_loss_evidence_absent,retrospective_post_hoc;condition_mean_not_cell_level;specialist_not_activated;fallback_same_as_v2;top_quartile_absolute_error_within_scenario_landmark;temperature_outside_training_convex_hull;ungated_specialist_would_regress,fallback_only_no_v3_evidence,exact_v2_fallback,Retain the V2 fallback and collect denser early condition-level data.,False,False,public retrospective condition-mean development only
v3_soc_interpolation_at_40c,40c_intermediate_soc_v3_activation_development,NAUMANN_CAL_T40_SOC87.5,5,1.2269014451445881,1.1367586268696779,87.381149771030991,85.313806906565404,-2.0673428644655871,False,1.2269014451445881,1.1367586268696779,85.313806906565404,-2.0673428644655871,1.1287850664535082,1.2269014451445881,40,0.875,False,False,4,1.6000446252988638,29.504583333333333,885.04166666666652,29.504583333333333,29.996751917075027,30,gate_not_ready,fitted,none,0,0,-0.09811637869107992,0,2.0673428644655871,2.0673428644655871,29.996751917075027,False,temperature_soc_condition_mean_trajectory,NAUMANN_CAL_T40_SOC87.5,2,True,4,False,False,hierarchical_v2_fallback,insufficient_positive_time_observations,retrospective_post_hoc;condition_mean_not_cell_level;specialist_not_activated;fallback_same_as_v2;long_horizon_from_short_prefix;scenario_duplicate_not_independent_evidence,fallback_only_no_v3_evidence,exact_v2_fallback,Retain the V2 fallback and collect denser early condition-level data.,False,False,public retrospective condition-mean development only
v3_unseen_temperature_level,temperature_c=40,NAUMANN_CAL_T40_SOC87.5,5,1.2258750537390373,1.1358079309414582,87.381149771030991,85.315506294276062,-2.0656434767549285,False,1.2258750537390373,1.1358079309414582,85.315506294276062,-2.0656434767549285,1.1287850664535082,1.2258750537390373,40,0.875,False,False,4,1.6000446252988638,29.504583333333333,885.04166666666652,29.504583333333333,29.996751917075027,30,gate_not_ready,fitted,none,0,0,-0.097089987285529089,0,2.0656434767549285,2.0656434767549285,29.996751917075027,False,temperature_soc_condition_mean_trajectory,NAUMANN_CAL_T40_SOC87.5,2,True,11,False,False,hierarchical_v2_fallback,insufficient_positive_time_observations,retrospective_post_hoc;condition_mean_not_cell_level;specialist_not_activated;fallback_same_as_v2;long_horizon_from_short_prefix;scenario_duplicate_not_independent_evidence,fallback_only_no_v3_evidence,exact_v2_fallback,Retain the V2 fallback and collect denser early condition-level data.,False,False,public retrospective condition-mean development only
v3_soc_interpolation_at_40c,40c_intermediate_soc_v3_activation_development,NAUMANN_CAL_T40_SOC37.5,8,1.1743614705504211,1.0964106919388039,90.735839071610982,88.697999268868955,-2.0378398027420275,False,1.1743614705504211,1.0964106919388039,88.697999268868955,-2.0378398027420275,1.0378317578951322,1.1743614705504211,40,0.375,False,False,7,0.4276714502725838,81.041666666666671,885.04166666666652,81.041666666666671,10.920822622107966,27,gate_not_ready,fitted,none,0,0,-0.1365297126552889,0,2.0378398027420275,2.0378398027420275,10.920822622107966,False,temperature_soc_condition_mean_trajectory,NAUMANN_CAL_T40_SOC37.5,2,True,1,True,False,hierarchical_v2_fallback,negative_loss_evidence_absent,retrospective_post_hoc;condition_mean_not_cell_level;specialist_not_activated;fallback_same_as_v2;long_horizon_from_short_prefix;top_quartile_absolute_error_within_scenario_landmark;scenario_duplicate_not_independent_evidence,fallback_only_no_v3_evidence,exact_v2_fallback,Retain the V2 fallback and collect denser early condition-level data.,False,False,public retrospective condition-mean development only
v3_unseen_temperature_level,temperature_c=40,NAUMANN_CAL_T40_SOC25,8,1.1468125238801583,1.0654071437937431,92.05528336328554,90.057384905139912,-1.9978984581456274,False,1.1468125238801583,1.0654071437937431,90.057384905139912,-1.9978984581456274,0.41833121986510619,1.1468125238801583,40,0.25,False,False,7,0.28356383602312002,81.041666666666671,885.04166666666652,81.041666666666671,10.920822622107966,27,gate_not_ready,fitted,none,0,0,-0.72848130401505218,0,1.9978984581456274,1.9978984581456274,10.920822622107966,False,temperature_soc_condition_mean_trajectory,NAUMANN_CAL_T40_SOC25,1,False,6,False,False,hierarchical_v2_fallback,negative_loss_evidence_absent,retrospective_post_hoc;condition_mean_not_cell_level;specialist_not_activated;fallback_same_as_v2;long_horizon_from_short_prefix,fallback_only_no_v3_evidence,exact_v2_fallback,Retain the V2 fallback and collect denser early condition-level data.,False,False,public retrospective condition-mean development only
v3_unseen_temperature_level,temperature_c=25,NAUMANN_CAL_T25_SOC0,5,1.1447946637231983,1.0604867540389895,97.872716565331487,99.825103047265898,1.9523864819344112,False,1.1447946637231983,1.0604867540389895,99.825103047265898,1.9523864819344112,3.1740457066644265,1.1447946637231983,25,0,False,True,4,-0.20067206229330731,29.504583333333333,885.04166666666652,29.504583333333333,29.996751917075027,30,gate_not_ready,fitted,none,0,0,2.0292510429412283,0,1.9523864819344112,1.9523864819344112,29.996751917075027,False,temperature_soc_condition_mean_trajectory,NAUMANN_CAL_T25_SOC0,1,False,12,False,False,hierarchical_v2_fallback,insufficient_positive_time_observations,retrospective_post_hoc;condition_mean_not_cell_level;specialist_not_activated;fallback_same_as_v2;long_horizon_from_short_prefix;ungated_specialist_would_regress,fallback_only_no_v3_evidence,exact_v2_fallback,Retain the V2 fallback and collect denser early condition-level data.,False,False,public retrospective condition-mean development only
v3_unseen_temperature_level,temperature_c=40,NAUMANN_CAL_T40_SOC37.5,8,1.1308398074626873,1.0560276233686847,90.735839071610982,88.777439639573799,-1.9583994320371829,False,1.1308398074626873,1.0560276233686847,88.777439639573799,-1.9583994320371829,1.0378317578951322,1.1308398074626873,40,0.375,False,False,7,0.4276714502725838,81.041666666666671,885.04166666666652,81.041666666666671,10.920822622107966,27,gate_not_ready,fitted,none,0,0,-0.093008049567555151,0,1.9583994320371829,1.9583994320371829,10.920822622107966,False,temperature_soc_condition_mean_trajectory,NAUMANN_CAL_T40_SOC37.5,2,True,7,False,False,hierarchical_v2_fallback,negative_loss_evidence_absent,retrospective_post_hoc;condition_mean_not_cell_level;specialist_not_activated;fallback_same_as_v2;long_horizon_from_short_prefix;scenario_duplicate_not_independent_evidence,fallback_only_no_v3_evidence,exact_v2_fallback,Retain the V2 fallback and collect denser early condition-level data.,False,False,public retrospective condition-mean development only
v3_soc_interpolation_at_40c,40c_intermediate_soc_v3_activation_development,NAUMANN_CAL_T40_SOC62.5,8,0.84434178171369889,0.79577439039296083,90.289459200236124,88.95797444383679,-1.3314847563993339,False,0.84434178171369889,0.79577439039296083,88.95797444383679,-1.3314847563993339,0.80119765450657354,0.84434178171369889,40,0.625,False,False,7,0.59361047524483013,81.041666666666671,885.04166666666652,81.041666666666671,10.920822622107966,27,gate_not_ready,fitted,none,0,0,-0.043144127207125349,0,1.3314847563993339,1.3314847563993339,10.920822622107966,False,temperature_soc_condition_mean_trajectory,NAUMANN_CAL_T40_SOC62.5,2,True,2,False,False,hierarchical_v2_fallback,negative_loss_evidence_absent,retrospective_post_hoc;condition_mean_not_cell_level;specialist_not_activated;fallback_same_as_v2;long_horizon_from_short_prefix;scenario_duplicate_not_independent_evidence,fallback_only_no_v3_evidence,exact_v2_fallback,Retain the V2 fallback and collect denser early condition-level data.,False,False,public retrospective condition-mean development only
v3_unseen_temperature_level,temperature_c=40,NAUMANN_CAL_T40_SOC62.5,8,0.83827242988233042,0.79012362174772421,90.289459200236124,88.968755387525732,-1.3207038127103914,False,0.83827242988233042,0.79012362174772421,88.968755387525732,-1.3207038127103914,0.80119765450657354,0.83827242988233042,40,0.625,False,False,7,0.59361047524483013,81.041666666666671,885.04166666666652,81.041666666666671,10.920822622107966,27,gate_not_ready,fitted,none,0,0,-0.037074775375756874,0,1.3207038127103914,1.3207038127103914,10.920822622107966,False,temperature_soc_condition_mean_trajectory,NAUMANN_CAL_T40_SOC62.5,2,True,8,False,False,hierarchical_v2_fallback,negative_loss_evidence_absent,retrospective_post_hoc;condition_mean_not_cell_level;specialist_not_activated;fallback_same_as_v2;long_horizon_from_short_prefix;scenario_duplicate_not_independent_evidence,fallback_only_no_v3_evidence,exact_v2_fallback,Retain the V2 fallback and collect denser early condition-level data.,False,False,public retrospective condition-mean development only
v3_unseen_temperature_level,temperature_c=60,NAUMANN_CAL_T60_SOC50,14,0.79019847278535404,0.75200924125603852,79.95367388993796,81.04324612589204,1.0895722359540798,False,0.79019847278535404,0.75200924125603852,81.04324612589204,1.0895722359540798,1.1124467783479672,0.79019847278535404,60,0.5,False,False,13,1.4598327124386259,239.71250000000001,885.04166666666652,239.71250000000001,3.6920964349654963,21,gate_not_ready,fitted,none,0,0,0.32224830556261319,0,1.0895722359540798,1.0895722359540798,3.6920964349654963,False,temperature_soc_condition_mean_trajectory,NAUMANN_CAL_T60_SOC50,1,False,2,True,True,hierarchical_v2_fallback,negative_loss_evidence_absent,retrospective_post_hoc;condition_mean_not_cell_level;specialist_not_activated;fallback_same_as_v2;top_quartile_absolute_error_within_scenario_landmark;temperature_outside_training_convex_hull;ungated_specialist_would_regress,fallback_only_no_v3_evidence,exact_v2_fallback,Retain the V2 fallback and collect denser early condition-level data.,False,False,public retrospective condition-mean development only
v3_unseen_temperature_level,temperature_c=25,NAUMANN_CAL_T25_SOC50,5,0.78016522246325071,0.70608009759944779,95.271963011453764,93.660592800308464,-1.6113702111452994,False,0.78016522246325071,0.70608009759944779,93.660592800308464,-1.6113702111452994,0.4034005585593361,0.78016522246325071,25,0.5,False,False,4,0.24557434168329451,29.504583333333333,885.04166666666652,29.504583333333333,29.996751917075027,30,gate_not_ready,fitted,none,0,0,-0.37676466390391461,0,1.6113702111452994,1.6113702111452994,29.996751917075027,False,temperature_soc_condition_mean_trajectory,NAUMANN_CAL_T25_SOC50,1,False,13,False,False,hierarchical_v2_fallback,insufficient_positive_time_observations,retrospective_post_hoc;condition_mean_not_cell_level;specialist_not_activated;fallback_same_as_v2;long_horizon_from_short_prefix,fallback_only_no_v3_evidence,exact_v2_fallback,Retain the V2 fallback and collect denser early condition-level data.,False,False,public retrospective condition-mean development only
v3_unseen_temperature_level,temperature_c=25,NAUMANN_CAL_T25_SOC100,5,0.75510378585479399,0.70414937695617019,89.008126104746694,89.967588732503373,0.9594626277566789,False,0.75510378585479399,0.70414937695617019,89.967588732503373,0.9594626277566789,0.82291618334763694,0.75510378585479399,25,1,False,False,4,1.0674144559505976,29.504583333333333,885.04166666666652,29.504583333333333,29.996751917075027,30,gate_not_ready,fitted,none,0,0,0.067812397492842957,0,0.9594626277566789,0.9594626277566789,29.996751917075027,False,temperature_soc_condition_mean_trajectory,NAUMANN_CAL_T25_SOC100,1,False,14,False,False,hierarchical_v2_fallback,insufficient_positive_time_observations,retrospective_post_hoc;condition_mean_not_cell_level;specialist_not_activated;fallback_same_as_v2;long_horizon_from_short_prefix;ungated_specialist_would_regress,fallback_only_no_v3_evidence,exact_v2_fallback,Retain the V2 fallback and collect denser early condition-level data.,False,False,public retrospective condition-mean development only
v3_unseen_temperature_level,temperature_c=25,NAUMANN_CAL_T25_SOC0,8,0.74330451778198736,0.69225619801021832,97.872716565331487,96.635251470354049,-1.2374650949774377,True,0.21361999409497689,0.18561738969761271,97.307337643824326,-0.56537892150716118,0.74330451778198736,0.41679710317508012,25,0,True,True,7,-0.20067206229330731,81.041666666666671,885.04166666666652,81.041666666666671,10.920822622107966,27,none,fitted,none,0.52968452368701047,-2.4795643588095464,0.52968452368701047,0.20317710908010322,1.2374650949774377,0.56537892150716118,10.920822622107966,False,temperature_soc_condition_mean_trajectory,NAUMANN_CAL_T25_SOC0,1,False,9,False,False,target_activation_specialist,none,retrospective_post_hoc;condition_mean_not_cell_level;primary_regression_vs_v2;gate_triggered_without_trajectory_gain;candidate_worse_at_final_checkup;long_horizon_from_short_prefix;ungated_specialist_would_regress;alternative_hierarchical_gate_regresses,observed_relative_failure,relative_regression,Do not use the candidate; diagnose the specialist and retain V2.,False,False,public retrospective condition-mean development only
v3_unseen_temperature_level,temperature_c=40,NAUMANN_CAL_T40_SOC100,8,0.69192702957249486,0.71161556108704305,86.390020867730897,85.807691520762589,-0.58232934696830796,False,0.69192702957249486,0.71161556108704305,85.807691520762589,-0.58232934696830796,0.67082437331617906,0.69192702957249486,40,1,False,False,7,1.4221685948664202,81.041666666666671,885.04166666666652,81.041666666666671,10.920822622107966,27,gate_not_ready,fitted,none,0,0,-0.021102656256315799,0,0.58232934696830796,0.58232934696830796,10.920822622107966,False,temperature_soc_condition_mean_trajectory,NAUMANN_CAL_T40_SOC100,1,False,10,False,False,hierarchical_v2_fallback,negative_loss_evidence_absent,retrospective_post_hoc;condition_mean_not_cell_level;specialist_not_activated;fallback_same_as_v2;long_horizon_from_short_prefix,fallback_only_no_v3_evidence,exact_v2_fallback,Retain the V2 fallback and collect denser early condition-level data.,False,False,public retrospective condition-mean development only
v3_unseen_temperature_level,temperature_c=25,NAUMANN_CAL_T25_SOC100,8,0.68046612176066901,0.64524344476750173,89.008126104746694,89.785402818312832,0.77727671356613826,False,0.68046612176066901,0.64524344476750173,89.785402818312832,0.77727671356613826,0.68172483117581828,0.68046612176066901,25,1,False,False,7,1.0674144559505976,81.041666666666671,885.04166666666652,81.041666666666671,10.920822622107966,27,gate_not_ready,fitted,none,0,0,0.0012587094151492728,0,0.77727671356613826,0.77727671356613826,10.920822622107966,False,temperature_soc_condition_mean_trajectory,NAUMANN_CAL_T25_SOC100,1,False,11,False,False,hierarchical_v2_fallback,negative_loss_evidence_absent,retrospective_post_hoc;condition_mean_not_cell_level;specialist_not_activated;fallback_same_as_v2;long_horizon_from_short_prefix;ungated_specialist_would_regress,fallback_only_no_v3_evidence,exact_v2_fallback,Retain the V2 fallback and collect denser early condition-level data.,False,False,public retrospective condition-mean development only
v3_soc_interpolation_at_40c,40c_intermediate_soc_v3_activation_development,NAUMANN_CAL_T40_SOC12.5,8,0.65350467020254477,0.62591194945083517,93.492343457609309,92.66473176657054,-0.82761169103876853,True,4.5492622396840936,4.1098356845029276,83.302117958070482,-10.190225499538826,0.65350467020254477,0.11871896136979181,40,0.125,True,True,7,-0.22097775775797851,81.041666666666671,885.04166666666652,81.041666666666671,10.920822622107966,27,none,fitted,none,-3.8957575694815487,0.8563493076961145,-3.8957575694815487,-4.4305432783143015,0.82761169103876853,10.190225499538826,10.920822622107966,False,temperature_soc_condition_mean_trajectory,NAUMANN_CAL_T40_SOC12.5,2,True,3,False,False,target_activation_specialist,none,retrospective_post_hoc;condition_mean_not_cell_level;retrospective_improvement_signal;long_horizon_from_short_prefix;scenario_duplicate_not_independent_evidence,development_signal_requires_external_validation,retrospective_improvement,Freeze the rule and test an independent cell-level cohort before use.,False,False,public retrospective condition-mean development only
v3_unseen_temperature_level,temperature_c=40,NAUMANN_CAL_T40_SOC12.5,8,0.65350467020254477,0.62591194945083517,93.492343457609309,92.66473176657054,-0.82761169103876853,True,4.2905914105290277,3.8767084479119007,83.900550955280153,-9.5917925023291559,0.65350467020254477,0.10792565830702384,40,0.125,True,True,7,-0.22097775775797851,81.041666666666671,885.04166666666652,81.041666666666671,10.920822622107966,27,none,fitted,none,-3.6370867403264828,0.84768890633611549,-3.6370867403264828,-4.1826657522220039,0.82761169103876853,9.5917925023291559,10.920822622107966,False,temperature_soc_condition_mean_trajectory,NAUMANN_CAL_T40_SOC12.5,2,True,12,False,False,target_activation_specialist,none,retrospective_post_hoc;condition_mean_not_cell_level;retrospective_improvement_signal;long_horizon_from_short_prefix;scenario_duplicate_not_independent_evidence,development_signal_requires_external_validation,retrospective_improvement,Freeze the rule and test an independent cell-level cohort before use.,False,False,public retrospective condition-mean development only
v3_unseen_temperature_level,temperature_c=40,NAUMANN_CAL_T40_SOC75,5,0.64898491184987417,0.61511491771993909,89.421395176595354,88.618704596993823,-0.80269057960153134,False,0.64898491184987417,0.61511491771993909,88.618704596993823,-0.80269057960153134,0.50701875009901076,0.64898491184987417,40,0.75,False,False,4,1.1821038542727678,29.504583333333333,885.04166666666652,29.504583333333333,29.996751917075027,30,gate_not_ready,fitted,none,0,0,-0.14196616175086341,0,0.80269057960153134,0.80269057960153134,29.996751917075027,False,temperature_soc_condition_mean_trajectory,NAUMANN_CAL_T40_SOC75,1,False,15,False,False,hierarchical_v2_fallback,insufficient_positive_time_observations,retrospective_post_hoc;condition_mean_not_cell_level;specialist_not_activated;fallback_same_as_v2;long_horizon_from_short_prefix,fallback_only_no_v3_evidence,exact_v2_fallback,Retain the V2 fallback and collect denser early condition-level data.,False,False,public retrospective condition-mean development only
v3_soc_interpolation_at_40c,40c_intermediate_soc_v3_activation_development,NAUMANN_CAL_T40_SOC12.5,14,0.47664616403219495,0.43090064300526926,93.492343457609309,94.532554513777697,1.0402110561683884,True,0.69615422841222729,0.63196292875048854,92.135790002116167,-1.3565534554931418,0.47664616403219495,0.50008264577410022,40,0.125,True,True,13,-0.22097775775797851,239.71250000000001,885.04166666666652,239.71250000000001,3.6920964349654963,21,none,fitted,none,-0.21950806438003234,0.31531527845586937,-0.21950806438003234,-0.19607158263812707,1.0402110561683884,1.3565534554931418,3.6920964349654963,False,temperature_soc_condition_mean_trajectory,NAUMANN_CAL_T40_SOC12.5,2,True,1,True,False,target_activation_specialist,none,retrospective_post_hoc;condition_mean_not_cell_level;retrospective_improvement_signal;top_quartile_absolute_error_within_scenario_landmark;scenario_duplicate_not_independent_evidence,development_signal_requires_external_validation,retrospective_improvement,Freeze the rule and test an independent cell-level cohort before use.,False,False,public retrospective condition-mean development only
v3_unseen_temperature_level,temperature_c=40,NAUMANN_CAL_T40_SOC12.5,14,0.47664616403219495,0.43090064300526926,93.492343457609309,94.532554513777697,1.0402110561683884,True,0.5655980403558527,0.51257318796492479,92.389612714173552,-1.1027307434357567,0.47664616403219495,0.56661304376348998,40,0.125,True,True,13,-0.22097775775797851,239.71250000000001,885.04166666666652,239.71250000000001,3.6920964349654963,21,none,fitted,none,-0.088951876323657753,0.15727048182078676,-0.088951876323657753,0.0010150034076372716,1.0402110561683884,1.1027307434357567,3.6920964349654963,False,temperature_soc_condition_mean_trajectory,NAUMANN_CAL_T40_SOC12.5,2,True,3,True,False,target_activation_specialist,none,retrospective_post_hoc;condition_mean_not_cell_level;retrospective_improvement_signal;top_quartile_absolute_error_within_scenario_landmark;scenario_duplicate_not_independent_evidence;alternative_hierarchical_gate_regresses,development_signal_requires_external_validation,retrospective_improvement,Freeze the rule and test an independent cell-level cohort before use.,False,False,public retrospective condition-mean development only
v3_unseen_temperature_level,temperature_c=25,NAUMANN_CAL_T25_SOC100,14,0.46911853882446097,0.46217789936650344,89.008126104746694,89.267467849375919,0.25934174462922499,False,0.46911853882446097,0.46217789936650344,89.267467849375919,0.25934174462922499,0.47361128429222193,0.46911853882446097,25,1,False,False,13,1.0674144559505976,239.71250000000001,885.04166666666652,239.71250000000001,3.6920964349654963,21,gate_not_ready,fitted,none,0,0,0.0044927454677609613,0,0.25934174462922499,0.25934174462922499,3.6920964349654963,False,temperature_soc_condition_mean_trajectory,NAUMANN_CAL_T25_SOC100,1,False,4,True,False,hierarchical_v2_fallback,negative_loss_evidence_absent,retrospective_post_hoc;condition_mean_not_cell_level;specialist_not_activated;fallback_same_as_v2;top_quartile_absolute_error_within_scenario_landmark;ungated_specialist_would_regress,fallback_only_no_v3_evidence,exact_v2_fallback,Retain the V2 fallback and collect denser early condition-level data.,False,False,public retrospective condition-mean development only
v3_unseen_temperature_level,temperature_c=60,NAUMANN_CAL_T60_SOC100,14,0.45154860514536216,0.43472116827401763,77.437244974309522,77.872192645208969,0.4349476708994473,False,0.45154860514536216,0.43472116827401763,77.872192645208969,0.4349476708994473,0.59117900040413074,0.45154860514536216,60,1,False,False,13,2.5641136998922605,239.71250000000001,885.04166666666652,239.71250000000001,3.6920964349654963,21,gate_not_ready,fitted,none,0,0,0.13963039525876858,0,0.4349476708994473,0.4349476708994473,3.6920964349654963,False,temperature_soc_condition_mean_trajectory,NAUMANN_CAL_T60_SOC100,1,False,5,True,True,hierarchical_v2_fallback,negative_loss_evidence_absent,retrospective_post_hoc;condition_mean_not_cell_level;specialist_not_activated;fallback_same_as_v2;top_quartile_absolute_error_within_scenario_landmark;temperature_outside_training_convex_hull;ungated_specialist_would_regress,fallback_only_no_v3_evidence,exact_v2_fallback,Retain the V2 fallback and collect denser early condition-level data.,False,False,public retrospective condition-mean development only
v3_unseen_temperature_level,temperature_c=0,NAUMANN_CAL_T0_SOC50,8,0.41344236643119647,0.38981458686540099,97.235264460257468,96.882735786184185,-0.35252867407328381,False,0.41344236643119647,0.38981458686540099,96.882735786184185,-0.35252867407328381,0.095498733491937229,0.41344236643119647,0,0.5,False,False,7,0.15718212355885439,81.041666666666671,885.04166666666652,81.041666666666671,10.920822622107966,27,gate_not_ready,fitted,none,0,0,-0.31794363293925926,0,0.35252867407328381,0.35252867407328381,10.920822622107966,False,temperature_soc_condition_mean_trajectory,NAUMANN_CAL_T0_SOC50,1,False,13,False,True,hierarchical_v2_fallback,negative_loss_evidence_absent,retrospective_post_hoc;condition_mean_not_cell_level;specialist_not_activated;fallback_same_as_v2;long_horizon_from_short_prefix;temperature_outside_training_convex_hull,fallback_only_no_v3_evidence,exact_v2_fallback,Retain the V2 fallback and collect denser early condition-level data.,False,False,public retrospective condition-mean development only
v3_unseen_temperature_level,temperature_c=40,NAUMANN_CAL_T40_SOC0,8,0.38062016117921571,0.35975248058382242,96.450765189228321,95.969115531701163,-0.48164965752715716,True,0.18488535812374179,0.16615000689340215,95.984314286287145,-0.46645090294117608,0.38062016117921571,0.094016660894981077,40,0,True,True,7,-0.21036463202885611,81.041666666666671,885.04166666666652,81.041666666666671,10.920822622107966,27,none,fitted,none,0.19573480305547392,-1.0586820126906464,0.19573480305547392,-0.090868697228760717,0.48164965752715716,0.46645090294117608,10.920822622107966,False,temperature_soc_condition_mean_trajectory,NAUMANN_CAL_T40_SOC0,1,False,14,False,False,target_activation_specialist,none,retrospective_post_hoc;condition_mean_not_cell_level;primary_regression_vs_v2;gate_triggered_without_trajectory_gain;candidate_worse_at_final_checkup;long_horizon_from_short_prefix;ungated_specialist_would_regress,observed_relative_failure,relative_regression,Do not use the candidate; diagnose the specialist and retain V2.,False,False,public retrospective condition-mean development only
v3_unseen_temperature_level,temperature_c=40,NAUMANN_CAL_T40_SOC87.5,8,0.37639196428140875,0.36113900356165979,87.381149771030991,86.771343754283265,-0.60980601674772572,False,0.37639196428140875,0.36113900356165979,86.771343754283265,-0.60980601674772572,0.3495644706422657,0.37639196428140875,40,0.875,False,False,7,1.6000446252988638,81.041666666666671,885.04166666666652,81.041666666666671,10.920822622107966,27,gate_not_ready,fitted,none,0,0,-0.026827493639143052,0,0.60980601674772572,0.60980601674772572,10.920822622107966,False,temperature_soc_condition_mean_trajectory,NAUMANN_CAL_T40_SOC87.5,2,True,15,False,False,hierarchical_v2_fallback,negative_loss_evidence_absent,retrospective_post_hoc;condition_mean_not_cell_level;specialist_not_activated;fallback_same_as_v2;long_horizon_from_short_prefix;scenario_duplicate_not_independent_evidence,fallback_only_no_v3_evidence,exact_v2_fallback,Retain the V2 fallback and collect denser early condition-level data.,False,False,public retrospective condition-mean development only
v3_soc_interpolation_at_40c,40c_intermediate_soc_v3_activation_development,NAUMANN_CAL_T40_SOC87.5,8,0.37545943695060063,0.3602621044148635,87.381149771030991,86.772871175689389,-0.60827859534160211,False,0.37545943695060063,0.3602621044148635,86.772871175689389,-0.60827859534160211,0.3495644706422657,0.37545943695060063,40,0.875,False,False,7,1.6000446252988638,81.041666666666671,885.04166666666652,81.041666666666671,10.920822622107966,27,gate_not_ready,fitted,none,0,0,-0.025894966308334932,0,0.60827859534160211,0.60827859534160211,10.920822622107966,False,temperature_soc_condition_mean_trajectory,NAUMANN_CAL_T40_SOC87.5,2,True,4,False,False,hierarchical_v2_fallback,negative_loss_evidence_absent,retrospective_post_hoc;condition_mean_not_cell_level;specialist_not_activated;fallback_same_as_v2;long_horizon_from_short_prefix;scenario_duplicate_not_independent_evidence,fallback_only_no_v3_evidence,exact_v2_fallback,Retain the V2 fallback and collect denser early condition-level data.,False,False,public retrospective condition-mean development only
v3_unseen_temperature_level,temperature_c=40,NAUMANN_CAL_T40_SOC100,14,0.34779336957890694,0.27453189423458807,86.390020867730897,87.230366884228999,0.8403460164981027,False,0.34779336957890694,0.27453189423458807,87.230366884228999,0.8403460164981027,0.34639773140459651,0.34779336957890694,40,1,False,False,13,1.4221685948664202,239.71250000000001,885.04166666666652,239.71250000000001,3.6920964349654963,21,gate_not_ready,fitted,none,0,0,-0.0013956381743104318,0,0.8403460164981027,0.8403460164981027,3.6920964349654963,False,temperature_soc_condition_mean_trajectory,NAUMANN_CAL_T40_SOC100,1,False,6,False,False,hierarchical_v2_fallback,negative_loss_evidence_absent,retrospective_post_hoc;condition_mean_not_cell_level;specialist_not_activated;fallback_same_as_v2,fallback_only_no_v3_evidence,exact_v2_fallback,Retain the V2 fallback and collect denser early condition-level data.,False,False,public retrospective condition-mean development only
v3_unseen_temperature_level,temperature_c=40,NAUMANN_CAL_T40_SOC50,14,0.31095907269559847,0.28987410128359381,90.755118875206321,90.254153180258569,-0.50096569494775167,False,0.31095907269559847,0.28987410128359381,90.254153180258569,-0.50096569494775167,0.21853019417341732,0.31095907269559847,40,0.5,False,False,13,0.2398898831728217,239.71250000000001,885.04166666666652,239.71250000000001,3.6920964349654963,21,gate_not_ready,fitted,none,0,0,-0.092428878522181152,0,0.50096569494775167,0.50096569494775167,3.6920964349654963,False,temperature_soc_condition_mean_trajectory,NAUMANN_CAL_T40_SOC50,1,False,7,False,False,hierarchical_v2_fallback,negative_loss_evidence_absent,retrospective_post_hoc;condition_mean_not_cell_level;specialist_not_activated;fallback_same_as_v2,fallback_only_no_v3_evidence,exact_v2_fallback,Retain the V2 fallback and collect denser early condition-level data.,False,False,public retrospective condition-mean development only
v3_unseen_temperature_level,temperature_c=10,NAUMANN_CAL_T10_SOC50,5,0.26239262354110721,0.24450928569649288,96.961247700532525,96.636045621256173,-0.3252020792763517,False,0.26239262354110721,0.24450928569649288,96.636045621256173,-0.3252020792763517,0.1436062118216038,0.26239262354110721,10,0.5,False,False,4,0.2740902474090916,29.504583333333333,885.04166666666652,29.504583333333333,29.996751917075027,30,gate_not_ready,fitted,none,0,0,-0.11878641171950341,0,0.3252020792763517,0.3252020792763517,29.996751917075027,False,temperature_soc_condition_mean_trajectory,NAUMANN_CAL_T10_SOC50,1,False,16,False,False,hierarchical_v2_fallback,insufficient_positive_time_observations,retrospective_post_hoc;condition_mean_not_cell_level;specialist_not_activated;fallback_same_as_v2;long_horizon_from_short_prefix,fallback_only_no_v3_evidence,exact_v2_fallback,Retain the V2 fallback and collect denser early condition-level data.,False,False,public retrospective condition-mean development only
v3_unseen_temperature_level,temperature_c=40,NAUMANN_CAL_T40_SOC75,14,0.25885305155691296,0.22685931828577161,89.421395176595354,90.025149532622521,0.6037543560271672,False,0.25885305155691296,0.22685931828577161,90.025149532622521,0.6037543560271672,0.27164407067504132,0.25885305155691296,40,0.75,False,False,13,1.1821038542727678,239.71250000000001,885.04166666666652,239.71250000000001,3.6920964349654963,21,gate_not_ready,fitted,none,0,0,0.012791019118128355,0,0.6037543560271672,0.6037543560271672,3.6920964349654963,False,temperature_soc_condition_mean_trajectory,NAUMANN_CAL_T40_SOC75,1,False,8,False,False,hierarchical_v2_fallback,negative_loss_evidence_absent,retrospective_post_hoc;condition_mean_not_cell_level;specialist_not_activated;fallback_same_as_v2;ungated_specialist_would_regress,fallback_only_no_v3_evidence,exact_v2_fallback,Retain the V2 fallback and collect denser early condition-level data.,False,False,public retrospective condition-mean development only
v3_unseen_temperature_level,temperature_c=40,NAUMANN_CAL_T40_SOC0,14,0.21562311083043448,0.20056751125783837,96.450765189228321,96.958220088705559,0.50745489947723854,True,0.16734331769945954,0.14528391549740285,96.098048270354553,-0.35271691887376733,0.21562311083043448,0.37798077106227873,40,0,True,True,13,-0.21036463202885611,239.71250000000001,885.04166666666652,239.71250000000001,3.6920964349654963,21,none,fitted,none,0.048279793130974941,-0.28850744561956815,0.048279793130974941,0.21063745336281919,0.50745489947723854,0.35271691887376733,3.6920964349654963,False,temperature_soc_condition_mean_trajectory,NAUMANN_CAL_T40_SOC0,1,False,9,False,False,target_activation_specialist,none,retrospective_post_hoc;condition_mean_not_cell_level;primary_regression_vs_v2;gate_triggered_without_trajectory_gain;candidate_worse_at_final_checkup;ungated_specialist_would_regress;alternative_hierarchical_gate_regresses,observed_relative_failure,relative_regression,Do not use the candidate; diagnose the specialist and retain V2.,False,False,public retrospective condition-mean development only
v3_unseen_temperature_level,temperature_c=0,NAUMANN_CAL_T0_SOC50,14,0.15032139964271635,0.13996983006481536,97.235264460257468,97.806204546800245,0.57094008654277673,False,0.15032139964271635,0.13996983006481536,97.806204546800245,0.57094008654277673,0.24651865185578486,0.15032139964271635,0,0.5,False,False,13,0.15718212355885439,239.71250000000001,885.04166666666652,239.71250000000001,3.6920964349654963,21,gate_not_ready,fitted,none,0,0,0.096197252213068518,0,0.57094008654277673,0.57094008654277673,3.6920964349654963,False,temperature_soc_condition_mean_trajectory,NAUMANN_CAL_T0_SOC50,1,False,10,False,True,hierarchical_v2_fallback,negative_loss_evidence_absent,retrospective_post_hoc;condition_mean_not_cell_level;specialist_not_activated;fallback_same_as_v2;temperature_outside_training_convex_hull;ungated_specialist_would_regress,fallback_only_no_v3_evidence,exact_v2_fallback,Retain the V2 fallback and collect denser early condition-level data.,False,False,public retrospective condition-mean development only
v3_unseen_temperature_level,temperature_c=10,NAUMANN_CAL_T10_SOC50,8,0.14587227901570088,0.13944033382963783,96.961247700532525,96.834603794975081,-0.12664390555744376,False,0.14587227901570088,0.13944033382963783,96.834603794975081,-0.12664390555744376,0.18527628245614694,0.14587227901570088,10,0.5,False,False,7,0.2740902474090916,81.041666666666671,885.04166666666652,81.041666666666671,10.920822622107966,27,gate_not_ready,fitted,none,0,0,0.039404003440446062,0,0.12664390555744376,0.12664390555744376,10.920822622107966,False,temperature_soc_condition_mean_trajectory,NAUMANN_CAL_T10_SOC50,1,False,16,False,False,hierarchical_v2_fallback,negative_loss_evidence_absent,retrospective_post_hoc;condition_mean_not_cell_level;specialist_not_activated;fallback_same_as_v2;long_horizon_from_short_prefix;ungated_specialist_would_regress,fallback_only_no_v3_evidence,exact_v2_fallback,Retain the V2 fallback and collect denser early condition-level data.,False,False,public retrospective condition-mean development only
v3_unseen_temperature_level,temperature_c=25,NAUMANN_CAL_T25_SOC50,14,0.1328004035253319,0.12507678419361362,95.271963011453764,95.107663509616017,-0.16429950183774622,False,0.1328004035253319,0.12507678419361362,95.107663509616017,-0.16429950183774622,0.17038855228082556,0.1328004035253319,25,0.5,False,False,13,0.24557434168329451,239.71250000000001,885.04166666666652,239.71250000000001,3.6920964349654963,21,gate_not_ready,fitted,none,0,0,0.037588148755493656,0,0.16429950183774622,0.16429950183774622,3.6920964349654963,False,temperature_soc_condition_mean_trajectory,NAUMANN_CAL_T25_SOC50,1,False,11,False,False,hierarchical_v2_fallback,negative_loss_evidence_absent,retrospective_post_hoc;condition_mean_not_cell_level;specialist_not_activated;fallback_same_as_v2;ungated_specialist_would_regress,fallback_only_no_v3_evidence,exact_v2_fallback,Retain the V2 fallback and collect denser early condition-level data.,False,False,public retrospective condition-mean development only
v3_unseen_temperature_level,temperature_c=40,NAUMANN_CAL_T40_SOC75,8,0.12689430362882062,0.13272169415765708,89.421395176595354,89.569200202165959,0.14780502557060515,False,0.12689430362882062,0.13272169415765708,89.569200202165959,0.14780502557060515,0.12560037502665683,0.12689430362882062,40,0.75,False,False,7,1.1821038542727678,81.041666666666671,885.04166666666652,81.041666666666671,10.920822622107966,27,gate_not_ready,fitted,none,0,0,-0.0012939286021637908,0,0.14780502557060515,0.14780502557060515,10.920822622107966,False,temperature_soc_condition_mean_trajectory,NAUMANN_CAL_T40_SOC75,1,False,17,False,False,hierarchical_v2_fallback,negative_loss_evidence_absent,retrospective_post_hoc;condition_mean_not_cell_level;specialist_not_activated;fallback_same_as_v2;long_horizon_from_short_prefix,fallback_only_no_v3_evidence,exact_v2_fallback,Retain the V2 fallback and collect denser early condition-level data.,False,False,public retrospective condition-mean development only
v3_soc_interpolation_at_40c,40c_intermediate_soc_v3_activation_development,NAUMANN_CAL_T40_SOC87.5,14,0.12137410202829484,0.11149002478390457,87.381149771030991,87.515204378725272,0.13405460769428146,False,0.12137410202829484,0.11149002478390457,87.515204378725272,0.13405460769428146,0.12965972397352543,0.12137410202829484,40,0.875,False,False,13,1.6000446252988638,239.71250000000001,885.04166666666652,239.71250000000001,3.6920964349654963,21,gate_not_ready,fitted,none,0,0,0.0082856219452305951,0,0.13405460769428146,0.13405460769428146,3.6920964349654963,False,temperature_soc_condition_mean_trajectory,NAUMANN_CAL_T40_SOC87.5,2,True,2,False,False,hierarchical_v2_fallback,negative_loss_evidence_absent,retrospective_post_hoc;condition_mean_not_cell_level;specialist_not_activated;fallback_same_as_v2;scenario_duplicate_not_independent_evidence;ungated_specialist_would_regress,fallback_only_no_v3_evidence,exact_v2_fallback,Retain the V2 fallback and collect denser early condition-level data.,False,False,public retrospective condition-mean development only
v3_unseen_temperature_level,temperature_c=40,NAUMANN_CAL_T40_SOC87.5,14,0.11892512597522965,0.10924988487307578,87.381149771030991,87.511069982302104,0.12992021127111286,False,0.11892512597522965,0.10924988487307578,87.511069982302104,0.12992021127111286,0.12965972397352543,0.11892512597522965,40,0.875,False,False,13,1.6000446252988638,239.71250000000001,885.04166666666652,239.71250000000001,3.6920964349654963,21,gate_not_ready,fitted,none,0,0,0.010734597998295778,0,0.12992021127111286,0.12992021127111286,3.6920964349654963,False,temperature_soc_condition_mean_trajectory,NAUMANN_CAL_T40_SOC87.5,2,True,12,False,False,hierarchical_v2_fallback,negative_loss_evidence_absent,retrospective_post_hoc;condition_mean_not_cell_level;specialist_not_activated;fallback_same_as_v2;scenario_duplicate_not_independent_evidence;ungated_specialist_would_regress,fallback_only_no_v3_evidence,exact_v2_fallback,Retain the V2 fallback and collect denser early condition-level data.,False,False,public retrospective condition-mean development only
v3_unseen_temperature_level,temperature_c=10,NAUMANN_CAL_T10_SOC50,14,0.1114793235807901,0.10560846374371211,96.961247700532525,97.221713454115047,0.26046575358252255,False,0.1114793235807901,0.10560846374371211,97.221713454115047,0.26046575358252255,0.15002501792810385,0.1114793235807901,10,0.5,False,False,13,0.2740902474090916,239.71250000000001,885.04166666666652,239.71250000000001,3.6920964349654963,21,gate_not_ready,fitted,none,0,0,0.038545694347313753,0,0.26046575358252255,0.26046575358252255,3.6920964349654963,False,temperature_soc_condition_mean_trajectory,NAUMANN_CAL_T10_SOC50,1,False,13,False,False,hierarchical_v2_fallback,negative_loss_evidence_absent,retrospective_post_hoc;condition_mean_not_cell_level;specialist_not_activated;fallback_same_as_v2;ungated_specialist_would_regress,fallback_only_no_v3_evidence,exact_v2_fallback,Retain the V2 fallback and collect denser early condition-level data.,False,False,public retrospective condition-mean development only
v3_unseen_temperature_level,temperature_c=40,NAUMANN_CAL_T40_SOC62.5,14,0.091207344725555597,0.080875197286934236,90.289459200236124,90.518545686544257,0.22908648630813389,False,0.091207344725555597,0.080875197286934236,90.518545686544257,0.22908648630813389,0.24314805830118735,0.091207344725555597,40,0.625,False,False,13,0.59361047524483013,239.71250000000001,885.04166666666652,239.71250000000001,3.6920964349654963,21,gate_not_ready,fitted,none,0,0,0.15194071357563177,0,0.22908648630813389,0.22908648630813389,3.6920964349654963,False,temperature_soc_condition_mean_trajectory,NAUMANN_CAL_T40_SOC62.5,2,True,14,False,False,hierarchical_v2_fallback,negative_loss_evidence_absent,retrospective_post_hoc;condition_mean_not_cell_level;specialist_not_activated;fallback_same_as_v2;scenario_duplicate_not_independent_evidence;ungated_specialist_would_regress,fallback_only_no_v3_evidence,exact_v2_fallback,Retain the V2 fallback and collect denser early condition-level data.,False,False,public retrospective condition-mean development only
v3_unseen_temperature_level,temperature_c=25,NAUMANN_CAL_T25_SOC0,14,0.091092082428925539,0.089672804804132783,97.872716565331487,98.091132081022877,0.21841551569139028,True,0.10025480449260774,0.088922920976543876,97.677101143099009,-0.19561542223247841,0.091092082428925539,0.093289675681583209,25,0,True,True,13,-0.20067206229330731,239.71250000000001,885.04166666666652,239.71250000000001,3.6920964349654963,21,none,fitted,none,-0.0091627220636821965,0.091394343742975503,-0.0091627220636821965,-0.0069651288110245263,0.21841551569139028,0.19561542223247841,3.6920964349654963,False,temperature_soc_condition_mean_trajectory,NAUMANN_CAL_T25_SOC0,1,False,15,False,False,target_activation_specialist,none,retrospective_post_hoc;condition_mean_not_cell_level;retrospective_improvement_signal;candidate_worse_at_final_checkup,development_signal_requires_external_validation,retrospective_improvement,Freeze the rule and test an independent cell-level cohort before use.,False,False,public retrospective condition-mean development only
v3_soc_interpolation_at_40c,40c_intermediate_soc_v3_activation_development,NAUMANN_CAL_T40_SOC62.5,14,0.090640676459700878,0.080376070747092854,90.289459200236124,90.517396502734627,0.22793730249850341,False,0.090640676459700878,0.080376070747092854,90.517396502734627,0.22793730249850341,0.24314805830118735,0.090640676459700878,40,0.625,False,False,13,0.59361047524483013,239.71250000000001,885.04166666666652,239.71250000000001,3.6920964349654963,21,gate_not_ready,fitted,none,0,0,0.15250738184148649,0,0.22793730249850341,0.22793730249850341,3.6920964349654963,False,temperature_soc_condition_mean_trajectory,NAUMANN_CAL_T40_SOC62.5,2,True,3,False,False,hierarchical_v2_fallback,negative_loss_evidence_absent,retrospective_post_hoc;condition_mean_not_cell_level;specialist_not_activated;fallback_same_as_v2;scenario_duplicate_not_independent_evidence;ungated_specialist_would_regress,fallback_only_no_v3_evidence,exact_v2_fallback,Retain the V2 fallback and collect denser early condition-level data.,False,False,public retrospective condition-mean development only
v3_unseen_temperature_level,temperature_c=0,NAUMANN_CAL_T0_SOC50,5,0.074199107237403569,0.072160668038584674,97.235264460257468,97.535263143102867,0.29999868284539843,False,0.074199107237403569,0.072160668038584674,97.535263143102867,0.29999868284539843,0.089481714594519077,0.074199107237403569,0,0.5,False,False,4,0.15718212355885439,29.504583333333333,885.04166666666652,29.504583333333333,29.996751917075027,30,gate_not_ready,fitted,none,0,0,0.015282607357115507,0,0.29999868284539843,0.29999868284539843,29.996751917075027,False,temperature_soc_condition_mean_trajectory,NAUMANN_CAL_T0_SOC50,1,False,17,False,True,hierarchical_v2_fallback,insufficient_positive_time_observations,retrospective_post_hoc;condition_mean_not_cell_level;specialist_not_activated;fallback_same_as_v2;long_horizon_from_short_prefix;temperature_outside_training_convex_hull;ungated_specialist_would_regress,fallback_only_no_v3_evidence,exact_v2_fallback,Retain the V2 fallback and collect denser early condition-level data.,False,False,public retrospective condition-mean development only
v3_unseen_temperature_level,temperature_c=40,NAUMANN_CAL_T40_SOC25,14,0.04478533759471523,0.043352458687468787,92.05528336328554,92.191752111224247,0.13646874793870722,False,0.04478533759471523,0.043352458687468787,92.191752111224247,0.13646874793870722,0.38066267704470602,0.04478533759471523,40,0.25,False,False,13,0.28356383602312002,239.71250000000001,885.04166666666652,239.71250000000001,3.6920964349654963,21,gate_not_ready,fitted,none,0,0,0.33587733944999076,0,0.13646874793870722,0.13646874793870722,3.6920964349654963,False,temperature_soc_condition_mean_trajectory,NAUMANN_CAL_T40_SOC25,1,False,16,False,False,hierarchical_v2_fallback,negative_loss_evidence_absent,retrospective_post_hoc;condition_mean_not_cell_level;specialist_not_activated;fallback_same_as_v2;ungated_specialist_would_regress,fallback_only_no_v3_evidence,exact_v2_fallback,Retain the V2 fallback and collect denser early condition-level data.,False,False,public retrospective condition-mean development only
v3_soc_interpolation_at_40c,40c_intermediate_soc_v3_activation_development,NAUMANN_CAL_T40_SOC37.5,14,0.026319809410782213,0.028338512745680163,90.735839071610982,90.740460008833978,0.0046209372229952805,False,0.026319809410782213,0.028338512745680163,90.740460008833978,0.0046209372229952805,0.23079995214828314,0.026319809410782213,40,0.375,False,False,13,0.4276714502725838,239.71250000000001,885.04166666666652,239.71250000000001,3.6920964349654963,21,gate_not_ready,fitted,none,0,0,0.20448014273750093,0,0.0046209372229952805,0.0046209372229952805,3.6920964349654963,False,temperature_soc_condition_mean_trajectory,NAUMANN_CAL_T40_SOC37.5,2,True,4,False,False,hierarchical_v2_fallback,negative_loss_evidence_absent,retrospective_post_hoc;condition_mean_not_cell_level;specialist_not_activated;fallback_same_as_v2;scenario_duplicate_not_independent_evidence;ungated_specialist_would_regress,fallback_only_no_v3_evidence,exact_v2_fallback,Retain the V2 fallback and collect denser early condition-level data.,False,False,public retrospective condition-mean development only
v3_unseen_temperature_level,temperature_c=40,NAUMANN_CAL_T40_SOC37.5,14,0.024660348098570602,0.026793361878916466,90.735839071610982,90.749500660653027,0.013661589042044398,False,0.024660348098570602,0.026793361878916466,90.749500660653027,0.013661589042044398,0.23079995214828314,0.024660348098570602,40,0.375,False,False,13,0.4276714502725838,239.71250000000001,885.04166666666652,239.71250000000001,3.6920964349654963,21,gate_not_ready,fitted,none,0,0,0.20613960404971254,0,0.013661589042044398,0.013661589042044398,3.6920964349654963,False,temperature_soc_condition_mean_trajectory,NAUMANN_CAL_T40_SOC37.5,2,True,17,False,False,hierarchical_v2_fallback,negative_loss_evidence_absent,retrospective_post_hoc;condition_mean_not_cell_level;specialist_not_activated;fallback_same_as_v2;scenario_duplicate_not_independent_evidence;ungated_specialist_would_regress,fallback_only_no_v3_evidence,exact_v2_fallback,Retain the V2 fallback and collect denser early condition-level data.,False,False,public retrospective condition-mean development only
